银行代码,银行名称,SECURITY_CODE,SECURITY_NAME_ABBR,REPORT_DATE,REPORT_TYPE,总资产,发放贷款及垫款,吸收存款,归母净资产,股东权益合计
000001,平安银行,000001,平安银行,2026-03-31 00:00:00,一季报,6033962000000.0,3393535000000.0,3749682000000.0,544083000000.0,544083000000.0
000001,平安银行,000001,平安银行,2025-12-31 00:00:00,年报,5925777000000.0,3320386000000.0,3633569000000.0,551184000000.0,551184000000.0
000001,平安银行,000001,平安银行,2025-09-30 00:00:00,三季报,5766764000000.0,3344599000000.0,3608401000000.0,517930000000.0,517930000000.0
000001,平安银行,000001,平安银行,2025-06-30 00:00:00,中报,5874961000000.0,3332319000000.0,3751641000000.0,510062000000.0,510062000000.0
000001,平安银行,000001,平安银行,2025-03-31 00:00:00,一季报,5777858000000.0,3336265000000.0,3724299000000.0,506112000000.0,506112000000.0
000001,平安银行,000001,平安银行,2024-12-31 00:00:00,年报,5769270000000.0,3294053000000.0,3592313000000.0,494842000000.0,494842000000.0
000001,平安银行,000001,平安银行,2024-09-30 00:00:00,三季报,5745988000000.0,3303631000000.0,3592532000000.0,490469000000.0,490469000000.0
000001,平安银行,000001,平安银行,2024-06-30 00:00:00,中报,5754033000000.0,3328813000000.0,3624024000000.0,481869000000.0,481869000000.0
000001,平安银行,000001,平安银行,2024-03-31 00:00:00,一季报,5729398000000.0,3397645000000.0,3507075000000.0,485576000000.0,485576000000.0
000001,平安银行,000001,平安银行,2023-12-31 00:00:00,年报,5587116000000.0,3320110000000.0,3458287000000.0,472328000000.0,472328000000.0
000001,平安银行,000001,平安银行,2023-09-30 00:00:00,三季报,5516388000000.0,3338925000000.0,3503425000000.0,465860000000.0,465860000000.0
000001,平安银行,000001,平安银行,2023-06-30 00:00:00,中报,5500524000000.0,3350393000000.0,3425059000000.0,452073000000.0,452073000000.0
000001,平安银行,000001,平安银行,2023-03-31 00:00:00,一季报,5455897000000.0,3349098000000.0,3510585000000.0,446745000000.0,446745000000.0
000001,平安银行,000001,平安银行,2022-12-31 00:00:00,年报,5321514000000.0,3242258000000.0,3352266000000.0,434680000000.0,434680000000.0
000001,平安银行,000001,平安银行,2022-09-30 00:00:00,三季报,5195133000000.0,3214689000000.0,3283643000000.0,425384000000.0,425384000000.0
000001,平安银行,000001,平安银行,2022-06-30 00:00:00,中报,5108776000000.0,3143840000000.0,3277612000000.0,412098000000.0,412098000000.0
000001,平安银行,000001,平安银行,2022-03-31 00:00:00,一季报,5117949000000.0,3073982000000.0,3179933000000.0,406175000000.0,406175000000.0
000001,平安银行,000001,平安银行,2021-12-31 00:00:00,年报,4921380000000.0,2984753000000.0,2990518000000.0,395448000000.0,395448000000.0
000001,平安银行,000001,平安银行,2021-09-30 00:00:00,三季报,4853074000000.0,2903935000000.0,2951867000000.0,388858000000.0,388858000000.0
000001,平安银行,000001,平安银行,2021-06-30 00:00:00,中报,4723520000000.0,2803444000000.0,2893011000000.0,377193000000.0,377193000000.0
000001,平安银行,000001,平安银行,2021-03-31 00:00:00,一季报,4572974000000.0,2711981000000.0,2764635000000.0,372617000000.0,372617000000.0
000001,平安银行,000001,平安银行,2020-12-31 00:00:00,年报,4468514000000.0,2610841000000.0,2695935000000.0,364131000000.0,364131000000.0
000001,平安银行,000001,平安银行,2020-09-30 00:00:00,三季报,4346921000000.0,2518314000000.0,2573072000000.0,358771000000.0,358771000000.0
000001,平安银行,000001,平安银行,2020-06-30 00:00:00,中报,4178622000000.0,2427384000000.0,2509330000000.0,351397000000.0,351397000000.0
000001,平安银行,000001,平安银行,2020-03-31 00:00:00,一季报,4132298000000.0,2370567000000.0,2590095000000.0,352355000000.0,352355000000.0
000001,平安银行,000001,平安银行,2019-12-31 00:00:00,年报,3939070000000.0,2259349000000.0,2459768000000.0,312983000000.0,312983000000.0
000001,平安银行,000001,平安银行,2019-09-30 00:00:00,三季报,3707683000000.0,2089829000000.0,2313764000000.0,288073000000.0,288073000000.0
000001,平安银行,000001,平安银行,2019-06-30 00:00:00,中报,3590766000000.0,2024866000000.0,2367562000000.0,256603000000.0,256603000000.0
000001,平安银行,000001,平安银行,2019-03-31 00:00:00,一季报,3530180000000.0,1997321000000.0,2308782000000.0,250938000000.0,250938000000.0
000001,平安银行,000001,平安银行,2018-12-31 00:00:00,年报,3418592000000.0,1949757000000.0,2149142000000.0,240042000000.0,240042000000.0
000001,平安银行,000001,平安银行,2018-09-30 00:00:00,三季报,3352056000000.0,1867603000000.0,2134641000000.0,235231000000.0,235231000000.0
000001,平安银行,000001,平安银行,2018-06-30 00:00:00,中报,3367399000000.0,1794207000000.0,2079278000000.0,228141000000.0,228141000000.0
000001,平安银行,000001,平安银行,2018-03-31 00:00:00,一季报,3338572000000.0,1721100000000.0,2034494000000.0,223391000000.0,223391000000.0
000001,平安银行,000001,平安银行,2017-12-31 00:00:00,年报,3248474000000.0,1660420000000.0,2000420000000.0,222054000000.0,222054000000.0
000001,平安银行,000001,平安银行,2017-09-30 00:00:00,三季报,3137481000000.0,1603022000000.0,1911741000000.0,218111000000.0,218111000000.0
000001,平安银行,000001,平安银行,2017-06-30 00:00:00,中报,3092142000000.0,1549052000000.0,1912333000000.0,211454000000.0,211454000000.0
000001,平安银行,000001,平安银行,2017-03-31 00:00:00,一季报,3006195000000.0,1504184000000.0,1912082000000.0,207739000000.0,207739000000.0
000001,平安银行,000001,平安银行,2016-12-31 00:00:00,年报,2953434000000.0,1435869000000.0,1921835000000.0,202171000000.0,202171000000.0
000001,平安银行,000001,平安银行,2016-09-30 00:00:00,三季报,2791238000000.0,1393854000000.0,1912878000000.0,198228000000.0,198228000000.0
000001,平安银行,000001,平安银行,2016-06-30 00:00:00,中报,2800983000000.0,1323935000000.0,1898348000000.0,191700000000.0,191700000000.0
000001,平安银行,000001,平安银行,2016-03-31 00:00:00,一季报,2681155000000.0,1230985000000.0,1854365000000.0,187569000000.0,187569000000.0
000001,平安银行,000001,平安银行,2015-12-31 00:00:00,年报,2507149000000.0,1186872000000.0,1733921000000.0,161500000000.0,161500000000.0
000001,平安银行,000001,平安银行,2015-09-30 00:00:00,三季报,2599060000000.0,1182226000000.0,1723328000000.0,157136000000.0,157136000000.0
000001,平安银行,000001,平安银行,2015-06-30 00:00:00,中报,2570508000000.0,1159045000000.0,1655112000000.0,150880000000.0,150880000000.0
000001,平安银行,000001,平安银行,2015-03-31 00:00:00,一季报,2304775000000.0,1101313000000.0,1578437000000.0,136704000000.0,136704000000.0
000001,平安银行,000001,平安银行,2014-12-31 00:00:00,年报,2186459000000.0,1003637000000.0,1533183000000.0,130949000000.0,130949000000.0
000001,平安银行,000001,平安银行,2014-09-30 00:00:00,三季报,2144358000000.0,974160000000.0,1508179000000.0,126736000000.0,126736000000.0
000001,平安银行,000001,平安银行,2014-06-30 00:00:00,中报,2136475000000.0,921048000000.0,1508904000000.0,120940000000.0,120940000000.0
000001,平安银行,000001,平安银行,2014-03-31 00:00:00,一季报,2097102000000.0,874014000000.0,1382649000000.0,117300000000.0,117300000000.0
000001,平安银行,000001,平安银行,2013-12-31 00:00:00,年报,1891741000000.0,832127000000.0,1217002000000.0,112081000000.0,112081000000.0
000001,平安银行,000001,平安银行,2013-09-30 00:00:00,三季报,1855619000000.0,817697000000.0,1252366000000.0,94913000000.0,94913000000.0
000001,平安银行,000001,平安银行,2013-06-30 00:00:00,中报,1826998000000.0,772467000000.0,1175361000000.0,91542000000.0,91542000000.0
000001,平安银行,000001,平安银行,2013-03-31 00:00:00,一季报,1811249000000.0,741345000000.0,1064514000000.0,88759000000.0,88759000000.0
000001,平安银行,000001,平安银行,2012-12-31 00:00:00,年报,1606537000000.0,708262000000.0,1021108000000.0,84799000000.0,84799000000.0
000001,平安银行,000001,平安银行,2012-09-30 00:00:00,三季报,1477530744000.0,693238075000.0,935396853000.0,81725885000.0,81725885000.0
000001,平安银行,000001,平安银行,2012-06-30 00:00:00,中报,1490622851000.0,671075508000.0,949577975000.0,79822610000.0,79822610000.0
000001,平安银行,000001,平安银行,2012-03-31 00:00:00,一季报,1368005065000.0,640107120000.0,914809609000.0,76815293000.0,78957423000.0
000001,平安银行,000001,平安银行,2011-12-31 00:00:00,年报,1258176944000.0,610075336000.0,850845147000.0,73310837000.0,75380584000.0
000001,平安银行,000001,平安银行,2011-09-30 00:00:00,三季报,1207212499000.0,598716614000.0,832240721000.0,69707946000.0,71686264000.0
000001,平安银行,000001,平安银行,2011-06-30 00:00:00,中报,852057025000.0,440990979000.0,632496543000.0,38152395000.0,38152395000.0
000001,平安银行,000001,平安银行,2011-03-31 00:00:00,一季报,807563445000.0,415695758000.0,582716460000.0,35950071000.0,35950071000.0
000001,平安银行,000001,平安银行,2010-12-31 00:00:00,年报,727207076000.0,400966075000.0,562912342000.0,33197535000.0,33197535000.0
000001,平安银行,000001,平安银行,2010-09-30 00:00:00,三季报,675063878000.0,392620535000.0,536681813000.0,32144135000.0,32144135000.0
000001,平安银行,000001,平安银行,2010-06-30 00:00:00,中报,624398179000.0,368488474000.0,505988338000.0,30421108000.0,30421108000.0
000001,平安银行,000001,平安银行,2010-03-31 00:00:00,一季报,619927625000.0,367604322000.0,467614913000.0,22109826000.0,22109826000.0
000001,平安银行,000001,平安银行,2009-12-31 00:00:00,年报,587811034000.0,355562545000.0,454635208000.0,20469609000.0,20469609000.0
000001,平安银行,000001,平安银行,2009-09-30 00:00:00,三季报,554264684000.0,356899055000.0,423885887000.0,19088435000.0,19088435000.0
000001,平安银行,000001,平安银行,2009-06-30 00:00:00,中报,541225736000.0,339056885000.0,416571882000.0,17987392000.0,17987392000.0
000001,平安银行,000001,平安银行,2009-03-31 00:00:00,一季报,521879398000.0,316874677000.0,400659298000.0,17072129000.0,17072129000.0
000001,平安银行,000001,平安银行,2008-12-31 00:00:00,年报,474440173000.0,281714687000.0,360514036000.0,16400790000.0,16400790000.0
000001,平安银行,000001,平安银行,2008-09-30 00:00:00,三季报,441454398000.0,253076364000.0,348380322000.0,18374663000.0,18374663000.0
000001,平安银行,000001,平安银行,2008-06-30 00:00:00,中报,441823484000.0,240233252000.0,343139864000.0,16943299000.0,16943299000.0
000001,平安银行,000001,平安银行,2008-03-31 00:00:00,一季报,409473923000.0,227871378000.0,313513227000.0,14041383000.0,14041384000.0
000001,平安银行,000001,平安银行,2007-12-31 00:00:00,年报,352539361000.0,215011565000.0,281276981000.0,13006063000.0,13006063000.0
000001,平安银行,000001,平安银行,2007-09-30 00:00:00,三季报,340526939000.0,207227202000.0,287940740000.0,8363553000.0,8363553000.0
000001,平安银行,000001,平安银行,2007-06-30 00:00:00,中报,314056006000.0,200381323000.0,266465799000.0,7698478000.0,7698478000.0
000001,平安银行,000001,平安银行,2007-03-31 00:00:00,一季报,287658610892.0,185301992553.0,244376790380.0,7106094010.0,7106094008.0
000001,平安银行,000001,平安银行,2006-12-31 00:00:00,年报,260760692000.0,175244806000.0,232206328000.0,6597040000.0,6597040000.0
000001,平安银行,000001,平安银行,2006-09-30 00:00:00,三季报,246230277253.0,,220014145793.0,6053954536.0,6053954537.0
000001,平安银行,000001,平安银行,2006-06-30 00:00:00,中报,242823882811.0,,211715552023.0,5592040342.0,5592040342.0
000001,平安银行,000001,平安银行,2006-03-31 00:00:00,一季报,239557574598.0,,,5264133013.0,5264133013.0
000001,平安银行,000001,平安银行,2005-12-31 00:00:00,年报,222324686641.0,149615432342.0,201815801002.0,5054410625.0,5054410625.0
000001,平安银行,000001,平安银行,2005-09-30 00:00:00,三季报,220515943932.0,,,5014966149.0,5014966149.0
000001,平安银行,000001,平安银行,2005-06-30 00:00:00,中报,210505618590.0,,,4892149080.0,4892149080.0
000001,平安银行,000001,平安银行,2005-03-31 00:00:00,一季报,201203989573.0,,,4838788700.0,4838788700.0
000001,平安银行,000001,平安银行,2004-12-31 00:00:00,年报,204442759083.0,-5111559816.0,0.0,4734314280.0,4734314280.0
000001,平安银行,000001,平安银行,2004-09-30 00:00:00,三季报,198848195536.0,,,4372121649.0,4372121649.0
000001,平安银行,000001,平安银行,2004-06-30 00:00:00,中报,203194443633.0,,,4250804278.0,4250804278.0
000001,平安银行,000001,平安银行,2004-03-31 00:00:00,一季报,212497344756.0,,,4178708817.0,4178708817.0
000001,平安银行,000001,平安银行,2003-12-31 00:00:00,年报,193453415330.0,128665377835.0,142123802295.0,4394888985.0,4394888985.0
000001,平安银行,000001,平安银行,2003-09-30 00:00:00,三季报,193396291485.0,,,3981889459.0,3981889459.0
000001,平安银行,000001,平安银行,2003-06-30 00:00:00,中报,175454830857.0,,,4330235877.0,4330235877.0
000001,平安银行,000001,平安银行,2003-03-31 00:00:00,一季报,162467419571.0,,,3921232089.0,3921232089.0
000001,平安银行,000001,平安银行,2002-12-31 00:00:00,年报,166166379400.0,109369704303.0,114859106078.0,3940414628.0,3940414628.0
000001,平安银行,000001,平安银行,2002-09-30 00:00:00,三季报,160021970844.0,,,4058193609.0,4058193609.0
000001,平安银行,000001,平安银行,2002-06-30 00:00:00,中报,134689020270.0,,,3941855987.0,3941855987.0
000001,平安银行,000001,平安银行,2002-03-31 00:00:00,一季报,110688552564.0,,,3811916150.0,3811916150.0
000001,平安银行,000001,平安银行,2001-12-31 00:00:00,年报,120126983351.0,67538394050.0,88313608960.0,3627668792.0,3627668792.0
000001,平安银行,000001,平安银行,2001-06-30 00:00:00,中报,85181426762.0,,,4961824149.0,4961824149.0
000001,平安银行,000001,平安银行,2000-12-31 00:00:00,年报,66006167607.0,36701775609.0,52911590037.0,3517551493.0,3517551493.0
000001,平安银行,000001,平安银行,2000-06-30 00:00:00,中报,49732336516.0,,,3078512556.0,3078512556.0
000001,平安银行,000001,平安银行,1999-12-31 00:00:00,年报,43912394151.0,26082085819.0,37384362063.0,1141603885.0,1141603885.0
000001,平安银行,000001,平安银行,1999-06-30 00:00:00,中报,38712112999.23,,,3917549280.51,3917549280.51
000001,平安银行,000001,平安银行,1998-12-31 00:00:00,年报,39008042523.0,23547307247.24,31674226426.76,3276647908.0,3276362855.0
000001,平安银行,000001,平安银行,1998-06-30 00:00:00,中报,34873372270.75,,,3772270982.4,3776974030.72
000001,平安银行,000001,平安银行,1997-12-31 00:00:00,年报,31798628744.88,18846089688.9,25440614664.8,3395870449.17,3400681744.33
000001,平安银行,000001,平安银行,1997-06-30 00:00:00,中报,30531933737.43,,,2977659522.68,2982467398.68
000001,平安银行,000001,平安银行,1996-12-31 00:00:00,年报,30022029657.86,15103874305.37,23360055465.88,2534787341.17,2539686884.06
000001,平安银行,000001,平安银行,1996-06-30 00:00:00,中报,24296768854.88,,,2319920282.65,2324894800.51
000001,平安银行,000001,平安银行,1995-12-31 00:00:00,年报,20312475561.43,11418172757.31,15813625142.71,1955461010.65,1960538933.2
000001,平安银行,000001,平安银行,1995-06-30 00:00:00,中报,17439930383.54,,,1864101587.32,1868326338.06
000001,平安银行,000001,平安银行,1994-12-31 00:00:00,年报,15488411982.54,8540524240.38,12009226896.36,1655608205.28,1659832956.02
000001,平安银行,000001,平安银行,1994-06-30 00:00:00,中报,12465953844.08,,,1512913477.29,1512913477.29
000001,平安银行,000001,平安银行,1993-12-31 00:00:00,年报,9323224448.89,,,1204580000.0,1208804750.74
000001,平安银行,000001,平安银行,1992-12-31 00:00:00,年报,7522847373.55,,,545662197.55,545662197.55
000001,平安银行,000001,平安银行,1991-12-31 00:00:00,年报,4354460000.0,,,577960000.0,577960000.0
000001,平安银行,000001,平安银行,1990-12-31 00:00:00,年报,2919190000.0,,,236510000.0,236510000.0
000001,平安银行,000001,平安银行,1989-12-31 00:00:00,年报,1681660000.0,,,144060000.0,144060000.0
001227,兰州银行,001227,兰州银行,2026-03-31 00:00:00,一季报,540169799438.42,264911126870.3,382112358952.98,35779532267.19,36188442704.56
001227,兰州银行,001227,兰州银行,2025-12-31 00:00:00,年报,530015338413.34,255000960678.95,376271397062.15,35404844937.52,35797597185.25
001227,兰州银行,001227,兰州银行,2025-09-30 00:00:00,三季报,523359692642.93,260470621518.67,378251117156.26,40428891646.77,40816795374.17
001227,兰州银行,001227,兰州银行,2025-06-30 00:00:00,中报,509742302364.25,257381839150.15,373312199523.98,35648003433.97,36020862243.04
001227,兰州银行,001227,兰州银行,2025-03-31 00:00:00,一季报,492691864252.91,262989747529.44,365231179158.71,35080618463.52,35443515782.98
001227,兰州银行,001227,兰州银行,2024-12-31 00:00:00,年报,486284927469.21,245368982380.98,356168170218.46,35540000013.66,35889411307.09
001227,兰州银行,001227,兰州银行,2024-09-30 00:00:00,三季报,480978546672.21,247825294084.62,360225033325.8,34368906132.53,34702417283.49
001227,兰州银行,001227,兰州银行,2024-06-30 00:00:00,中报,470693859428.16,245969111150.02,351626924398.35,33989885643.84,34342167590.64
001227,兰州银行,001227,兰州银行,2024-03-31 00:00:00,一季报,462822780175.32,248127268407.45,342486938445.09,33862876252.35,34202171309.76
001227,兰州银行,001227,兰州银行,2023-12-31 00:00:00,年报,453410501316.53,238067756336.3,337347289688.15,32956632230.29,33281602549.19
001227,兰州银行,001227,兰州银行,2023-09-30 00:00:00,三季报,458797985999.2,237890042972.86,340935392715.55,32629335785.87,32948213298.76
001227,兰州银行,001227,兰州银行,2023-06-30 00:00:00,中报,461504152811.54,237213000063.12,337929756871.14,32136255237.68,32471858240.53
001227,兰州银行,001227,兰州银行,2023-03-31 00:00:00,一季报,462288590882.98,229894776936.42,332744626631.59,32144610264.44,32464981518.63
001227,兰州银行,001227,兰州银行,2022-12-31 00:00:00,年报,435943092140.32,220131223933.25,323069780730.59,31608010132.52,31914115112.55
001227,兰州银行,001227,兰州银行,2022-09-30 00:00:00,三季报,437117932153.5,219454635428.41,324014656614.55,31677428372.72,31977673727.42
001227,兰州银行,001227,兰州银行,2022-06-30 00:00:00,中报,433070903037.09,212661429976.77,322638870362.08,30894503182.68,31210042461.16
001227,兰州银行,001227,兰州银行,2022-03-31 00:00:00,一季报,412741559125.95,209179907169.56,315309406211.08,31107643543.88,31419341275.89
001227,兰州银行,001227,兰州银行,2021-12-31 00:00:00,年报,400340570928.93,210116105695.5,305654960111.1,28711660601.71,29008160219.35
001227,兰州银行,001227,兰州银行,2021-09-30 00:00:00,三季报,400700925850.69,208608515279.93,310345835248.6,28457037911.63,28756045985.85
001227,兰州银行,001227,兰州银行,2021-06-30 00:00:00,中报,396269385301.7,208175539856.22,299246935276.61,27711706142.35,28014275679.76
001227,兰州银行,001227,兰州银行,2021-03-31 00:00:00,一季报,373667562284.81,198781463690.34,295077682463.56,27785952372.37,27785952372.37
001227,兰州银行,001227,兰州银行,2020-12-31 00:00:00,年报,362319221720.36,189014790770.08,286362601740.92,27152247382.0,27431959240.93
001227,兰州银行,001227,兰州银行,2020-09-30 00:00:00,三季报,361084528014.66,185119576551.81,288085487390.45,21802708144.93,21802708144.93
001227,兰州银行,001227,兰州银行,2020-06-30 00:00:00,中报,358275678698.06,183394844965.49,287312419356.95,21940605589.9,22212741078.1
001227,兰州银行,001227,兰州银行,2020-03-31 00:00:00,一季报,342389169841.47,177014480321.04,280980359029.37,23816592175.67,23816592175.67
001227,兰州银行,001227,兰州银行,2019-12-31 00:00:00,年报,336682707223.0,170359952490.46,271014118789.01,21462684265.87,21718578830.83
001227,兰州银行,001227,兰州银行,2019-09-30 00:00:00,三季报,325499174859.48,168267114389.18,272389942330.74,21804449892.71,21804449892.71
001227,兰州银行,001227,兰州银行,2019-06-30 00:00:00,中报,319692004071.69,166710389613.49,265567501829.7,21338521834.79,21596299651.2
001227,兰州银行,001227,兰州银行,2019-03-31 00:00:00,一季报,312700098167.16,166042634920.23,253613273427.84,21624057171.18,21624057171.18
001227,兰州银行,001227,兰州银行,2018-12-31 00:00:00,年报,303902130241.53,158604688645.02,238216222292.67,21014080402.05,21250349205.44
001227,兰州银行,001227,兰州银行,2018-09-30 00:00:00,三季报,286335856881.59,154903300896.98,238274212996.75,20635922734.03,20635922734.03
001227,兰州银行,001227,兰州银行,2018-06-30 00:00:00,中报,268019862784.58,152560637156.05,228416032379.58,19736575931.62,19960904071.39
001227,兰州银行,001227,兰州银行,2018-03-31 00:00:00,一季报,270076607331.1,144484858700.62,218700505043.55,19255940541.04,19255940541.04
001227,兰州银行,001227,兰州银行,2017-12-31 00:00:00,年报,270827472872.82,136430914247.84,225174433904.53,18615671011.97,18833512202.47
001227,兰州银行,001227,兰州银行,2017-09-30 00:00:00,三季报,266506589019.94,130779394359.58,217015165778.58,17914232467.56,17914232467.56
001227,兰州银行,001227,兰州银行,2017-06-30 00:00:00,中报,266928189853.69,132169750257.81,214160927166.82,17728925299.42,17938653561.93
001227,兰州银行,001227,兰州银行,2017-03-31 00:00:00,一季报,257063296462.68,118503399649.16,210708688756.56,16174174047.88,16174174047.88
001227,兰州银行,001227,兰州银行,2016-12-31 00:00:00,年报,257363698485.23,120758124649.16,211093178940.89,16252408739.56,16453336410.78
001227,兰州银行,001227,兰州银行,2016-09-30 00:00:00,三季报,248354286058.23,113597877244.21,203535617667.52,15967176332.99,15967176332.99
001227,兰州银行,001227,兰州银行,2016-06-30 00:00:00,中报,247060747638.64,113976670436.79,202930114834.46,15191327588.86,15191327588.86
001227,兰州银行,001227,兰州银行,2015-12-31 00:00:00,年报,205573927276.77,104556184404.59,176398726553.31,14258130646.88,14258130646.88
001227,兰州银行,001227,兰州银行,2014-12-31 00:00:00,年报,155163385909.47,84268765954.19,132501782268.3,9417738672.57,9417738672.57
001227,兰州银行,001227,兰州银行,2013-12-31 00:00:00,年报,125579019189.56,64458139382.57,101898290267.58,8193398927.34,8193398927.34
001227,兰州银行,001227,兰州银行,2012-12-31 00:00:00,年报,94752823102.31,48885690904.07,75021799502.47,4446530530.24,4446530530.24
001227,兰州银行,001227,兰州银行,2011-12-31 00:00:00,年报,75409510389.63,38129319774.6,58637996761.22,4200766658.57,4241402061.12
001227,兰州银行,001227,兰州银行,2010-12-31 00:00:00,年报,58828458032.05,30011755701.14,50812086380.31,3549706115.82,3561190225.7
001227,兰州银行,001227,兰州银行,2009-12-31 00:00:00,年报,44029294880.08,24143684317.54,36251805501.28,2499601260.87,2499601260.87
001227,兰州银行,001227,兰州银行,2008-12-31 00:00:00,年报,33804492375.13,,,1633710902.88,
001227,兰州银行,001227,兰州银行,2007-12-31 00:00:00,年报,29326666306.34,,,1366412473.39,
001227,兰州银行,001227,兰州银行,2002-12-31 00:00:00,年报,9453906130.16,,,54918444.9,
001227,兰州银行,001227,兰州银行,2000-12-31 00:00:00,年报,6902695669.25,,,184652399.49,
002142,宁波银行,002142,宁波银行,2026-03-31 00:00:00,一季报,3859225000000.0,1850432000000.0,2276163000000.0,257318000000.0,258712000000.0
002142,宁波银行,002142,宁波银行,2025-12-31 00:00:00,年报,3628671000000.0,1690117000000.0,2058755000000.0,247324000000.0,248629000000.0
002142,宁波银行,002142,宁波银行,2025-09-30 00:00:00,三季报,3578396000000.0,1673011000000.0,2081237000000.0,252689000000.0,253931000000.0
002142,宁波银行,002142,宁波银行,2025-06-30 00:00:00,中报,3470332000000.0,1630847000000.0,2111558000000.0,244789000000.0,245964000000.0
002142,宁波银行,002142,宁波银行,2025-03-31 00:00:00,一季报,3396035000000.0,1599291000000.0,2217011000000.0,234978000000.0,236125000000.0
002142,宁波银行,002142,宁波银行,2024-12-31 00:00:00,年报,3125232000000.0,1437254000000.0,1869624000000.0,233151000000.0,234260000000.0
002142,宁波银行,002142,宁波银行,2024-09-30 00:00:00,三季报,3067666000000.0,1415877000000.0,1894727000000.0,222181000000.0,223260000000.0
002142,宁波银行,002142,宁波银行,2024-06-30 00:00:00,中报,3033744000000.0,1369265000000.0,1869717000000.0,218770000000.0,219828000000.0
002142,宁波银行,002142,宁波银行,2024-03-31 00:00:00,一季报,2888206000000.0,1322686000000.0,1843947000000.0,210175000000.0,211210000000.0
002142,宁波银行,002142,宁波银行,2023-12-31 00:00:00,年报,2711662000000.0,1213753000000.0,1588536000000.0,201195000000.0,202210000000.0
002142,宁波银行,002142,宁波银行,2023-09-30 00:00:00,三季报,2670228000000.0,1177060000000.0,1604597000000.0,195276000000.0,196287000000.0
002142,宁波银行,002142,宁波银行,2023-06-30 00:00:00,中报,2600260000000.0,1129881000000.0,1568417000000.0,182607000000.0,183603000000.0
002142,宁波银行,002142,宁波银行,2023-03-31 00:00:00,一季报,2525795000000.0,1059807000000.0,1600242000000.0,174367000000.0,175288000000.0
002142,宁波银行,002142,宁波银行,2022-12-31 00:00:00,年报,2366097000000.0,1010817000000.0,1310305000000.0,167626000000.0,168526000000.0
002142,宁波银行,002142,宁波银行,2022-09-30 00:00:00,三季报,2315680000000.0,987285000000.0,1264234000000.0,164962000000.0,165836000000.0
002142,宁波银行,002142,宁波银行,2022-06-30 00:00:00,中报,2239708000000.0,954594000000.0,1261163000000.0,161143000000.0,162072000000.0
002142,宁波银行,002142,宁波银行,2022-03-31 00:00:00,一季报,2219192000000.0,896730000000.0,1308739000000.0,155326000000.0,155900000000.0
002142,宁波银行,002142,宁波银行,2021-12-31 00:00:00,年报,2015548000000.0,832443000000.0,1062328000000.0,149359000000.0,149935000000.0
002142,宁波银行,002142,宁波银行,2021-09-30 00:00:00,三季报,1907676000000.0,806555000000.0,1056774000000.0,132425000000.0,132976000000.0
002142,宁波银行,002142,宁波银行,2021-06-30 00:00:00,中报,1833721000000.0,767425000000.0,1052053000000.0,128862000000.0,129415000000.0
002142,宁波银行,002142,宁波银行,2021-03-31 00:00:00,一季报,1722723000000.0,710431000000.0,1044761000000.0,123229000000.0,123746000000.0
002142,宁波银行,002142,宁波银行,2020-12-31 00:00:00,年报,1626749000000.0,663447000000.0,933164000000.0,118480000000.0,118993000000.0
002142,宁波银行,002142,宁波银行,2020-09-30 00:00:00,三季报,1541826986000.0,631907697000.0,935096160000.0,115294119000.0,115813657000.0
002142,宁波银行,002142,宁波银行,2020-06-30 00:00:00,中报,1510470401000.0,604860149000.0,930608852000.0,116897718000.0,117376074000.0
002142,宁波银行,002142,宁波银行,2020-03-31 00:00:00,一季报,1438948115000.0,564161159000.0,938012977000.0,105975610000.0,106416749000.0
002142,宁波银行,002142,宁波银行,2019-12-31 00:00:00,年报,1317717000000.0,510039000000.0,779224000000.0,100309000000.0,100736000000.0
002142,宁波银行,002142,宁波银行,2019-09-30 00:00:00,三季报,1239718511000.0,482329907000.0,785332317000.0,97367656000.0,97782661000.0
002142,宁波银行,002142,宁波银行,2019-06-30 00:00:00,中报,1205496327000.0,453285006000.0,766624543000.0,91523297000.0,91920283000.0
002142,宁波银行,002142,宁波银行,2019-03-31 00:00:00,一季报,1160997363000.0,428572824000.0,754805189000.0,86219819000.0,86602511000.0
002142,宁波银行,002142,宁波银行,2018-12-31 00:00:00,年报,1116423355000.0,411591615000.0,646721375000.0,80879211000.0,81229868000.0
002142,宁波银行,002142,宁波银行,2018-09-30 00:00:00,三季报,1086163039000.0,387040544000.0,645002020000.0,67599610000.0,67942644000.0
002142,宁波银行,002142,宁波银行,2018-06-30 00:00:00,中报,1076418193000.0,363980442000.0,637863948000.0,64294254000.0,64629606000.0
002142,宁波银行,002142,宁波银行,2018-03-31 00:00:00,一季报,1068649396000.0,345558577000.0,633404803000.0,60410829000.0,60736511000.0
002142,宁波银行,002142,宁波银行,2017-12-31 00:00:00,年报,1032042442000.0,332199308000.0,565253904000.0,57089245000.0,57205972000.0
002142,宁波银行,002142,宁波银行,2017-09-30 00:00:00,三季报,953064434000.0,320177657000.0,554750413000.0,53925816000.0,54036498000.0
002142,宁波银行,002142,宁波银行,2017-06-30 00:00:00,中报,938528522000.0,313920230000.0,555112125000.0,53277953000.0,53381588000.0
002142,宁波银行,002142,宁波银行,2017-03-31 00:00:00,一季报,919582710000.0,303051504000.0,541084882000.0,51610937000.0,51708596000.0
002142,宁波银行,002142,宁波银行,2016-12-31 00:00:00,年报,885020411000.0,292788341000.0,511404984000.0,50278002000.0,50386113000.0
002142,宁波银行,002142,宁波银行,2016-09-30 00:00:00,三季报,837689314000.0,283308791000.0,488772627000.0,50259081000.0,50365171000.0
002142,宁波银行,002142,宁波银行,2016-06-30 00:00:00,中报,833692976000.0,273631020000.0,482474167000.0,49060008000.0,49162404000.0
002142,宁波银行,002142,宁波银行,2016-03-31 00:00:00,一季报,814209863000.0,265082548000.0,450822647000.0,47232684000.0,47333104000.0
002142,宁波银行,002142,宁波银行,2015-12-31 00:00:00,年报,716464653000.0,248399105000.0,371373450000.0,45001448000.0,45097319000.0
002142,宁波银行,002142,宁波银行,2015-09-30 00:00:00,三季报,658504582000.0,235464256000.0,359305941000.0,38385621000.0,38482208000.0
002142,宁波银行,002142,宁波银行,2015-06-30 00:00:00,中报,657312585000.0,225900197000.0,358182928000.0,38015346000.0,38104177000.0
002142,宁波银行,002142,宁波银行,2015-03-31 00:00:00,一季报,608484255000.0,215006232000.0,349590996000.0,35868070000.0,35949627000.0
002142,宁波银行,002142,宁波银行,2014-12-31 00:00:00,年报,554112618000.0,204749878000.0,306531829000.0,34091097000.0,34164212000.0
002142,宁波银行,002142,宁波银行,2014-09-30 00:00:00,三季报,537920245000.0,196638182000.0,307059594000.0,32661567000.0,32730686000.0
002142,宁波银行,002142,宁波银行,2014-06-30 00:00:00,中报,524228902000.0,186809612000.0,305883962000.0,29205505000.0,29220814000.0
002142,宁波银行,002142,宁波银行,2014-03-31 00:00:00,一季报,531748357000.0,180149360000.0,280882983000.0,27343001000.0,27357863000.0
002142,宁波银行,002142,宁波银行,2013-12-31 00:00:00,年报,462188029000.0,167302170000.0,255278327000.0,25506693000.0,25521888000.0
002142,宁波银行,002142,宁波银行,2013-09-30 00:00:00,三季报,452449790000.0,160589013000.0,250661674000.0,25025010000.0,25025010000.0
002142,宁波银行,002142,宁波银行,2013-06-30 00:00:00,中报,443949599000.0,155442506000.0,254689754000.0,24668357000.0,24668357000.0
002142,宁波银行,002142,宁波银行,2013-03-31 00:00:00,一季报,421619298000.0,151085439000.0,244267093000.0,23378046000.0,23378044000.0
002142,宁波银行,002142,宁波银行,2012-12-31 00:00:00,年报,372697346000.0,142564629000.0,207577270000.0,22116960000.0,22116960000.0
002142,宁波银行,002142,宁波银行,2012-09-30 00:00:00,三季报,338913111000.0,137327450000.0,211425060000.0,21407481000.0,21407481000.0
002142,宁波银行,002142,宁波银行,2012-06-30 00:00:00,中报,277643420000.0,133941353000.0,204461804000.0,20371109000.0,20371109000.0
002142,宁波银行,002142,宁波银行,2012-03-31 00:00:00,一季报,265556642000.0,128192192000.0,189390011000.0,19725233000.0,19725233000.0
002142,宁波银行,002142,宁波银行,2011-12-31 00:00:00,年报,260497637000.0,120741933000.0,176736656000.0,18714067000.0,18714067000.0
002142,宁波银行,002142,宁波银行,2011-09-30 00:00:00,三季报,233278774000.0,115258554000.0,170958577000.0,17840729000.0,17840729000.0
002142,宁波银行,002142,宁波银行,2011-06-30 00:00:00,中报,262446279000.0,112086429000.0,172723709000.0,16940409000.0,16940409000.0
002142,宁波银行,002142,宁波银行,2011-03-31 00:00:00,一季报,271373390000.0,105878717000.0,153844414000.0,16694860000.0,16694860000.0
002142,宁波银行,002142,宁波银行,2010-12-31 00:00:00,年报,263274332000.0,100194454000.0,145827979000.0,15876639000.0,15876639000.0
002142,宁波银行,002142,宁波银行,2010-09-30 00:00:00,三季报,234968450000.0,95715276000.0,138504996000.0,11142468000.0,11142469000.0
002142,宁波银行,002142,宁波银行,2010-06-30 00:00:00,中报,209761211000.0,92416552000.0,128374820000.0,10536178000.0,10536178000.0
002142,宁波银行,002142,宁波银行,2010-03-31 00:00:00,一季报,182476263000.0,86393368000.0,116250554000.0,10257235000.0,10257235000.0
002142,宁波银行,002142,宁波银行,2009-12-31 00:00:00,年报,163351866000.0,80767830000.0,110752461000.0,9741983000.0,9741983000.0
002142,宁波银行,002142,宁波银行,2009-09-30 00:00:00,三季报,144466981441.09,78589706600.57,104812074974.19,9388732926.46,9388732926.46
002142,宁波银行,002142,宁波银行,2009-06-30 00:00:00,中报,129878309374.41,63376132996.72,97027528971.04,9008131724.26,9008131724.26
002142,宁波银行,002142,宁波银行,2009-03-31 00:00:00,一季报,118851889106.04,52931523666.8,85199138896.9,9132860763.83,9132860763.83
002142,宁波银行,002142,宁波银行,2008-12-31 00:00:00,年报,103263191000.0,48466378000.0,76221740000.0,8805004000.0,8805004000.0
002142,宁波银行,002142,宁波银行,2008-09-30 00:00:00,三季报,101332980841.97,46261370676.51,71739015423.57,8600917223.97,8600917223.97
002142,宁波银行,002142,宁波银行,2008-06-30 00:00:00,中报,88298998727.46,43312896340.19,64216841831.62,8205339478.85,8205339478.85
002142,宁波银行,002142,宁波银行,2008-03-31 00:00:00,一季报,82582093163.08,40130566669.07,58744828883.03,8323154096.6,8323154096.6
002142,宁波银行,002142,宁波银行,2007-12-31 00:00:00,年报,75510771068.56,36034180016.59,55514044344.29,8022317047.24,8022317047.24
002142,宁波银行,002142,宁波银行,2007-09-30 00:00:00,三季报,73411468130.16,35332740799.82,52517294406.37,7655463048.75,7655463048.75
002142,宁波银行,002142,宁波银行,2007-06-30 00:00:00,中报,66919310805.45,33180345357.54,51476782981.57,3373414553.61,3373414553.61
002142,宁波银行,002142,宁波银行,2006-12-31 00:00:00,年报,56546232890.72,27762605778.96,46191396397.45,3196183697.8,3196183697.8
002142,宁波银行,002142,宁波银行,2005-12-31 00:00:00,年报,42429347763.43,19284906991.09,37521241963.12,2187172066.85,2187172066.85
002142,宁波银行,002142,宁波银行,2004-12-31 00:00:00,年报,34238003554.37,16961068080.13,29755055415.08,1743628608.77,1743628608.77
002807,江阴银行,002807,江阴银行,2026-03-31 00:00:00,一季报,222362900000.0,137401168000.0,177209123000.0,19957928000.0,20093642000.0
002807,江阴银行,002807,江阴银行,2025-12-31 00:00:00,年报,219300373000.0,130203929000.0,170317401000.0,19596111000.0,19832545000.0
002807,江阴银行,002807,江阴银行,2025-09-30 00:00:00,三季报,208042353000.0,127925592000.0,167942282000.0,19149094000.0,19391460000.0
002807,江阴银行,002807,江阴银行,2025-06-30 00:00:00,中报,207577330000.0,127431877000.0,164827682000.0,18954476000.0,19201904000.0
002807,江阴银行,002807,江阴银行,2025-03-31 00:00:00,一季报,207058078000.0,125948728000.0,164356978000.0,18870525000.0,19134486000.0
002807,江阴银行,002807,江阴银行,2024-12-31 00:00:00,年报,200232115000.0,120434790000.0,154991816000.0,18589690000.0,18858756000.0
002807,江阴银行,002807,江阴银行,2024-09-30 00:00:00,三季报,186625512000.0,116850509000.0,149723605000.0,17618330000.0,17902186000.0
002807,江阴银行,002807,江阴银行,2024-06-30 00:00:00,中报,186747128000.0,117829634000.0,150562860000.0,17249073000.0,17536437000.0
002807,江阴银行,002807,江阴银行,2024-03-31 00:00:00,一季报,186311006000.0,116211162000.0,149921759000.0,17305621000.0,17592707000.0
002807,江阴银行,002807,江阴银行,2023-12-31 00:00:00,年报,186029579000.0,111045270000.0,142367607000.0,15790674000.0,16075963000.0
002807,江阴银行,002807,江阴银行,2023-09-30 00:00:00,三季报,175584140000.0,109529201000.0,140965213000.0,14966480000.0,15178777000.0
002807,江阴银行,002807,江阴银行,2023-06-30 00:00:00,中报,175970428000.0,106791718000.0,140303186000.0,14609512000.0,14821297000.0
002807,江阴银行,002807,江阴银行,2023-03-31 00:00:00,一季报,176198493000.0,103586788000.0,135989184000.0,14607686000.0,14748577000.0
002807,江阴银行,002807,江阴银行,2022-12-31 00:00:00,年报,168751396000.0,98711057000.0,129834790000.0,14274964000.0,14415527000.0
002807,江阴银行,002807,江阴银行,2022-09-30 00:00:00,三季报,163315064000.0,97439594000.0,128033734000.0,13602740000.0,13742380000.0
002807,江阴银行,002807,江阴银行,2022-06-30 00:00:00,中报,160122726000.0,95021574000.0,123766859000.0,13170143000.0,13309092000.0
002807,江阴银行,002807,江阴银行,2022-03-31 00:00:00,一季报,157892620000.0,92477774000.0,119108471000.0,13247139000.0,13387018000.0
002807,江阴银行,002807,江阴银行,2021-12-31 00:00:00,年报,153127599000.0,87706952000.0,117447493000.0,13025795000.0,13165657000.0
002807,江阴银行,002807,江阴银行,2021-09-30 00:00:00,三季报,145387661000.0,87408530000.0,111867400000.0,12456302000.0,12588652000.0
002807,江阴银行,002807,江阴银行,2021-06-30 00:00:00,中报,146354649000.0,87172990000.0,115263209000.0,12237684000.0,12368541000.0
002807,江阴银行,002807,江阴银行,2021-03-31 00:00:00,一季报,143984175000.0,80966033000.0,110976223000.0,12321124000.0,12444770000.0
002807,江阴银行,002807,江阴银行,2020-12-31 00:00:00,年报,142766234000.0,77210353000.0,105759036000.0,12131493000.0,12260193000.0
002807,江阴银行,002807,江阴银行,2020-09-30 00:00:00,三季报,135138792000.0,75729648000.0,106061107000.0,11743012000.0,11856210000.0
002807,江阴银行,002807,江阴银行,2020-06-30 00:00:00,中报,133725522000.0,73487315000.0,105958712000.0,11641986000.0,11754022000.0
002807,江阴银行,002807,江阴银行,2020-03-31 00:00:00,一季报,131723866000.0,70048118000.0,100232164000.0,11988042000.0,12104011000.0
002807,江阴银行,002807,江阴银行,2019-12-31 00:00:00,年报,126343092000.0,67069695000.0,95288357000.0,11757457000.0,11873053000.0
002807,江阴银行,002807,江阴银行,2019-09-30 00:00:00,三季报,121606787000.0,65860771000.0,94363101000.0,11335517000.0,11453839000.0
002807,江阴银行,002807,江阴银行,2019-06-30 00:00:00,中报,125395046000.0,64237083000.0,89981925000.0,11089194000.0,11192298000.0
002807,江阴银行,002807,江阴银行,2019-03-31 00:00:00,一季报,121069884000.0,61273897000.0,89266804000.0,10971695000.0,11091558000.0
002807,江阴银行,002807,江阴银行,2018-12-31 00:00:00,年报,114852946000.0,59817960000.0,84758488000.0,10517594000.0,10638891000.0
002807,江阴银行,002807,江阴银行,2018-09-30 00:00:00,三季报,113830161000.0,58758037000.0,82183560000.0,9973540000.0,10099848000.0
002807,江阴银行,002807,江阴银行,2018-06-30 00:00:00,中报,110892850000.0,56979739000.0,79992892000.0,9800006000.0,9957411000.0
002807,江阴银行,002807,江阴银行,2018-03-31 00:00:00,一季报,112802063000.0,55132626000.0,79652854000.0,9782444000.0,9991302000.0
002807,江阴银行,002807,江阴银行,2017-12-31 00:00:00,年报,109402787000.0,53284743000.0,79307913000.0,9148779000.0,9353903000.0
002807,江阴银行,002807,江阴银行,2017-09-30 00:00:00,三季报,107306532000.0,52303860000.0,78395122000.0,8879516000.0,9123453000.0
002807,江阴银行,002807,江阴银行,2017-06-30 00:00:00,中报,104712783000.0,51778305000.0,75990664000.0,8681356000.0,8928064000.0
002807,江阴银行,002807,江阴银行,2017-03-31 00:00:00,一季报,104339975000.0,51347028000.0,75574994000.0,8838247000.0,9102986000.0
002807,江阴银行,002807,江阴银行,2016-12-31 00:00:00,年报,104084887000.0,50372364000.0,73641400000.0,8751954000.0,9012908000.0
002807,江阴银行,002807,江阴银行,2016-09-30 00:00:00,三季报,103253301000.0,49199334000.0,73121918000.0,8591174000.0,8869606000.0
002807,江阴银行,002807,江阴银行,2016-06-30 00:00:00,中报,95508785000.0,49076466000.0,70712183000.0,7552062000.0,7823159000.0
002807,江阴银行,002807,江阴银行,2016-03-31 00:00:00,一季报,94075097000.0,47570057000.0,69166946000.0,7388645000.0,7663418000.0
002807,江阴银行,002807,江阴银行,2015-12-31 00:00:00,年报,90478408000.0,48019694000.0,67653212000.0,7234315000.0,7514171000.0
002807,江阴银行,002807,江阴银行,2015-06-30 00:00:00,中报,82974646000.0,46887586000.0,65210896000.0,6556331000.0,6852056000.0
002807,江阴银行,002807,江阴银行,2014-12-31 00:00:00,年报,83586442000.0,46800833000.0,63083422000.0,6259715000.0,6547479000.0
002807,江阴银行,002807,江阴银行,2013-12-31 00:00:00,年报,76044232000.0,42979679000.0,58332098000.0,5447164000.0,5710251000.0
002807,江阴银行,002807,江阴银行,2012-12-31 00:00:00,年报,73409998000.0,38189038000.0,53271730000.0,4820601000.0,5059248000.0
002807,江阴银行,002807,江阴银行,2011-12-31 00:00:00,年报,56296138000.0,34828926000.0,47647678000.0,4223318000.0,4415889000.0
002807,江阴银行,002807,江阴银行,2010-12-31 00:00:00,年报,52820146883.57,29938394880.01,44512926118.83,3375501916.65,3556284727.89
002807,江阴银行,002807,江阴银行,2009-12-31 00:00:00,年报,41571886329.9,24767459033.27,35841003510.41,2668476032.93,2717474914.27
002807,江阴银行,002807,江阴银行,2008-12-31 00:00:00,年报,32058441465.78,19323775173.62,28317478083.4,2121565462.03,2169414895.15
002807,江阴银行,002807,江阴银行,2007-12-31 00:00:00,年报,28096246981.57,15796612970.34,23623214105.83,1557524475.03,1557524475.03
002807,江阴银行,002807,江阴银行,2006-12-31 00:00:00,年报,23542677545.2,12268370301.17,20934971940.96,1125436168.23,1125436168.23
002807,江阴银行,002807,江阴银行,2005-12-31 00:00:00,年报,20338779001.97,,,753966369.66,
002839,张家港行,002839,张家港行,2026-03-31 00:00:00,一季报,240372388685.38,151750350638.94,193020801084.49,21115919941.13,21291159118.37
002839,张家港行,002839,张家港行,2025-12-31 00:00:00,年报,227237192678.18,144104525211.7,182145037948.21,20530338768.24,20704644546.57
002839,张家港行,002839,张家港行,2025-09-30 00:00:00,三季报,221200808322.54,141782558360.62,180497067085.98,20349510477.44,20529713974.7
002839,张家港行,002839,张家港行,2025-06-30 00:00:00,中报,223785294900.23,141161511482.34,179932531219.76,20021351029.3,20200507865.06
002839,张家港行,002839,张家港行,2025-03-31 00:00:00,一季报,223283229054.23,139547846626.81,178522411537.89,20085424309.19,20262509992.98
002839,张家港行,002839,张家港行,2024-12-31 00:00:00,年报,218908026873.13,132718553290.91,171217204992.06,19723048516.99,19894751160.13
002839,张家港行,002839,张家港行,2024-09-30 00:00:00,三季报,215864768079.57,131162913903.74,169782932056.25,18093630442.31,18277849288.23
002839,张家港行,002839,张家港行,2024-06-30 00:00:00,中报,216718169613.98,130633749175.4,170794267621.41,17555612365.07,17739352794.1
002839,张家港行,002839,张家港行,2024-03-31 00:00:00,一季报,216459855740.61,128827553317.17,172497180046.41,17578637575.13,17753956610.53
002839,张家港行,002839,张家港行,2023-12-31 00:00:00,年报,207126798437.95,122255577281.9,160923024791.99,17036000729.37,17211017118.88
002839,张家港行,002839,张家港行,2023-09-30 00:00:00,三季报,203041986127.61,120557629249.67,158035938309.15,16616443037.45,16798807002.44
002839,张家港行,002839,张家港行,2023-06-30 00:00:00,中报,200239711029.68,116405899609.04,159986743847.37,16147334305.8,16318925855.83
002839,张家港行,002839,张家港行,2023-03-31 00:00:00,一季报,193892902617.59,113650113760.41,153478518869.41,16178928122.14,16347335063.14
002839,张家港行,002839,张家港行,2022-12-31 00:00:00,年报,187532755025.44,109941032464.14,143597567728.7,15561043341.88,15725777369.05
002839,张家港行,002839,张家港行,2022-09-30 00:00:00,三季报,184824011694.03,107478722527.61,139381594973.24,15447329003.88,15610655765.76
002839,张家港行,002839,张家港行,2022-06-30 00:00:00,中报,177599176640.57,104192951224.55,136572312894.23,14878090244.69,15039274726.52
002839,张家港行,002839,张家港行,2022-03-31 00:00:00,一季报,175261601821.44,102056980632.09,131575847299.7,14878043248.18,15033321582.21
002839,张家港行,002839,张家港行,2021-12-31 00:00:00,年报,164578715094.33,95554679332.32,124607787202.97,14417308001.26,14565852734.99
002839,张家港行,002839,张家港行,2021-09-30 00:00:00,三季报,161400566285.41,93515389512.38,122809671479.12,14021594794.57,14162091840.58
002839,张家港行,002839,张家港行,2021-06-30 00:00:00,中报,155927877760.06,89896236935.13,121917715593.88,13593190552.38,13723841825.2
002839,张家港行,002839,张家港行,2021-03-31 00:00:00,一季报,148423768564.12,84729053798.24,118668375213.17,11590431474.14,11715100291.55
002839,张家港行,002839,张家港行,2020-12-31 00:00:00,年报,143817651264.21,81975296908.86,109794021600.02,11205111802.25,11309538142.19
002839,张家港行,002839,张家港行,2020-09-30 00:00:00,三季报,136511416129.31,79233318847.12,106441383290.66,10950415342.08,11060809613.94
002839,张家港行,002839,张家港行,2020-06-30 00:00:00,中报,132652961110.05,75795215346.52,107641807981.12,10822209428.78,10931029616.17
002839,张家港行,002839,张家港行,2020-03-31 00:00:00,一季报,127402830259.79,71422697998.72,99703579636.64,11065206115.22,11175601163.92
002839,张家港行,002839,张家港行,2019-12-31 00:00:00,年报,123044681891.26,69079076742.94,92891988458.61,10668076062.04,10737418819.31
002839,张家港行,002839,张家港行,2019-09-30 00:00:00,三季报,119510431693.39,66764019859.03,92406848026.22,10323017893.48,10408211782.54
002839,张家港行,002839,张家港行,2019-06-30 00:00:00,中报,121891087168.75,63850206468.21,90507930695.75,10042605188.35,10136484943.21
002839,张家港行,002839,张家港行,2019-03-31 00:00:00,一季报,124244887184.9,61342652819.75,89880460750.31,10230285789.55,10318014634.79
002839,张家港行,002839,张家港行,2018-12-31 00:00:00,年报,113446248280.41,58179551778.24,79503686221.4,9917773883.46,10010654539.89
002839,张家港行,002839,张家港行,2018-09-30 00:00:00,三季报,108487070644.24,55475628290.45,78675018932.2,8953833348.45,9067601406.69
002839,张家港行,002839,张家港行,2018-06-30 00:00:00,中报,100979172135.66,51974732960.85,73848922858.45,8762147830.75,8873362273.24
002839,张家港行,002839,张家港行,2018-03-31 00:00:00,一季报,98339186939.84,49302275581.4,70934959548.85,8659061751.12,8769942248.22
002839,张家港行,002839,张家港行,2017-12-31 00:00:00,年报,103128824899.2,47448253760.92,70544023813.69,8278626049.65,8388883679.74
002839,张家港行,002839,张家港行,2017-09-30 00:00:00,三季报,95663710452.65,46059810163.51,67667466347.69,8157967097.28,8280508079.08
002839,张家港行,002839,张家港行,2017-06-30 00:00:00,中报,97989203121.43,45761283180.21,67988283947.86,7974163935.34,8095381678.9
002839,张家港行,002839,张家港行,2017-03-31 00:00:00,一季报,91622844338.88,44449705709.54,66102037086.08,8167346786.1,8290349580.16
002839,张家港行,002839,张家港行,2016-12-31 00:00:00,年报,90178179449.86,42754237745.47,65256547995.4,7326412735.56,7448807908.26
002839,张家港行,002839,张家港行,2016-06-30 00:00:00,中报,87344194665.89,39810921263.4,65027495315.01,7110713074.87,7232797023.64
002839,张家港行,002839,张家港行,2015-12-31 00:00:00,年报,82353647559.84,38504003581.21,56386505786.94,7027310925.56,7143375981.5
002839,张家港行,002839,张家港行,2014-12-31 00:00:00,年报,71970225121.36,37081203567.55,53320130341.07,6340094044.59,6452771934.5
002839,张家港行,002839,张家港行,2013-12-31 00:00:00,年报,72570397210.25,35102832344.97,51310518002.39,5471452391.32,5593833837.08
002839,张家港行,002839,张家港行,2012-12-31 00:00:00,年报,71484428500.0,30433241100.0,44235562300.0,5017481600.0,5114638000.0
002839,张家港行,002839,张家港行,2011-12-31 00:00:00,年报,70245843800.0,26716838700.0,43481808200.0,4458880200.0,4521415600.0
002839,张家港行,002839,张家港行,2010-12-31 00:00:00,年报,52690297140.67,22152976485.75,44149641101.81,3707495052.06,3756171671.82
002839,张家港行,002839,张家港行,2009-12-31 00:00:00,年报,32500471854.48,17599182576.6,26504390661.57,3205776062.8,3249029846.25
002839,张家港行,002839,张家港行,2008-12-31 00:00:00,年报,26823619339.63,12976302007.15,20630171748.04,2828662328.43,2871584503.79
002839,张家港行,002839,张家港行,2007-12-31 00:00:00,年报,24561993754.79,11077543315.65,18053049319.67,2456656974.75,2456656974.75
002839,张家港行,002839,张家港行,2006-12-31 00:00:00,年报,19271140094.42,,,996391380.81,
002936,郑州银行,002936,郑州银行,2026-03-31 00:00:00,一季报,783494714000.0,400757547000.0,515256811000.0,56203584000.0,58008180000.0
002936,郑州银行,002936,郑州银行,2025-12-31 00:00:00,年报,743674299000.0,398551722000.0,474947222000.0,55061252000.0,56851570000.0
002936,郑州银行,002936,郑州银行,2025-09-30 00:00:00,三季报,743552270000.0,394700073000.0,470280431000.0,55743576000.0,57614292000.0
002936,郑州银行,002936,郑州银行,2025-06-30 00:00:00,中报,719738190000.0,394317365000.0,456521930000.0,55485934000.0,57374671000.0
002936,郑州银行,002936,郑州银行,2025-03-31 00:00:00,一季报,706530887000.0,387532813000.0,439305089000.0,54660173000.0,56510242000.0
002936,郑州银行,002936,郑州银行,2024-12-31 00:00:00,年报,676365240000.0,376048659000.0,413096026000.0,54445031000.0,56294771000.0
002936,郑州银行,002936,郑州银行,2024-09-30 00:00:00,三季报,666626085000.0,372958791000.0,404349913000.0,54898739000.0,56805603000.0
002936,郑州银行,002936,郑州银行,2024-06-30 00:00:00,中报,645680374000.0,360955481000.0,392756086000.0,54407058000.0,56324341000.0
002936,郑州银行,002936,郑州银行,2024-03-31 00:00:00,一季报,632851641000.0,353111796000.0,377202006000.0,53713013000.0,55598824000.0
002936,郑州银行,002936,郑州银行,2023-12-31 00:00:00,年报,630709429000.0,350325297000.0,366521910000.0,52452824000.0,54314856000.0
002936,郑州银行,002936,郑州银行,2023-09-30 00:00:00,三季报,622051831000.0,344936876000.0,363291631000.0,53650427000.0,55601263000.0
002936,郑州银行,002936,郑州银行,2023-06-30 00:00:00,中报,616859397000.0,342086543000.0,357912589000.0,52993053000.0,54913573000.0
002936,郑州银行,002936,郑州银行,2023-03-31 00:00:00,一季报,606378430000.0,333936628000.0,356745019000.0,51962493000.0,53867014000.0
002936,郑州银行,002936,郑州银行,2022-12-31 00:00:00,年报,591513618000.0,322207034000.0,341797766000.0,50772566000.0,52625236000.0
002936,郑州银行,002936,郑州银行,2022-09-30 00:00:00,三季报,596131114000.0,319295244000.0,339884171000.0,61376098000.0,63191501000.0
002936,郑州银行,002936,郑州银行,2022-06-30 00:00:00,中报,584295564000.0,309505729000.0,327616719000.0,60404546000.0,62146154000.0
002936,郑州银行,002936,郑州银行,2022-03-31 00:00:00,一季报,575109347000.0,298897729000.0,325161235000.0,58999932000.0,60702989000.0
002936,郑州银行,002936,郑州银行,2021-12-31 00:00:00,年报,574979662000.0,282399091000.0,321574215000.0,57766182000.0,59411540000.0
002936,郑州银行,002936,郑州银行,2021-09-30 00:00:00,三季报,561961906000.0,275485118000.0,315378562000.0,48356062000.0,49953977000.0
002936,郑州银行,002936,郑州银行,2021-06-30 00:00:00,中报,571969580000.0,261229036000.0,325977048000.0,47380529000.0,48940279000.0
002936,郑州银行,002936,郑州银行,2021-03-31 00:00:00,一季报,554387540000.0,246417681000.0,314567197000.0,45655864000.0,47172676000.0
002936,郑州银行,002936,郑州银行,2020-12-31 00:00:00,年报,547813444000.0,231250013000.0,316512735000.0,44494897000.0,45971921000.0
002936,郑州银行,002936,郑州银行,2020-09-30 00:00:00,三季报,535386174000.0,223158570000.0,313595639000.0,40844481000.0,42288572000.0
002936,郑州银行,002936,郑州银行,2020-06-30 00:00:00,中报,533872933000.0,209294377000.0,319548187000.0,40275962000.0,41630330000.0
002936,郑州银行,002936,郑州银行,2020-03-31 00:00:00,一季报,532678261000.0,201666648000.0,321541940000.0,39905619000.0,41240596000.0
002936,郑州银行,002936,郑州银行,2019-12-31 00:00:00,年报,500478127000.0,189266541000.0,292125786000.0,38590322000.0,39891622000.0
002936,郑州银行,002936,郑州银行,2019-09-30 00:00:00,三季报,492793859000.0,182643212000.0,286177858000.0,39386604000.0,40668136000.0
002936,郑州银行,002936,郑州银行,2019-06-30 00:00:00,中报,479795566000.0,171511442000.0,274732252000.0,38260665000.0,39515114000.0
002936,郑州银行,002936,郑州银行,2019-03-31 00:00:00,一季报,487364544000.0,166769187000.0,293289589000.0,37749227000.0,38991124000.0
002936,郑州银行,002936,郑州银行,2018-12-31 00:00:00,年报,466142418000.0,153999381000.0,267758206000.0,36649739000.0,37863499000.0
002936,郑州银行,002936,郑州银行,2018-09-30 00:00:00,三季报,457756928000.0,148546359000.0,271272129000.0,37468493000.0,38679060000.0
002936,郑州银行,002936,郑州银行,2018-06-30 00:00:00,中报,443636030000.0,134826058000.0,263112725000.0,33701984000.0,34890559000.0
002936,郑州银行,002936,郑州银行,2018-03-31 00:00:00,一季报,433736093000.0,127756335000.0,250157533000.0,32486517000.0,33661004000.0
002936,郑州银行,002936,郑州银行,2017-12-31 00:00:00,年报,435828887000.0,124455942000.0,255407398000.0,32205887000.0,33439365000.0
002936,郑州银行,002936,郑州银行,2017-09-30 00:00:00,三季报,431800649000.0,121909076000.0,246601735000.0,23477413000.0,24658263000.0
002936,郑州银行,002936,郑州银行,2017-06-30 00:00:00,中报,417534660000.0,118445450000.0,245401278000.0,22392335000.0,23073095000.0
002936,郑州银行,002936,郑州银行,2017-03-31 00:00:00,一季报,375370196000.0,114011081000.0,219344870000.0,22346130000.0,22934764000.0
002936,郑州银行,002936,郑州银行,2016-12-31 00:00:00,年报,366147972000.0,107633407000.0,216389640000.0,21296378000.0,21861375000.0
002936,郑州银行,002936,郑州银行,2016-06-30 00:00:00,中报,315844706000.0,101148136000.0,195062060000.0,19402873000.0,19931390000.0
002936,郑州银行,002936,郑州银行,2015-12-31 00:00:00,年报,265623089000.0,91604436000.0,169195471000.0,17794840000.0,17824019000.0
002936,郑州银行,002936,郑州银行,2014-12-31 00:00:00,年报,204289209000.0,76226190000.0,132561375000.0,11405578000.0,11405578000.0
002936,郑州银行,002936,郑州银行,2014-06-30 00:00:00,中报,167344113306.84,68663845969.94,115991145829.77,10275691323.95,10275691323.95
002936,郑州银行,002936,郑州银行,2013-12-31 00:00:00,年报,149334284000.0,61535982000.0,102096803000.0,9536466000.0,9536466000.0
002936,郑州银行,002936,郑州银行,2012-12-31 00:00:00,年报,103734013000.0,49153253000.0,74654469000.0,7671349000.0,7671349000.0
002936,郑州银行,002936,郑州银行,2011-12-31 00:00:00,年报,70899330000.0,36719279000.0,54976428000.0,6210385000.0,6210385000.0
002936,郑州银行,002936,郑州银行,2010-12-31 00:00:00,年报,57726725136.53,26218669066.63,44628803351.77,2773201803.86,2773201803.86
002936,郑州银行,002936,郑州银行,2009-12-31 00:00:00,年报,42510709845.78,19635617661.58,34939552404.44,2129564435.2,2129564435.2
002936,郑州银行,002936,郑州银行,2009-06-30 00:00:00,中报,37087297061.38,17866099545.62,29459844876.86,1831212115.34,1831212115.34
002936,郑州银行,002936,郑州银行,2008-12-31 00:00:00,年报,33993060500.72,15750273037.36,27171415037.3,1850928316.49,1850928316.49
002936,郑州银行,002936,郑州银行,2007-12-31 00:00:00,年报,30383618613.05,13286917221.48,24391558634.03,1260668734.42,1260668734.42
002936,郑州银行,002936,郑州银行,2006-12-31 00:00:00,年报,24722379167.75,11178211462.92,19980676841.69,943436643.1,943436643.1
002936,郑州银行,002936,郑州银行,2005-12-31 00:00:00,年报,20010709422.53,,,824407615.35,
002936,郑州银行,002936,郑州银行,2004-12-31 00:00:00,年报,17372840000.0,,,699920000.0,
002948,青岛银行,002948,青岛银行,2026-03-31 00:00:00,一季报,834202547000.0,409247661000.0,520926626000.0,50943751000.0,52078159000.0
002948,青岛银行,002948,青岛银行,2025-12-31 00:00:00,年报,814960084000.0,387692967000.0,512121455000.0,49167148000.0,50254456000.0
002948,青岛银行,002948,青岛银行,2025-09-30 00:00:00,三季报,765571459000.0,365596432000.0,491151373000.0,46103377000.0,47154729000.0
002948,青岛银行,002948,青岛银行,2025-06-30 00:00:00,中报,743027546000.0,359216323000.0,476315305000.0,46078064000.0,47083931000.0
002948,青岛银行,002948,青岛银行,2025-03-31 00:00:00,一季报,713153153000.0,350419859000.0,459774455000.0,44907429000.0,45919018000.0
002948,青岛银行,002948,青岛银行,2024-12-31 00:00:00,年报,689963033000.0,332554291000.0,443425535000.0,43932381000.0,44899829000.0
002948,青岛银行,002948,青岛银行,2024-09-30 00:00:00,三季报,668981907000.0,322713424000.0,439259760000.0,42613655000.0,43545773000.0
002948,青岛银行,002948,青岛银行,2024-06-30 00:00:00,中报,654024373000.0,316397176000.0,421810646000.0,41958423000.0,42855737000.0
002948,青岛银行,002948,青岛银行,2024-03-31 00:00:00,一季报,623070530000.0,309539533000.0,400148646000.0,40728237000.0,41642743000.0
002948,青岛银行,002948,青岛银行,2023-12-31 00:00:00,年报,607985372000.0,292992926000.0,395467359000.0,39063939000.0,39939243000.0
002948,青岛银行,002948,青岛银行,2023-09-30 00:00:00,三季报,581184488000.0,289940609000.0,387832320000.0,38328856000.0,39206655000.0
002948,青岛银行,002948,青岛银行,2023-06-30 00:00:00,中报,568400907000.0,281776342000.0,377736593000.0,37938736000.0,38787551000.0
002948,青岛银行,002948,青岛银行,2023-03-31 00:00:00,一季报,552287242000.0,276262198000.0,364923271000.0,36723569000.0,37537661000.0
002948,青岛银行,002948,青岛银行,2022-12-31 00:00:00,年报,529613992000.0,262518662000.0,348043307000.0,35816312000.0,36593295000.0
002948,青岛银行,002948,青岛银行,2022-09-30 00:00:00,三季报,531269004000.0,263520317000.0,337870835000.0,36217862000.0,36976170000.0
002948,青岛银行,002948,青岛银行,2022-06-30 00:00:00,中报,536409742000.0,258533121000.0,335424787000.0,37797927000.0,38532099000.0
002948,青岛银行,002948,青岛银行,2022-03-31 00:00:00,一季报,527225963000.0,249664010000.0,313783799000.0,37499011000.0,38202378000.0
002948,青岛银行,002948,青岛银行,2021-12-31 00:00:00,年报,522249610000.0,238608698000.0,317965807000.0,32635495000.0,33327728000.0
002948,青岛银行,002948,青岛银行,2021-09-30 00:00:00,三季报,504154451000.0,236338995000.0,297195457000.0,32060756000.0,32735143000.0
002948,青岛银行,002948,青岛银行,2021-06-30 00:00:00,中报,501637206000.0,229631420000.0,299307629000.0,31633059000.0,32290125000.0
002948,青岛银行,002948,青岛银行,2021-03-31 00:00:00,一季报,464972502000.0,218988079000.0,278637450000.0,31130514000.0,31768540000.0
002948,青岛银行,002948,青岛银行,2020-12-31 00:00:00,年报,459827605000.0,202358484000.0,275750710000.0,30285174000.0,30906858000.0
002948,青岛银行,002948,青岛银行,2020-09-30 00:00:00,三季报,446243633000.0,203529919000.0,273885782000.0,29843815000.0,30446159000.0
002948,青岛银行,002948,青岛银行,2020-06-30 00:00:00,中报,440522009000.0,198252690000.0,266771363000.0,30328718000.0,30925150000.0
002948,青岛银行,002948,青岛银行,2020-03-31 00:00:00,一季报,389132982000.0,183511867000.0,226134883000.0,30816050000.0,31398266000.0
002948,青岛银行,002948,青岛银行,2019-12-31 00:00:00,年报,373622150000.0,169158291000.0,215425403000.0,29915460000.0,30477918000.0
002948,青岛银行,002948,青岛银行,2019-09-30 00:00:00,三季报,355001099000.0,157196681000.0,203170107000.0,29585078000.0,30135302000.0
002948,青岛银行,002948,青岛银行,2019-06-30 00:00:00,中报,345230946000.0,143343578000.0,188360223000.0,29458663000.0,29998081000.0
002948,青岛银行,002948,青岛银行,2019-03-31 00:00:00,一季报,327242345000.0,135490621000.0,182024524000.0,29600267000.0,30130185000.0
002948,青岛银行,002948,青岛银行,2018-12-31 00:00:00,年报,317658502000.0,123366891000.0,177911247000.0,26984973000.0,27496724000.0
002948,青岛银行,002948,青岛银行,2018-09-30 00:00:00,三季报,313878797000.0,,,26241131000.0,
002948,青岛银行,002948,青岛银行,2018-06-30 00:00:00,中报,302159196000.0,104310963000.0,166199611000.0,26192291000.0,26693437000.0
002948,青岛银行,002948,青岛银行,2017-12-31 00:00:00,年报,306276092000.0,95514680000.0,160083783000.0,25629854000.0,26123209000.0
002948,青岛银行,002948,青岛银行,2017-06-30 00:00:00,中报,281976231000.0,92079084000.0,157297114000.0,17695511000.0,18188472000.0
002948,青岛银行,002948,青岛银行,2016-12-31 00:00:00,年报,277988106000.0,84864849000.0,141604761000.0,17635973000.0,17635973000.0
002948,青岛银行,002948,青岛银行,2016-06-30 00:00:00,中报,207066195000.0,78749221000.0,126299566000.0,17076175000.0,17076175000.0
002948,青岛银行,002948,青岛银行,2015-12-31 00:00:00,年报,187235254000.0,70655221000.0,115321997000.0,16613652000.0,16613652000.0
002948,青岛银行,002948,青岛银行,2015-06-30 00:00:00,中报,169409319000.0,68136151000.0,101970910000.0,12114971000.0,12114971000.0
002948,青岛银行,002948,青岛银行,2014-12-31 00:00:00,年报,156165941000.0,61248341000.0,101733660000.0,9784650000.0,9784650000.0
002948,青岛银行,002948,青岛银行,2014-09-30 00:00:00,三季报,157440730000.0,59738460000.0,101186760000.0,9711050000.0,9711050000.0
002948,青岛银行,002948,青岛银行,2013-12-31 00:00:00,年报,135689371000.0,54105925000.0,96283907000.0,8205152000.0,8205152000.0
002948,青岛银行,002948,青岛银行,2012-12-31 00:00:00,年报,101658224000.0,44495597000.0,75647869000.0,7436635000.0,7436635000.0
002948,青岛银行,002948,青岛银行,2012-09-30 00:00:00,三季报,96249289801.33,40967117305.1,73934070262.58,7300534325.44,7300534325.44
002948,青岛银行,002948,青岛银行,2011-12-31 00:00:00,年报,77025677000.0,33283250000.0,60243829000.0,6958205000.0,6958205000.0
002948,青岛银行,002948,青岛银行,2010-12-31 00:00:00,年报,62937416000.0,27035487000.0,49538823000.0,4145461000.0,4145461000.0
002948,青岛银行,002948,青岛银行,2009-12-31 00:00:00,年报,43629284033.64,21973976240.24,32236330280.19,4118965403.81,4118965403.81
002948,青岛银行,002948,青岛银行,2008-12-31 00:00:00,年报,32520973000.0,,,3902615000.0,
002948,青岛银行,002948,青岛银行,2007-12-31 00:00:00,年报,31168098000.0,,,1605887000.0,
002948,青岛银行,002948,青岛银行,2006-12-31 00:00:00,年报,23700774538.49,,,1248764657.07,
002948,青岛银行,002948,青岛银行,2005-12-31 00:00:00,年报,19062690630.5,,,1219528388.26,
002948,青岛银行,002948,青岛银行,2004-12-31 00:00:00,年报,15243179190.23,,,803897876.05,
002948,青岛银行,002948,青岛银行,2003-12-31 00:00:00,年报,16121109396.14,,,711729617.9,
002958,青农商行,002958,青农商行,2026-03-31 00:00:00,一季报,508917809000.0,274297695000.0,345166483000.0,44325280000.0,44325280000.0
002958,青农商行,002958,青农商行,2025-12-31 00:00:00,年报,502783490000.0,266588305000.0,335831345000.0,45090723000.0,45090723000.0
002958,青农商行,002958,青农商行,2025-09-30 00:00:00,三季报,509919998000.0,257097136000.0,335178953000.0,47155803000.0,47163701000.0
002958,青农商行,002958,青农商行,2025-06-30 00:00:00,中报,505245867000.0,260916524000.0,334387600000.0,41706152000.0,41914303000.0
002958,青农商行,002958,青农商行,2025-03-31 00:00:00,一季报,511574868000.0,262849437000.0,339682385000.0,41210783000.0,41465823000.0
002958,青农商行,002958,青农商行,2024-12-31 00:00:00,年报,495032420000.0,255106911000.0,326672898000.0,40747140000.0,41111123000.0
002958,青农商行,002958,青农商行,2024-09-30 00:00:00,三季报,479010156000.0,252654283000.0,315917942000.0,40720383000.0,41617458000.0
002958,青农商行,002958,青农商行,2024-06-30 00:00:00,中报,475405371000.0,250735257000.0,310851666000.0,39676411000.0,40601363000.0
002958,青农商行,002958,青农商行,2024-03-31 00:00:00,一季报,473858062000.0,249395017000.0,311102916000.0,39187184000.0,40113065000.0
002958,青农商行,002958,青农商行,2023-12-31 00:00:00,年报,467936769000.0,245323914000.0,305538569000.0,38110214000.0,39048930000.0
002958,青农商行,002958,青农商行,2023-09-30 00:00:00,三季报,467644775000.0,242844053000.0,306532184000.0,38498676000.0,39429989000.0
002958,青农商行,002958,青农商行,2023-06-30 00:00:00,中报,464989336000.0,241033297000.0,307355843000.0,37416431000.0,38335669000.0
002958,青农商行,002958,青农商行,2023-03-31 00:00:00,一季报,463246165000.0,234177964000.0,305783470000.0,36465017000.0,37372686000.0
002958,青农商行,002958,青农商行,2022-12-31 00:00:00,年报,434791316000.0,229946709000.0,286320039000.0,35574067000.0,36482641000.0
002958,青农商行,002958,青农商行,2022-09-30 00:00:00,三季报,436112214000.0,229191284000.0,281728578000.0,36249523000.0,37133233000.0
002958,青农商行,002958,青农商行,2022-06-30 00:00:00,中报,444211531000.0,234367784000.0,288332363000.0,35206680000.0,36081865000.0
002958,青农商行,002958,青农商行,2022-03-31 00:00:00,一季报,442633894000.0,229356403000.0,283394220000.0,34963080000.0,35841171000.0
002958,青农商行,002958,青农商行,2021-12-31 00:00:00,年报,430438090000.0,223632277000.0,268823042000.0,34164413000.0,35050082000.0
002958,青农商行,002958,青农商行,2021-09-30 00:00:00,三季报,429143077000.0,222127180000.0,269829622000.0,33931544000.0,34818134000.0
002958,青农商行,002958,青农商行,2021-06-30 00:00:00,中报,430787852000.0,224712455000.0,267079026000.0,32784301000.0,33660141000.0
002958,青农商行,002958,青农商行,2021-03-31 00:00:00,一季报,423292259000.0,223981834000.0,262271228000.0,31790160000.0,32657673000.0
002958,青农商行,002958,青农商行,2020-12-31 00:00:00,年报,406811073000.0,209517804000.0,250693543000.0,28841682000.0,29702392000.0
002958,青农商行,002958,青农商行,2020-09-30 00:00:00,三季报,392214282000.0,202860714000.0,255530947000.0,26265087000.0,27119108000.0
002958,青农商行,002958,青农商行,2020-06-30 00:00:00,中报,375949917000.0,193178124000.0,239966081000.0,25036456000.0,25889887000.0
002958,青农商行,002958,青农商行,2020-03-31 00:00:00,一季报,350256603000.0,186050662000.0,224731089000.0,25383738000.0,26232938000.0
002958,青农商行,002958,青农商行,2019-12-31 00:00:00,年报,341667384000.0,170995529000.0,218805639000.0,24415271000.0,25261699000.0
002958,青农商行,002958,青农商行,2019-09-30 00:00:00,三季报,328615586000.0,165367938000.0,210819906000.0,23805949000.0,24643204000.0
002958,青农商行,002958,青农商行,2019-06-30 00:00:00,中报,318693676000.0,160265788000.0,213136219000.0,22822257000.0,23653239000.0
002958,青农商行,002958,青农商行,2019-03-31 00:00:00,一季报,308965094000.0,146422874000.0,201178964000.0,23030824000.0,23853514000.0
002958,青农商行,002958,青农商行,2018-12-31 00:00:00,年报,294141165000.0,130756019000.0,192610288000.0,20513629000.0,21342761000.0
002958,青农商行,002958,青农商行,2018-09-30 00:00:00,三季报,278936005000.0,123503356000.0,188702609000.0,19753288000.0,20569049000.0
002958,青农商行,002958,青农商行,2018-03-31 00:00:00,一季报,252131805781.38,109851443741.36,174877811815.08,17951257658.94,17951257658.94
002958,青农商行,002958,青农商行,2017-12-31 00:00:00,年报,251054239000.0,106756866000.0,173935299000.0,17114539000.0,17918584000.0
002958,青农商行,002958,青农商行,2017-06-30 00:00:00,中报,221449864000.0,101232582000.0,163757047000.0,16161997000.0,16956443000.0
002958,青农商行,002958,青农商行,2016-12-31 00:00:00,年报,207543279000.0,95784510000.0,151019504000.0,14948258000.0,15748468000.0
002958,青农商行,002958,青农商行,2016-06-30 00:00:00,中报,187366810000.0,93222709000.0,138859026000.0,14011721000.0,14831837000.0
002958,青农商行,002958,青农商行,2015-12-31 00:00:00,年报,165079910000.0,90141506000.0,129219136000.0,13489241000.0,13489241000.0
002958,青农商行,002958,青农商行,2014-12-31 00:00:00,年报,145211694000.0,82273028000.0,119121202000.0,12074237000.0,12074237000.0
002958,青农商行,002958,青农商行,2013-12-31 00:00:00,年报,125572214000.0,71064117000.0,105960777000.0,10535440000.0,10535440000.0
002958,青农商行,002958,青农商行,2012-12-31 00:00:00,年报,101553463804.27,59621868027.58,86271760992.7,8967790825.39,8967790825.39
002958,青农商行,002958,青农商行,2011-12-31 00:00:00,年报,85751374425.46,48790549984.13,76958435428.97,3213797660.31,3213797660.31
002966,苏州银行,002966,苏州银行,2026-03-31 00:00:00,一季报,859495496035.0,400195607535.0,544281106584.0,62808888278.0,65194023588.0
002966,苏州银行,002966,苏州银行,2025-12-31 00:00:00,年报,789421324001.0,361073453336.0,481849616910.0,61026847468.0,63348012968.0
002966,苏州银行,002966,苏州银行,2025-09-30 00:00:00,三季报,776039980042.0,356224443080.0,482422583519.0,59153098573.0,61418669314.0
002966,苏州银行,002966,苏州银行,2025-06-30 00:00:00,中报,754973805757.0,350789275937.0,473164658483.0,58590028844.0,61058393101.0
002966,苏州银行,002966,苏州银行,2025-03-31 00:00:00,一季报,727154171391.0,349915483357.0,473211289240.0,57718048623.0,60118301151.0
002966,苏州银行,002966,苏州银行,2024-12-31 00:00:00,年报,693714073375.0,320502300657.0,427396838232.0,52911051347.0,55255762193.0
002966,苏州银行,002966,苏州银行,2024-09-30 00:00:00,三季报,677183773388.0,317832570728.0,427403963688.0,48236566676.0,50526906654.0
002966,苏州银行,002966,苏州银行,2024-06-30 00:00:00,中报,659514376685.0,312487128785.0,423989426215.0,47256650081.0,49487722437.0
002966,苏州银行,002966,苏州银行,2024-03-31 00:00:00,一季报,648200507892.0,309254747452.0,419547877345.0,46975878535.0,49211898634.0
002966,苏州银行,002966,苏州银行,2023-12-31 00:00:00,年报,601841456223.0,281137535547.0,372431608046.0,45479985337.0,47666146238.0
002966,苏州银行,002966,苏州银行,2023-09-30 00:00:00,三季报,583510028725.0,277179340023.0,370629066604.0,44457576566.0,46608628185.0
002966,苏州银行,002966,苏州银行,2023-06-30 00:00:00,中报,580262679939.0,271925309083.0,373473190083.0,43274982594.0,45370407381.0
002966,苏州银行,002966,苏州银行,2023-03-31 00:00:00,一季报,554986226105.0,257085343300.0,360490468937.0,39935176793.0,41923206261.0
002966,苏州银行,002966,苏州银行,2022-12-31 00:00:00,年报,524548689036.0,239501278736.0,323584999409.0,38529224359.0,40462015907.0
002966,苏州银行,002966,苏州银行,2022-09-30 00:00:00,三季报,509581442793.0,234291909638.0,312832346354.0,38024427043.0,39898599665.0
002966,苏州银行,002966,苏州银行,2022-06-30 00:00:00,中报,505747284447.0,227954669949.0,311577420107.0,36994452918.0,38805728797.0
002966,苏州银行,002966,苏州银行,2022-03-31 00:00:00,一季报,497181418325.0,219210933457.0,301689116701.0,36740963470.0,38515490982.0
002966,苏州银行,002966,苏州银行,2021-12-31 00:00:00,年报,453029020092.0,203752266361.0,278343253646.0,32645950305.0,34288827767.0
002966,苏州银行,002966,苏州银行,2021-09-30 00:00:00,三季报,444087069981.0,198768153696.0,273027586816.0,31920650122.0,33535780981.0
002966,苏州银行,002966,苏州银行,2021-06-30 00:00:00,中报,439522309088.0,197288831745.0,268545346622.0,31130076841.0,32692972057.0
002966,苏州银行,002966,苏州银行,2021-03-31 00:00:00,一季报,431711966249.0,190446530461.0,271303975372.0,30644962261.0,32173448521.0
002966,苏州银行,002966,苏州银行,2020-12-31 00:00:00,年报,388068080296.0,181033837941.0,250109032099.0,29730167963.0,31230945759.0
002966,苏州银行,002966,苏州银行,2020-09-30 00:00:00,三季报,386641730352.0,177307173471.0,250815736847.0,29151612297.0,30638200012.0
002966,苏州银行,002966,苏州银行,2020-06-30 00:00:00,中报,380441715373.0,173963436376.0,252989039989.0,28652415865.0,30084059721.0
002966,苏州银行,002966,苏州银行,2020-03-31 00:00:00,一季报,381377017140.0,164483135863.0,244098979371.0,28119579449.0,29285264574.0
002966,苏州银行,002966,苏州银行,2019-12-31 00:00:00,年报,343471557896.0,155326330822.0,222114144042.0,27802330624.0,28953201375.0
002966,苏州银行,002966,苏州银行,2019-09-30 00:00:00,三季报,348669015269.0,150878945668.0,219434293926.0,27375347185.0,28502054874.0
002966,苏州银行,002966,苏州银行,2019-06-30 00:00:00,中报,340633316883.0,148919702169.0,218573532164.0,24157873699.0,25251518483.0
002966,苏州银行,002966,苏州银行,2019-03-31 00:00:00,一季报,336267859621.0,145741947650.0,217858495315.0,23425207770.0,24471406948.0
002966,苏州银行,002966,苏州银行,2018-12-31 00:00:00,年报,311085780140.0,137227991633.0,192675175021.0,23562648894.0,24586344796.0
002966,苏州银行,002966,苏州银行,2017-12-31 00:00:00,年报,284117848487.0,115963510194.0,168736610221.0,21325610587.0,22279373191.0
002966,苏州银行,002966,苏州银行,2017-06-30 00:00:00,中报,290014667000.0,110463186000.0,168625189000.0,20472330000.0,21405108000.0
002966,苏州银行,002966,苏州银行,2016-12-31 00:00:00,年报,260418110657.0,100974245662.0,158638733440.0,19955177258.0,20905371815.0
002966,苏州银行,002966,苏州银行,2016-06-30 00:00:00,中报,261665061000.0,98318508000.0,163164606000.0,19329228000.0,20287756000.0
002966,苏州银行,002966,苏州银行,2015-12-31 00:00:00,年报,230901375589.0,86501930091.0,132213626904.0,18668252917.0,19623756964.0
002966,苏州银行,002966,苏州银行,2014-12-31 00:00:00,年报,204249924000.0,70076938000.0,123935425000.0,17117660000.0,17382375000.0
002966,苏州银行,002966,苏州银行,2014-06-30 00:00:00,中报,199376100003.09,57409391747.29,115788372749.53,16125062052.12,16125062052.12
002966,苏州银行,002966,苏州银行,2013-12-31 00:00:00,年报,160989108817.0,50050628996.0,93169941376.0,15331620622.0,15331620622.0
002966,苏州银行,002966,苏州银行,2012-12-31 00:00:00,年报,128420264852.0,41894414170.0,70662180347.0,14759771859.0,14910574130.0
002966,苏州银行,002966,苏州银行,2011-12-31 00:00:00,年报,83474433386.0,31475392360.0,52906490058.0,13692491462.0,13819397349.0
002966,苏州银行,002966,苏州银行,2010-12-31 00:00:00,年报,55220217665.32,22739076846.78,38415054092.39,12933642710.28,13027731509.87
002966,苏州银行,002966,苏州银行,2009-12-31 00:00:00,年报,32734965111.69,,0.0,2106286567.12,2106286567.12
002966,苏州银行,002966,苏州银行,2007-12-31 00:00:00,年报,20495656268.84,,,1195159862.96,
002966,苏州银行,002966,苏州银行,2006-12-31 00:00:00,年报,19881584539.87,,,1049316653.96,
600000,浦发银行,600000,浦发银行,2026-03-31 00:00:00,一季报,10305646000000.0,5696879000000.0,5851376000000.0,833771000000.0,841399000000.0
600000,浦发银行,600000,浦发银行,2025-12-31 00:00:00,年报,10081746000000.0,5572502000000.0,5653358000000.0,816914000000.0,824430000000.0
600000,浦发银行,600000,浦发银行,2025-09-30 00:00:00,三季报,9892214000000.0,5541287000000.0,5691389000000.0,832293000000.0,840844000000.0
600000,浦发银行,600000,浦发银行,2025-06-30 00:00:00,中报,9645791000000.0,5505553000000.0,5669979000000.0,792855000000.0,801252000000.0
600000,浦发银行,600000,浦发银行,2025-03-31 00:00:00,一季报,9552276000000.0,5455517000000.0,5548089000000.0,747165000000.0,755629000000.0
600000,浦发银行,600000,浦发银行,2024-12-31 00:00:00,年报,9461880000000.0,5269160000000.0,5229282000000.0,736329000000.0,744781000000.0
600000,浦发银行,600000,浦发银行,2024-09-30 00:00:00,三季报,9416535000000.0,5244739000000.0,5289129000000.0,722707000000.0,731001000000.0
600000,浦发银行,600000,浦发银行,2024-06-30 00:00:00,中报,9253778000000.0,5199711000000.0,5069812000000.0,745520000000.0,753756000000.0
600000,浦发银行,600000,浦发银行,2024-03-31 00:00:00,一季报,9053468000000.0,5073156000000.0,5002560000000.0,743003000000.0,751342000000.0
600000,浦发银行,600000,浦发银行,2023-12-31 00:00:00,年报,9007247000000.0,4904696000000.0,5060344000000.0,724749000000.0,732884000000.0
600000,浦发银行,600000,浦发银行,2023-09-30 00:00:00,三季报,8808320000000.0,4806104000000.0,5028912000000.0,715695000000.0,723816000000.0
600000,浦发银行,600000,浦发银行,2023-06-30 00:00:00,中报,8932519000000.0,4866904000000.0,5069529000000.0,713100000000.0,721080000000.0
600000,浦发银行,600000,浦发银行,2023-03-31 00:00:00,一季报,8862440000000.0,4871306000000.0,4962969000000.0,713866000000.0,721750000000.0
600000,浦发银行,600000,浦发银行,2022-12-31 00:00:00,年报,8704651000000.0,4798350000000.0,4893812000000.0,697872000000.0,706775000000.0
600000,浦发银行,600000,浦发银行,2022-09-30 00:00:00,三季报,8425347000000.0,4817262000000.0,4808220000000.0,692017000000.0,700826000000.0
600000,浦发银行,600000,浦发银行,2022-06-30 00:00:00,中报,8505959000000.0,4774052000000.0,4745833000000.0,685293000000.0,693866000000.0
600000,浦发银行,600000,浦发银行,2022-03-31 00:00:00,一季报,8423074000000.0,4759178000000.0,4591517000000.0,687338000000.0,695757000000.0
600000,浦发银行,600000,浦发银行,2021-12-31 00:00:00,年报,8136757000000.0,4690954000000.0,4463608000000.0,670007000000.0,678218000000.0
600000,浦发银行,600000,浦发银行,2021-09-30 00:00:00,三季报,8064383000000.0,4675327000000.0,4523782000000.0,662528000000.0,670623000000.0
600000,浦发银行,600000,浦发银行,2021-06-30 00:00:00,中报,8123120000000.0,4643338000000.0,4462003000000.0,652583000000.0,660461000000.0
600000,浦发银行,600000,浦发银行,2021-03-31 00:00:00,一季报,8066995000000.0,4591935000000.0,4241949000000.0,655689000000.0,663465000000.0
600000,浦发银行,600000,浦发银行,2020-12-31 00:00:00,年报,7950218000000.0,4430228000000.0,4122407000000.0,638197000000.0,645817000000.0
600000,浦发银行,600000,浦发银行,2020-09-30 00:00:00,三季报,7674479000000.0,4187143000000.0,4079984000000.0,572951000000.0,580357000000.0
600000,浦发银行,600000,浦发银行,2020-06-30 00:00:00,中报,7521101000000.0,4079724000000.0,4181804000000.0,564894000000.0,572175000000.0
600000,浦发银行,600000,浦发银行,2020-03-31 00:00:00,一季报,7300588000000.0,3971994000000.0,3929462000000.0,575449000000.0,582808000000.0
600000,浦发银行,600000,浦发银行,2019-12-31 00:00:00,年报,7005929000000.0,3930750000000.0,3661842000000.0,553861000000.0,561051000000.0
600000,浦发银行,600000,浦发银行,2019-09-30 00:00:00,三季报,6790670000000.0,3745149000000.0,3700172000000.0,540079000000.0,547163000000.0
600000,浦发银行,600000,浦发银行,2019-06-30 00:00:00,中报,6659908000000.0,3621476000000.0,3697528000000.0,492765000000.0,499670000000.0
600000,浦发银行,600000,浦发银行,2019-03-31 00:00:00,一季报,6549576000000.0,3521179000000.0,3566768000000.0,488598000000.0,495580000000.0
600000,浦发银行,600000,浦发银行,2018-12-31 00:00:00,年报,6289606000000.0,3455489000000.0,3253315000000.0,471562000000.0,478380000000.0
600000,浦发银行,600000,浦发银行,2018-09-30 00:00:00,三季报,6089189000000.0,3355467000000.0,3274607000000.0,455368000000.0,462034000000.0
600000,浦发银行,600000,浦发银行,2018-06-30 00:00:00,中报,6091759000000.0,3244923000000.0,3210412000000.0,440855000000.0,447419000000.0
600000,浦发银行,600000,浦发银行,2018-03-31 00:00:00,一季报,6132993000000.0,3139524000000.0,3175683000000.0,428220000000.0,434813000000.0
600000,浦发银行,600000,浦发银行,2017-12-31 00:00:00,年报,6137240000000.0,3103853000000.0,3037936000000.0,425404000000.0,430985000000.0
600000,浦发银行,600000,浦发银行,2017-09-30 00:00:00,三季报,6063837000000.0,2994196000000.0,3119007000000.0,417358000000.0,422700000000.0
600000,浦发银行,600000,浦发银行,2017-06-30 00:00:00,中报,5915395000000.0,2929721000000.0,3172519000000.0,386979000000.0,392174000000.0
600000,浦发银行,600000,浦发银行,2017-03-31 00:00:00,一季报,5889663000000.0,2840944000000.0,3097527000000.0,380061000000.0,385271000000.0
600000,浦发银行,600000,浦发银行,2016-12-31 00:00:00,年报,5857263000000.0,2674557000000.0,3002015000000.0,367947000000.0,372934000000.0
600000,浦发银行,600000,浦发银行,2016-09-30 00:00:00,三季报,5564282000000.0,2481542000000.0,2993443000000.0,359811000000.0,364606000000.0
600000,浦发银行,600000,浦发银行,2016-06-30 00:00:00,中报,5371293000000.0,2364747000000.0,2955747000000.0,345442000000.0,350275000000.0
600000,浦发银行,600000,浦发银行,2016-03-31 00:00:00,一季报,5227980000000.0,2259817000000.0,3001159000000.0,343620000000.0,348350000000.0
600000,浦发银行,600000,浦发银行,2015-12-31 00:00:00,年报,5044352000000.0,2171413000000.0,2954149000000.0,315170000000.0,318600000000.0
600000,浦发银行,600000,浦发银行,2015-09-30 00:00:00,三季报,4822629000000.0,2113767000000.0,3001090000000.0,300265000000.0,303620000000.0
600000,浦发银行,600000,浦发银行,2015-06-30 00:00:00,中报,4603740000000.0,2106342000000.0,2988843000000.0,285696000000.0,288996000000.0
600000,浦发银行,600000,浦发银行,2015-03-31 00:00:00,一季报,4255333000000.0,2024135000000.0,2787412000000.0,285494000000.0,288724000000.0
600000,浦发银行,600000,浦发银行,2014-12-31 00:00:00,年报,4195924000000.0,1974614000000.0,2793224000000.0,260169000000.0,263285000000.0
600000,浦发银行,600000,浦发银行,2014-09-30 00:00:00,三季报,3956642000000.0,1920895000000.0,2688621000000.0,231336000000.0,234499000000.0
600000,浦发银行,600000,浦发银行,2014-06-30 00:00:00,中报,3930217000000.0,1851119000000.0,2756783000000.0,218312000000.0,221319000000.0
600000,浦发银行,600000,浦发银行,2014-03-31 00:00:00,一季报,3740500000000.0,1790993000000.0,2547605000000.0,216699000000.0,219637000000.0
600000,浦发银行,600000,浦发银行,2013-12-31 00:00:00,年报,3680125000000.0,1725745000000.0,2419696000000.0,204375000000.0,207227000000.0
600000,浦发银行,600000,浦发银行,2013-09-30 00:00:00,三季报,3593943000000.0,1685229000000.0,2455094000000.0,195729000000.0,198401000000.0
600000,浦发银行,600000,浦发银行,2013-06-30 00:00:00,中报,3468442000000.0,1639124000000.0,2387968000000.0,186704000000.0,189026000000.0
600000,浦发银行,600000,浦发银行,2013-03-31 00:00:00,一季报,3407917000000.0,1579691000000.0,2264488000000.0,186848000000.0,189078000000.0
600000,浦发银行,600000,浦发银行,2012-12-31 00:00:00,年报,3145707000000.0,1508806000000.0,2134365000000.0,177497000000.0,179659000000.0
600000,浦发银行,600000,浦发银行,2012-09-30 00:00:00,三季报,3142184607000.0,1479123198000.0,2113153872000.0,169694051000.0,171592602000.0
600000,浦发银行,600000,浦发银行,2012-06-30 00:00:00,中报,3036432422000.0,1420608160000.0,2061749192000.0,162030331000.0,163895324000.0
600000,浦发银行,600000,浦发银行,2012-03-31 00:00:00,一季报,2804646567000.0,1359172044000.0,1912737889000.0,157055724000.0,157746375000.0
600000,浦发银行,600000,浦发银行,2011-12-31 00:00:00,年报,2684694000000.0,1302324000000.0,1851055000000.0,148890000000.0,149542000000.0
600000,浦发银行,600000,浦发银行,2011-09-30 00:00:00,三季报,2521417295355.28,1256589713390.89,1769720064982.05,139566899356.94,140008181378.21
600000,浦发银行,600000,浦发银行,2011-06-30 00:00:00,中报,2455239994000.0,1213687064000.0,1750917456000.0,133228271000.0,133640948000.0
600000,浦发银行,600000,浦发银行,2011-03-31 00:00:00,一季报,2270136011396.46,1165228075782.34,1672529769575.72,129066217385.67,129413990310.63
600000,浦发银行,600000,浦发银行,2010-12-31 00:00:00,年报,2191410774000.0,1124112990000.0,1640459532000.0,122996336000.0,123279850000.0
600000,浦发银行,600000,浦发银行,2010-09-30 00:00:00,三季报,1975718391265.56,1059383239976.82,1533754216395.14,81601225068.99,81817268317.49
600000,浦发银行,600000,浦发银行,2010-06-30 00:00:00,中报,1781261375393.46,1031069185125.49,1444693335951.5,75882438994.85,76067695491.0
600000,浦发银行,600000,浦发银行,2010-03-31 00:00:00,一季报,1661556636276.23,971040792379.08,1306947957697.24,72208388915.3,72341649082.7
600000,浦发银行,600000,浦发银行,2009-12-31 00:00:00,年报,1622717960429.38,910508025355.17,1295342341947.12,67953026412.42,68087445903.18
600000,浦发银行,600000,浦发银行,2009-09-30 00:00:00,三季报,1587382922414.0,885686656572.51,1239696842283.41,65034206419.76,65121711908.76
600000,浦发银行,600000,浦发银行,2009-06-30 00:00:00,中报,1619482576014.15,920432127357.91,1234456173132.19,46808557613.99,46856101713.91
600000,浦发银行,600000,浦发银行,2009-03-31 00:00:00,一季报,1500141264681.73,836399692850.74,1085366672437.78,45000936489.36,45023322015.37
600000,浦发银行,600000,浦发银行,2008-12-31 00:00:00,年报,1309425441961.55,681266567999.23,947293581525.12,41679435878.48,41701799255.64
600000,浦发银行,600000,浦发银行,2008-09-30 00:00:00,三季报,1115455526082.29,626207746742.26,868830608079.88,38097184218.17,38097184218.17
600000,浦发银行,600000,浦发银行,2008-06-30 00:00:00,中报,1002610522382.3,605294567664.55,833527901500.92,34607071567.36,34607071567.36
600000,浦发银行,600000,浦发银行,2008-03-31 00:00:00,一季报,950032058031.0,562507480224.71,803498068195.37,31419036694.18,31419036694.18
600000,浦发银行,600000,浦发银行,2007-12-31 00:00:00,年报,914980346018.21,535657645607.26,763472893438.82,28297867987.88,28297867987.88
600000,浦发银行,600000,浦发银行,2007-09-30 00:00:00,三季报,844415472322.25,538046093903.87,709970187668.36,27408151440.59,27408151440.59
600000,浦发银行,600000,浦发银行,2007-06-30 00:00:00,中报,769853897949.77,509924092301.33,641471381467.42,26111297907.67,26111297907.67
600000,浦发银行,600000,浦发银行,2007-03-31 00:00:00,一季报,704126909245.3,481637584986.51,600480351832.52,25687054452.53,25687054452.53
600000,浦发银行,600000,浦发银行,2006-12-31 00:00:00,年报,689358435703.73,448110547583.85,596488498198.53,24720409074.68,24720409074.68
600000,浦发银行,600000,浦发银行,2006-09-30 00:00:00,三季报,637934835225.85,429528083955.15,564799299254.14,17891227315.66,17891227315.66
600000,浦发银行,600000,浦发银行,2006-06-30 00:00:00,中报,630232267002.32,418450961849.23,558024021991.91,17066330775.94,17066330775.94
600000,浦发银行,600000,浦发银行,2006-03-31 00:00:00,一季报,599443355581.13,,,15679639636.45,15679639636.45
600000,浦发银行,600000,浦发银行,2005-12-31 00:00:00,年报,573522671353.33,366646375659.46,504505579797.41,15969462940.47,15969462940.47
600000,浦发银行,600000,浦发银行,2005-06-30 00:00:00,中报,492451530841.27,,,14143367210.97,14143367210.97
600000,浦发银行,600000,浦发银行,2005-03-31 00:00:00,一季报,457264535310.32,,,14024062793.79,14024062793.79
600000,浦发银行,600000,浦发银行,2004-09-30 00:00:00,三季报,423708928713.82,,,12963907203.32,12963907203.32
600000,浦发银行,600000,浦发银行,2004-06-30 00:00:00,中报,413889502178.79,,,12453718572.04,12453718572.04
600000,浦发银行,600000,浦发银行,2004-03-31 00:00:00,一季报,391901245439.89,,,11995890733.08,11995890733.08
600000,浦发银行,600000,浦发银行,2003-12-31 00:00:00,年报,371056698060.41,248555191191.6,323122958825.09,12010922903.26,12010922903.26
600000,浦发银行,600000,浦发银行,2003-09-30 00:00:00,三季报,361300387672.94,,,11526896028.93,11526896028.93
600000,浦发银行,600000,浦发银行,2003-06-30 00:00:00,中报,342665400044.69,,,11101669291.3,11101669291.3
600000,浦发银行,600000,浦发银行,2003-03-31 00:00:00,一季报,279616138586.28,,,10760460107.61,10760460107.61
600000,浦发银行,600000,浦发银行,2002-12-31 00:00:00,年报,279300719332.42,169259026027.96,245473649619.77,8351976463.41,8351976463.41
600000,浦发银行,600000,浦发银行,2002-09-30 00:00:00,三季报,243243124822.35,,,7921359209.28,7921359209.28
600000,浦发银行,600000,浦发银行,2002-06-30 00:00:00,中报,209036749067.89,109016002987.37,157590630003.38,7608109272.45,7608109272.45
600000,浦发银行,600000,浦发银行,2002-03-31 00:00:00,一季报,177166548000.0,94751070000.0,133734188000.0,7332414000.0,7332414000.0
600000,浦发银行,600000,浦发银行,2001-12-31 00:00:00,年报,173690682625.78,92690922000.0,149562021000.0,7066667646.13,7066667646.13
600000,浦发银行,600000,浦发银行,2001-09-30 00:00:00,三季报,162731747948.12,81294871983.57,124923012506.73,8218578516.12,8218578516.12
600000,浦发银行,600000,浦发银行,2001-06-30 00:00:00,中报,150638691732.07,76896197781.26,114245866868.99,7931439063.6,7931439063.6
600000,浦发银行,600000,浦发银行,2000-12-31 00:00:00,年报,129740691000.0,62115548000.0,99116044000.0,6486789000.0,6486789000.0
600000,浦发银行,600000,浦发银行,2000-06-30 00:00:00,中报,113398097797.36,58853642134.73,85244678245.05,8306319550.68,8306319550.68
600000,浦发银行,600000,浦发银行,1999-12-31 00:00:00,年报,101642815072.81,49855502284.91,77807484161.38,6486864834.25,6486864834.25
600000,浦发银行,600000,浦发银行,1999-06-30 00:00:00,中报,87203199000.0,,,3839477000.0,3839477000.0
600000,浦发银行,600000,浦发银行,1997-12-31 00:00:00,年报,81640332000.0,39452439000.0,61274288000.0,3171718000.0,3171718000.0
600000,浦发银行,600000,浦发银行,1996-12-31 00:00:00,年报,65067170000.0,28527883000.0,42040560000.0,1579908000.0,1579908000.0
600015,华夏银行,600015,华夏银行,2026-03-31 00:00:00,一季报,4878502000000.0,2712385000000.0,2570543000000.0,401370000000.0,405556000000.0
600015,华夏银行,600015,华夏银行,2025-12-31 00:00:00,年报,4737619000000.0,2518416000000.0,2409626000000.0,395746000000.0,399800000000.0
600015,华夏银行,600015,华夏银行,2025-09-30 00:00:00,三季报,4586358000000.0,2386892000000.0,2366556000000.0,368569000000.0,372607000000.0
600015,华夏银行,600015,华夏银行,2025-06-30 00:00:00,中报,4549625000000.0,2364991000000.0,2350330000000.0,365667000000.0,369523000000.0
600015,华夏银行,600015,华夏银行,2025-03-31 00:00:00,一季报,4521199000000.0,2421081000000.0,2310731000000.0,365014000000.0,368827000000.0
600015,华夏银行,600015,华夏银行,2024-12-31 00:00:00,年报,4376491000000.0,2313356000000.0,2184137000000.0,361982000000.0,365684000000.0
600015,华夏银行,600015,华夏银行,2024-09-30 00:00:00,三季报,4345642000000.0,2294440000000.0,2132909000000.0,351756000000.0,355325000000.0
600015,华夏银行,600015,华夏银行,2024-06-30 00:00:00,中报,4328297000000.0,2308033000000.0,2168857000000.0,325753000000.0,329187000000.0
600015,华夏银行,600015,华夏银行,2024-03-31 00:00:00,一季报,4379952000000.0,2353764000000.0,2228990000000.0,326060000000.0,329356000000.0
600015,华夏银行,600015,华夏银行,2023-12-31 00:00:00,年报,4254766000000.0,2256596000000.0,2165881000000.0,318579000000.0,321762000000.0
600015,华夏银行,600015,华夏银行,2023-09-30 00:00:00,三季报,4104889000000.0,2260516000000.0,2111455000000.0,309817000000.0,312930000000.0
600015,华夏银行,600015,华夏银行,2023-06-30 00:00:00,中报,4098550000000.0,2285717000000.0,2168881000000.0,304639000000.0,307617000000.0
600015,华夏银行,600015,华夏银行,2023-03-31 00:00:00,一季报,4029117000000.0,2295514000000.0,2213661000000.0,305610000000.0,308588000000.0
600015,华夏银行,600015,华夏银行,2022-12-31 00:00:00,年报,3900167000000.0,2217691000000.0,2094669000000.0,320457000000.0,323322000000.0
600015,华夏银行,600015,华夏银行,2022-09-30 00:00:00,三季报,3842028000000.0,2231952000000.0,2101852000000.0,306612000000.0,309383000000.0
600015,华夏银行,600015,华夏银行,2022-06-30 00:00:00,中报,3843635000000.0,2247268000000.0,2167129000000.0,300866000000.0,303513000000.0
600015,华夏银行,600015,华夏银行,2022-03-31 00:00:00,一季报,3824685000000.0,2243691000000.0,2089495000000.0,302437000000.0,304948000000.0
600015,华夏银行,600015,华夏银行,2021-12-31 00:00:00,年报,3676287000000.0,2162966000000.0,1927349000000.0,298292000000.0,300702000000.0
600015,华夏银行,600015,华夏银行,2021-09-30 00:00:00,三季报,3549265000000.0,2127418000000.0,1894425000000.0,290893000000.0,293184000000.0
600015,华夏银行,600015,华夏银行,2021-06-30 00:00:00,中报,3517636000000.0,2113301000000.0,1910980000000.0,284803000000.0,287061000000.0
600015,华夏银行,600015,华夏银行,2021-03-31 00:00:00,一季报,3470365000000.0,2105243000000.0,1858002000000.0,285371000000.0,287511000000.0
600015,华夏银行,600015,华夏银行,2020-12-31 00:00:00,年报,3399816000000.0,2059825000000.0,1837020000000.0,280613000000.0,282655000000.0
600015,华夏银行,600015,华夏银行,2020-09-30 00:00:00,三季报,3331642000000.0,2037328000000.0,1865156000000.0,273414000000.0,275336000000.0
600015,华夏银行,600015,华夏银行,2020-06-30 00:00:00,中报,3265615000000.0,1990662000000.0,1880598000000.0,269948000000.0,271864000000.0
600015,华夏银行,600015,华夏银行,2020-03-31 00:00:00,一季报,3108998000000.0,1904104000000.0,1746867000000.0,272846000000.0,274678000000.0
600015,华夏银行,600015,华夏银行,2019-12-31 00:00:00,年报,3020789000000.0,1829171000000.0,1671276000000.0,267588000000.0,269337000000.0
600015,华夏银行,600015,华夏银行,2019-09-30 00:00:00,三季报,3021710000000.0,1784134000000.0,1661850000000.0,261375000000.0,263045000000.0
600015,华夏银行,600015,华夏银行,2019-06-30 00:00:00,中报,3022694000000.0,1737292000000.0,1689876000000.0,256558000000.0,258180000000.0
600015,华夏银行,600015,华夏银行,2019-03-31 00:00:00,一季报,2793622000000.0,1669382000000.0,1608032000000.0,213170000000.0,214746000000.0
600015,华夏银行,600015,华夏银行,2018-12-31 00:00:00,年报,2680580000000.0,1566241000000.0,1492492000000.0,217141000000.0,218715000000.0
600015,华夏银行,600015,华夏银行,2018-09-30 00:00:00,三季报,2612991000000.0,1532301000000.0,1492383000000.0,180904000000.0,182454000000.0
600015,华夏银行,600015,华夏银行,2018-06-30 00:00:00,中报,2567219000000.0,1494477000000.0,1461842000000.0,176153000000.0,177672000000.0
600015,华夏银行,600015,华夏银行,2018-03-31 00:00:00,一季报,2544080000000.0,1444085000000.0,1468265000000.0,172248000000.0,173726000000.0
600015,华夏银行,600015,华夏银行,2017-12-31 00:00:00,年报,2508927000000.0,1355585000000.0,1433907000000.0,168055000000.0,169498000000.0
600015,华夏银行,600015,华夏银行,2017-09-30 00:00:00,三季报,2445789000000.0,1313817000000.0,1415273000000.0,163084000000.0,163974000000.0
600015,华夏银行,600015,华夏银行,2017-06-30 00:00:00,中报,2423098000000.0,1274795000000.0,1376875000000.0,158753000000.0,159613000000.0
600015,华夏银行,600015,华夏银行,2017-03-31 00:00:00,一季报,2399055000000.0,1222020000000.0,1393517000000.0,155494000000.0,156328000000.0
600015,华夏银行,600015,华夏银行,2016-12-31 00:00:00,年报,2356235000000.0,1184355000000.0,1368300000000.0,152184000000.0,152973000000.0
600015,华夏银行,600015,华夏银行,2016-09-30 00:00:00,三季报,2273723000000.0,1171201000000.0,1371454000000.0,148302000000.0,149082000000.0
600015,华夏银行,600015,华夏银行,2016-06-30 00:00:00,中报,2250545000000.0,1134288000000.0,1381750000000.0,143346000000.0,144107000000.0
600015,华夏银行,600015,华夏银行,2016-03-31 00:00:00,一季报,2094457000000.0,1087671000000.0,1352576000000.0,142052000000.0,142793000000.0
600015,华夏银行,600015,华夏银行,2015-12-31 00:00:00,年报,2020604000000.0,1041937000000.0,1351663000000.0,117678000000.0,118388000000.0
600015,华夏银行,600015,华夏银行,2015-09-30 00:00:00,三季报,1950115000000.0,991110000000.0,1332133000000.0,112162000000.0,112871000000.0
600015,华夏银行,600015,华夏银行,2015-06-30 00:00:00,中报,1917232000000.0,985727000000.0,1320604000000.0,111108000000.0,111798000000.0
600015,华夏银行,600015,华夏银行,2015-03-31 00:00:00,一季报,1821084000000.0,954101000000.0,1265842000000.0,105348000000.0,106009000000.0
600015,华夏银行,600015,华夏银行,2014-12-31 00:00:00,年报,1851628000000.0,916105000000.0,1303216000000.0,101458000000.0,102099000000.0
600015,华夏银行,600015,华夏银行,2014-09-30 00:00:00,三季报,1784092000000.0,884979000000.0,1267922000000.0,96266000000.0,96902000000.0
600015,华夏银行,600015,华夏银行,2014-06-30 00:00:00,中报,1778560000000.0,867735000000.0,1291794000000.0,91459000000.0,92078000000.0
600015,华夏银行,600015,华夏银行,2014-03-31 00:00:00,一季报,1734193000000.0,841047000000.0,1220922000000.0,89694000000.0,90300000000.0
600015,华夏银行,600015,华夏银行,2013-12-31 00:00:00,年报,1672447000000.0,800726000000.0,1177592000000.0,85420000000.0,86019000000.0
600015,华夏银行,600015,华夏银行,2013-09-30 00:00:00,三季报,1551809000000.0,775605000000.0,1157109000000.0,81966000000.0,82532000000.0
600015,华夏银行,600015,华夏银行,2013-06-30 00:00:00,中报,1507152000000.0,751117000000.0,1092591000000.0,82100000000.0,82667000000.0
600015,华夏银行,600015,华夏银行,2013-03-31 00:00:00,一季报,1519061371554.79,736730997344.96,1104152984339.56,77875266488.9,77904715124.1
600015,华夏银行,600015,华夏银行,2012-12-31 00:00:00,年报,1488860000000.0,699861000000.0,1036000000000.0,74694000000.0,74723000000.0
600015,华夏银行,600015,华夏银行,2012-09-30 00:00:00,三季报,1446441916333.84,678408789656.27,1059692807246.98,71161051344.82,71189526677.06
600015,华夏银行,600015,华夏银行,2012-06-30 00:00:00,中报,1354515131197.68,651523513560.48,968851866101.54,68584804897.34,68613215126.08
600015,华夏银行,600015,华夏银行,2012-03-31 00:00:00,一季报,1250063986037.26,628399848374.49,933061431021.34,66289759193.42,66318116537.5
600015,华夏银行,600015,华夏银行,2011-12-31 00:00:00,年报,1244141181567.56,594204100217.26,896023653633.62,63901084685.41,63930122911.79
600015,华夏银行,600015,华夏银行,2011-09-30 00:00:00,三季报,1079778157242.64,560177835659.53,791873300119.49,60929311270.3,60944462680.1
600015,华夏银行,600015,华夏银行,2011-06-30 00:00:00,中报,1140768491790.17,555464854621.54,817591679289.07,58805508701.23,58805508701.23
600015,华夏银行,600015,华夏银行,2011-03-31 00:00:00,一季报,1122442559296.99,535842186402.35,784866252803.22,37202769432.06,37202769432.06
600015,华夏银行,600015,华夏银行,2010-12-31 00:00:00,年报,1040230442233.4,514863428181.77,767622249016.94,35495880166.27,35495880166.27
600015,华夏银行,600015,华夏银行,2010-09-30 00:00:00,三季报,1010790664977.8,497736612090.14,709760149186.05,34176041989.37,34176041989.37
600015,华夏银行,600015,华夏银行,2010-06-30 00:00:00,中报,941695749354.13,476825571276.95,671809446416.44,32662876091.69,32662876091.69
600015,华夏银行,600015,华夏银行,2010-03-31 00:00:00,一季报,891509945091.37,449196767407.42,625221362671.23,31587694010.27,31587694010.27
600015,华夏银行,600015,华夏银行,2009-12-31 00:00:00,年报,845456432381.81,419452246994.81,581678387707.05,30234185214.62,30234185214.62
600015,华夏银行,600015,华夏银行,2009-09-30 00:00:00,三季报,823631673943.56,420288903809.35,566692629849.03,29119238973.73,29119238973.73
600015,华夏银行,600015,华夏银行,2009-06-30 00:00:00,中报,800530380918.39,415770118110.47,563584042773.78,28157877272.22,28157877272.22
600015,华夏银行,600015,华夏银行,2009-03-31 00:00:00,一季报,757727129742.67,397082643689.33,531314236050.91,27974533876.75,27974533876.75
600015,华夏银行,600015,华夏银行,2008-12-31 00:00:00,年报,731637186497.08,345667973916.52,485349576757.88,27421356889.7,27421356889.7
600015,华夏银行,600015,华夏银行,2008-09-30 00:00:00,三季报,652623360691.08,335212142390.01,475096310229.33,15756287341.23,15756287341.23
600015,华夏银行,600015,华夏银行,2008-06-30 00:00:00,中报,628146103636.72,325572475036.1,457320756891.83,14481897965.21,14481897965.21
600015,华夏银行,600015,华夏银行,2008-03-31 00:00:00,一季报,597968040039.04,312876511556.13,432724547187.29,13851044128.61,13851044128.61
600015,华夏银行,600015,华夏银行,2007-12-31 00:00:00,年报,592338274497.19,298549352807.21,438782259453.55,13055627535.35,13055627535.35
600015,华夏银行,600015,华夏银行,2007-09-30 00:00:00,三季报,529619291891.82,292574330270.95,397229809497.74,12629670852.79,12629670852.79
600015,华夏银行,600015,华夏银行,2007-06-30 00:00:00,中报,481021258917.75,283460602695.64,380383182499.81,12014851474.82,12014851474.82
600015,华夏银行,600015,华夏银行,2007-03-31 00:00:00,一季报,424112852286.98,268889067766.99,352035448335.06,11968410289.45,11968410289.45
600015,华夏银行,600015,华夏银行,2006-12-31 00:00:00,年报,444939526577.58,253802984535.78,371062054655.74,11642795112.13,11642795112.13
600015,华夏银行,600015,华夏银行,2006-09-30 00:00:00,三季报,397199970780.83,252738212485.06,336698720186.6,11247080644.35,11247080644.35
600015,华夏银行,600015,华夏银行,2006-06-30 00:00:00,中报,391684070182.62,255520797874.01,337657076861.82,10742440826.23,10742440826.23
600015,华夏银行,600015,华夏银行,2006-03-31 00:00:00,一季报,362370665749.31,230011101272.83,325835048073.39,10845703096.18,10845703096.18
600015,华夏银行,600015,华夏银行,2005-12-31 00:00:00,年报,355921472277.81,228491158996.17,314166616861.04,10530821868.52,10530821868.52
600015,华夏银行,600015,华夏银行,2005-09-30 00:00:00,三季报,333491697270.12,,,10272523632.87,10272523632.87
600015,华夏银行,600015,华夏银行,2005-06-30 00:00:00,中报,323936983114.13,,,9828839096.43,9828839096.43
600015,华夏银行,600015,华夏银行,2005-03-31 00:00:00,一季报,298419788807.18,,,9921068330.28,9921068330.28
600015,华夏银行,600015,华夏银行,2004-12-31 00:00:00,年报,304325736060.02,176703224248.6,269667891514.79,9608994989.68,9608994989.68
600015,华夏银行,600015,华夏银行,2004-09-30 00:00:00,三季报,276153414876.26,,,9383226829.2,9383226829.2
600015,华夏银行,600015,华夏银行,2004-06-30 00:00:00,中报,265643958107.0,,,9087427082.85,9087427082.85
600015,华夏银行,600015,华夏银行,2004-03-31 00:00:00,一季报,241138595272.14,,,8894002070.85,8894002070.85
600015,华夏银行,600015,华夏银行,2003-12-31 00:00:00,年报,246828787040.93,147115302096.25,210221323445.91,8627077418.12,8627077418.12
600015,华夏银行,600015,华夏银行,2003-09-30 00:00:00,三季报,217066677450.46,,,9721827319.49,9721827319.49
600015,华夏银行,600015,华夏银行,2003-06-30 00:00:00,中报,203653898494.17,,,3996559210.58,3996559210.58
600015,华夏银行,600015,华夏银行,2002-12-31 00:00:00,年报,178146494905.22,85360896353.03,149037852512.32,3601369330.76,3601369330.76
600015,华夏银行,600015,华夏银行,2001-12-31 00:00:00,年报,135049665697.3,63833260131.21,111373795670.35,2095835602.61,2095835602.61
600015,华夏银行,600015,华夏银行,2000-12-31 00:00:00,年报,99833236948.46,54117065688.49,80705436707.46,1455576709.04,1455576709.04
600016,民生银行,600016,民生银行,2026-03-31 00:00:00,一季报,7847897000000.0,4471911000000.0,4411092000000.0,700496000000.0,713952000000.0
600016,民生银行,600016,民生银行,2025-12-31 00:00:00,年报,7832567000000.0,4374231000000.0,4347799000000.0,689637000000.0,703197000000.0
600016,民生银行,600016,民生银行,2025-09-30 00:00:00,三季报,7872864000000.0,4379860000000.0,4325593000000.0,686922000000.0,700548000000.0
600016,民生银行,600016,民生银行,2025-06-30 00:00:00,中报,7768921000000.0,4413765000000.0,4382087000000.0,688544000000.0,702312000000.0
600016,民生银行,600016,民生银行,2025-03-31 00:00:00,一季报,7783420000000.0,4464429000000.0,4436443000000.0,652214000000.0,665928000000.0
600016,民生银行,600016,民生银行,2024-12-31 00:00:00,年报,7814969000000.0,4396036000000.0,4332681000000.0,642859000000.0,656568000000.0
600016,民生银行,600016,民生银行,2024-09-30 00:00:00,三季报,7698010000000.0,4383625000000.0,4264698000000.0,632889000000.0,646289000000.0
600016,民生银行,600016,民生银行,2024-06-30 00:00:00,中报,7551013000000.0,4364821000000.0,4137534000000.0,596141000000.0,609642000000.0
600016,民生银行,600016,民生银行,2024-03-31 00:00:00,一季报,7727511000000.0,4439045000000.0,4325560000000.0,639200000000.0,652482000000.0
600016,民生银行,600016,民生银行,2023-12-31 00:00:00,年报,7674965000000.0,4323908000000.0,4353281000000.0,624602000000.0,637801000000.0
600016,民生银行,600016,民生银行,2023-09-30 00:00:00,三季报,7522077000000.0,4317740000000.0,4289221000000.0,621065000000.0,634376000000.0
600016,民生银行,600016,民生银行,2023-06-30 00:00:00,中报,7641451000000.0,4322267000000.0,4300243000000.0,613419000000.0,626691000000.0
600016,民生银行,600016,民生银行,2023-03-31 00:00:00,一季报,7603107000000.0,4268384000000.0,4255394000000.0,615340000000.0,628274000000.0
600016,民生银行,600016,民生银行,2022-12-31 00:00:00,年报,7255673000000.0,4072982000000.0,4051592000000.0,599928000000.0,612814000000.0
600016,民生银行,600016,民生银行,2022-09-30 00:00:00,三季报,7133921000000.0,4059776000000.0,4103231000000.0,598542000000.0,611195000000.0
600016,民生银行,600016,民生银行,2022-06-30 00:00:00,中报,7320580000000.0,4131646000000.0,4161548000000.0,590160000000.0,602711000000.0
600016,民生银行,600016,民生银行,2022-03-31 00:00:00,一季报,7157698000000.0,4112635000000.0,3990291000000.0,586407000000.0,598747000000.0
600016,民生银行,600016,民生银行,2021-12-31 00:00:00,年报,6952786000000.0,3967679000000.0,3825693000000.0,574280000000.0,586539000000.0
600016,民生银行,600016,民生银行,2021-09-30 00:00:00,三季报,7015610000000.0,3962283000000.0,3873771000000.0,586466000000.0,598591000000.0
600016,民生银行,600016,民生银行,2021-06-30 00:00:00,中报,7069708000000.0,3956091000000.0,3892249000000.0,575436000000.0,587295000000.0
600016,民生银行,600016,民生银行,2021-03-31 00:00:00,一季报,7062721000000.0,3937617000000.0,3747032000000.0,545165000000.0,556754000000.0
600016,民生银行,600016,民生银行,2020-12-31 00:00:00,年报,6950233000000.0,3782297000000.0,3768151000000.0,529537000000.0,541248000000.0
600016,民生银行,600016,民生银行,2020-09-30 00:00:00,三季报,6927025000000.0,3754868000000.0,3788686000000.0,532769000000.0,544454000000.0
600016,民生银行,600016,民生银行,2020-06-30 00:00:00,中报,7142641000000.0,3730214000000.0,3936314000000.0,527417000000.0,538877000000.0
600016,民生银行,600016,民生银行,2020-03-31 00:00:00,一季报,6961952000000.0,3638471000000.0,3791624000000.0,537380000000.0,548640000000.0
600016,民生银行,600016,民生银行,2019-12-31 00:00:00,年报,6681841000000.0,3430427000000.0,3637034000000.0,518845000000.0,530829000000.0
600016,民生银行,600016,民生银行,2019-09-30 00:00:00,三季报,6273743000000.0,3257988000000.0,3440152000000.0,491441000000.0,503076000000.0
600016,民生银行,600016,民生银行,2019-06-30 00:00:00,中报,6340658000000.0,3130005000000.0,3457364000000.0,477333000000.0,488672000000.0
600016,民生银行,600016,民生银行,2019-03-31 00:00:00,一季报,6196748000000.0,3090398000000.0,3328592000000.0,436899000000.0,448047000000.0
600016,民生银行,600016,民生银行,2018-12-31 00:00:00,年报,5994822000000.0,3008272000000.0,3194441000000.0,420074000000.0,431001000000.0
600016,民生银行,600016,民生银行,2018-09-30 00:00:00,三季报,5965827000000.0,2984419000000.0,3163923000000.0,411310000000.0,422444000000.0
600016,民生银行,600016,民生银行,2018-06-30 00:00:00,中报,6061143000000.0,2967784000000.0,3157881000000.0,397042000000.0,407844000000.0
600016,民生银行,600016,民生银行,2018-03-31 00:00:00,一季报,6002508000000.0,2821540000000.0,3050655000000.0,384998000000.0,395836000000.0
600016,民生银行,600016,民生银行,2017-12-31 00:00:00,年报,5902086000000.0,2729788000000.0,2966311000000.0,378970000000.0,389812000000.0
600016,民生银行,600016,民生银行,2017-09-30 00:00:00,三季报,5712525000000.0,2707650000000.0,2936748000000.0,370748000000.0,381274000000.0
600016,民生银行,600016,民生银行,2017-06-30 00:00:00,中报,5767209000000.0,2636361000000.0,3023127000000.0,364195000000.0,374522000000.0
600016,民生银行,600016,民生银行,2017-03-31 00:00:00,一季报,5956607000000.0,2543720000000.0,3050541000000.0,356960000000.0,366743000000.0
600016,民生银行,600016,民生银行,2016-12-31 00:00:00,年报,5895877000000.0,2397192000000.0,3082242000000.0,342590000000.0,352027000000.0
600016,民生银行,600016,民生银行,2016-09-30 00:00:00,三季报,5636577000000.0,2389447000000.0,2998848000000.0,326567000000.0,335705000000.0
600016,民生银行,600016,民生银行,2016-06-30 00:00:00,中报,5250162000000.0,2216624000000.0,2934633000000.0,318774000000.0,327655000000.0
600016,民生银行,600016,民生银行,2016-03-31 00:00:00,一季报,4820798000000.0,2157006000000.0,2836851000000.0,310850000000.0,319451000000.0
600016,民生银行,600016,民生银行,2015-12-31 00:00:00,年报,4520688000000.0,1997625000000.0,2732262000000.0,301218000000.0,309783000000.0
600016,民生银行,600016,民生银行,2015-09-30 00:00:00,三季报,4374847000000.0,1932309000000.0,2708015000000.0,292501000000.0,300735000000.0
600016,民生银行,600016,民生银行,2015-06-30 00:00:00,中报,4301073000000.0,1906497000000.0,2632680000000.0,280279000000.0,288313000000.0
600016,民生银行,600016,民生银行,2015-03-31 00:00:00,一季报,4016757000000.0,1845094000000.0,2449141000000.0,254079000000.0,261778000000.0
600016,民生银行,600016,民生银行,2014-12-31 00:00:00,年报,4015136000000.0,1774159000000.0,2433810000000.0,240142000000.0,247756000000.0
600016,民生银行,600016,民生银行,2014-09-30 00:00:00,三季报,3769341000000.0,1714728000000.0,2397690000000.0,233577000000.0,240803000000.0
600016,民生银行,600016,民生银行,2014-06-30 00:00:00,中报,3571451000000.0,1662137000000.0,2420577000000.0,222199000000.0,229299000000.0
600016,民生银行,600016,民生银行,2014-03-31 00:00:00,一季报,3282119000000.0,1598933000000.0,2256429000000.0,211045000000.0,217881000000.0
600016,民生银行,600016,民生银行,2013-12-31 00:00:00,年报,3226210000000.0,1539447000000.0,2146689000000.0,197712000000.0,204287000000.0
600016,民生银行,600016,民生银行,2013-09-30 00:00:00,三季报,3313219000000.0,1498952000000.0,2180686000000.0,189858000000.0,196226000000.0
600016,民生银行,600016,民生银行,2013-06-30 00:00:00,中报,3410093000000.0,1447950000000.0,2174975000000.0,185116000000.0,191207000000.0
600016,民生银行,600016,民生银行,2013-03-31 00:00:00,一季报,3299881000000.0,1400413000000.0,2097755000000.0,177931000000.0,183668000000.0
600016,民生银行,600016,民生银行,2012-12-31 00:00:00,年报,3212001000000.0,1351512000000.0,1926194000000.0,163077000000.0,168544000000.0
600016,民生银行,600016,民生银行,2012-09-30 00:00:00,三季报,2809570000000.0,1313135000000.0,1855776000000.0,154375000000.0,159600000000.0
600016,民生银行,600016,民生银行,2012-06-30 00:00:00,中报,2594066000000.0,1271629000000.0,1810963000000.0,149763000000.0,154712000000.0
600016,民生银行,600016,民生银行,2012-03-31 00:00:00,一季报,2417230000000.0,1217512000000.0,1690125000000.0,138866000000.0,143543000000.0
600016,民生银行,600016,民生银行,2011-12-31 00:00:00,年报,2229064000000.0,1178285000000.0,1644738000000.0,129597000000.0,134110000000.0
600016,民生银行,600016,民生银行,2011-09-30 00:00:00,三季报,2121806000000.0,1134376000000.0,1535261000000.0,122523000000.0,124284000000.0
600016,民生银行,600016,民生银行,2011-06-30 00:00:00,中报,2161005000000.0,1118295000000.0,1536586000000.0,115269000000.0,116809000000.0
600016,民生银行,600016,民生银行,2011-03-31 00:00:00,一季报,2042700000000.0,1066652000000.0,1486335000000.0,110381000000.0,111608000000.0
600016,民生银行,600016,民生银行,2010-12-31 00:00:00,年报,1823737000000.0,1037723000000.0,1417877000000.0,104108000000.0,105257000000.0
600016,民生银行,600016,民生银行,2010-09-30 00:00:00,三季报,1764395000000.0,973261000000.0,1373025000000.0,100111000000.0,101224000000.0
600016,民生银行,600016,民生银行,2010-06-30 00:00:00,中报,1630776000000.0,937612000000.0,1319560000000.0,95976000000.0,96894000000.0
600016,民生银行,600016,民生银行,2010-03-31 00:00:00,一季报,1484917000000.0,920156000000.0,1123603000000.0,92681000000.0,93555000000.0
600016,民生银行,600016,民生银行,2009-12-31 00:00:00,年报,1426392000000.0,867738000000.0,1127938000000.0,88034000000.0,88894000000.0
600016,民生银行,600016,民生银行,2009-09-30 00:00:00,三季报,1402936000000.0,880008000000.0,1099483000000.0,59607000000.0,60411000000.0
600016,民生银行,600016,民生银行,2009-06-30 00:00:00,中报,1410014000000.0,890678000000.0,1075309000000.0,57255000000.0,58052000000.0
600016,民生银行,600016,民生银行,2009-03-31 00:00:00,一季报,1161551000000.0,728629000000.0,924355000000.0,56786000000.0,57573000000.0
600016,民生银行,600016,民生银行,2008-12-31 00:00:00,年报,1054350000000.0,646475000000.0,785786000000.0,53880000000.0,54672000000.0
600016,民生银行,600016,民生银行,2008-09-30 00:00:00,三季报,1064055086000.0,621847199000.0,789217975000.0,56995399000.0,57666827000.0
600016,民生银行,600016,民生银行,2008-06-30 00:00:00,中报,1062210986000.0,603611600000.0,760404192000.0,54617795000.0,55222891000.0
600016,民生银行,600016,民生银行,2008-03-31 00:00:00,一季报,1003541228000.0,574708254000.0,706463348000.0,48715711000.0,49313936000.0
600016,民生银行,600016,民生银行,2007-12-31 00:00:00,年报,918837000000.0,547296000000.0,671219000000.0,50187000000.0,50187000000.0
600016,民生银行,600016,民生银行,2007-09-30 00:00:00,三季报,944601100000.0,548201534000.0,687263963000.0,45225087000.0,45225087000.0
600016,民生银行,600016,民生银行,2007-06-30 00:00:00,中报,852099564000.0,534836705000.0,641830581000.0,42915315000.0,42915315000.0
600016,民生银行,600016,民生银行,2007-03-31 00:00:00,一季报,692509627000.0,467289387000.0,581201356000.0,20395252000.0,20395252000.0
600016,民生银行,600016,民生银行,2006-12-31 00:00:00,年报,725087052000.0,465671018000.0,583315239000.0,19309910000.0,19309910000.0
600016,民生银行,600016,民生银行,2006-09-30 00:00:00,三季报,650202318000.0,424476737000.0,,17403095000.0,17403095000.0
600016,民生银行,600016,民生银行,2006-06-30 00:00:00,中报,625431574000.0,420482231000.0,,16605776000.0,16605776000.0
600016,民生银行,600016,民生银行,2006-03-31 00:00:00,一季报,567628040000.0,392190660000.0,,15914061000.0,15914061000.0
600016,民生银行,600016,民生银行,2005-12-31 00:00:00,年报,557505279000.0,373232234000.0,488832763000.0,15385793000.0,15385793000.0
600016,民生银行,600016,民生银行,2005-09-30 00:00:00,三季报,518772128000.0,,,14831766000.0,14831766000.0
600016,民生银行,600016,民生银行,2005-06-30 00:00:00,中报,512335013000.0,,,13815519000.0,13815519000.0
600016,民生银行,600016,民生银行,2005-03-31 00:00:00,一季报,467751027000.0,,,13514608000.0,13514608000.0
600016,民生银行,600016,民生银行,2004-12-31 00:00:00,年报,445398682000.0,284114443000.0,380449138000.0,12907158000.0,12907158000.0
600016,民生银行,600016,民生银行,2004-09-30 00:00:00,三季报,421795500000.0,,,12439412000.0,12439412000.0
600016,民生银行,600016,民生银行,2004-06-30 00:00:00,中报,405880655000.0,,,11945607000.0,11945607000.0
600016,民生银行,600016,民生银行,2004-03-31 00:00:00,一季报,379176471000.0,,,11676488000.0,11676488000.0
600016,民生银行,600016,民生银行,2003-12-31 00:00:00,年报,361064410000.0,198382343000.0,275598980000.0,9650204000.0,9650204000.0
600016,民生银行,600016,民生银行,2003-09-30 00:00:00,三季报,359019285000.0,,,7275026000.0,7275026000.0
600016,民生银行,600016,民生银行,2003-06-30 00:00:00,中报,329782387000.0,,,6641860000.0,6641860000.0
600016,民生银行,600016,民生银行,2003-03-31 00:00:00,一季报,254478502000.0,,,6291236000.0,6291236000.0
600016,民生银行,600016,民生银行,2002-12-31 00:00:00,年报,243662453000.0,125891086000.0,185321028000.0,6362986000.0,6362986000.0
600016,民生银行,600016,民生银行,2002-09-30 00:00:00,三季报,215957328000.0,,,5927773000.0,5927773000.0
600016,民生银行,600016,民生银行,2002-06-30 00:00:00,中报,195977590000.0,,,5698146000.0,5698146000.0
600016,民生银行,600016,民生银行,2002-03-31 00:00:00,一季报,141628872000.0,,,5626987000.0,5626987000.0
600016,民生银行,600016,民生银行,2001-12-31 00:00:00,年报,138898420000.0,71655776000.0,104849820000.0,5424903000.0,5424903000.0
600016,民生银行,600016,民生银行,2001-09-30 00:00:00,三季报,118228440481.46,,,6098614120.3,6098614120.3
600016,民生银行,600016,民生银行,2001-06-30 00:00:00,中报,100303236141.0,,,5854450406.0,5854450406.0
600016,民生银行,600016,民生银行,2001-03-31 00:00:00,一季报,80690760000.0,,,6161150000.0,6161150000.0
600016,民生银行,600016,民生银行,2000-12-31 00:00:00,年报,69715176000.0,34439652689.0,53300086486.0,5127251000.0,5127251000.0
600016,民生银行,600016,民生银行,2000-06-30 00:00:00,中报,48610443224.0,,,1738563518.0,1738563518.0
600016,民生银行,600016,民生银行,1999-12-31 00:00:00,年报,36308237297.0,16490910973.0,29522768535.0,1477906417.0,1477906417.0
600016,民生银行,600016,民生银行,1998-12-31 00:00:00,年报,25352145663.0,10974527023.0,18874110603.0,1619908818.0,1619908818.0
600016,民生银行,600016,民生银行,1997-12-31 00:00:00,年报,18524256116.0,5162511086.0,13804209818.0,1558012403.0,1558012403.0
600036,招商银行,600036,招商银行,2026-03-31 00:00:00,一季报,13484882000000.0,7206321000000.0,10042123000000.0,1282355000000.0,1290585000000.0
600036,招商银行,600036,招商银行,2025-12-31 00:00:00,年报,13070523000000.0,7004238000000.0,9924558000000.0,1272875000000.0,1280899000000.0
600036,招商银行,600036,招商银行,2025-09-30 00:00:00,三季报,12644075000000.0,6873462000000.0,9608951000000.0,1267285000000.0,1275136000000.0
600036,招商银行,600036,招商银行,2025-06-30 00:00:00,中报,12657151000000.0,6854591000000.0,9509526000000.0,1289233000000.0,1296860000000.0
600036,招商银行,600036,招商银行,2025-03-31 00:00:00,一季报,12529792000000.0,6864448000000.0,9406230000000.0,1246207000000.0,1253864000000.0
600036,招商银行,600036,招商银行,2024-12-31 00:00:00,年报,12152036000000.0,6632548000000.0,9195329000000.0,1226014000000.0,1233475000000.0
600036,招商银行,600036,招商银行,2024-09-30 00:00:00,三季报,11654763000000.0,6497960000000.0,8823606000000.0,1152527000000.0,1159635000000.0
600036,招商银行,600036,招商银行,2024-06-30 00:00:00,中报,11574783000000.0,6485011000000.0,8765124000000.0,1110213000000.0,1117025000000.0
600036,招商银行,600036,招商银行,2024-03-31 00:00:00,一季报,11520226000000.0,6555072000000.0,8533902000000.0,1118965000000.0,1125491000000.0
600036,招商银行,600036,招商银行,2023-12-31 00:00:00,年报,11028483000000.0,6252755000000.0,8240498000000.0,1076370000000.0,1085729000000.0
600036,招商银行,600036,招商银行,2023-09-30 00:00:00,三季报,10668009000000.0,6194118000000.0,8057712000000.0,1012235000000.0,1021339000000.0
600036,招商银行,600036,招商银行,2023-06-30 00:00:00,中报,10739836000000.0,6096979000000.0,8098272000000.0,977126000000.0,985913000000.0
600036,招商银行,600036,招商银行,2023-03-31 00:00:00,一季报,10508752000000.0,6080449000000.0,7832912000000.0,981087000000.0,989762000000.0
600036,招商银行,600036,招商银行,2022-12-31 00:00:00,年报,10138912000000.0,5807154000000.0,7590579000000.0,945503000000.0,954238000000.0
600036,招商银行,600036,招商银行,2022-09-30 00:00:00,三季报,9707111000000.0,5745942000000.0,7141484000000.0,919582000000.0,927767000000.0
600036,招商银行,600036,招商银行,2022-06-30 00:00:00,中报,9724996000000.0,5687676000000.0,7084597000000.0,888032000000.0,895666000000.0
600036,招商银行,600036,招商银行,2022-03-31 00:00:00,一季报,9415379000000.0,5519265000000.0,6721946000000.0,893494000000.0,900734000000.0
600036,招商银行,600036,招商银行,2021-12-31 00:00:00,年报,9249021000000.0,5335391000000.0,6385154000000.0,858745000000.0,865681000000.0
600036,招商银行,600036,招商银行,2021-09-30 00:00:00,三季报,8917440000000.0,5284395000000.0,6051682000000.0,788967000000.0,795815000000.0
600036,招商银行,600036,招商银行,2021-06-30 00:00:00,中报,8885886000000.0,5154030000000.0,6018945000000.0,754875000000.0,761568000000.0
600036,招商银行,600036,招商银行,2021-03-31 00:00:00,一季报,8664641000000.0,5085996000000.0,5864976000000.0,755107000000.0,761854000000.0
600036,招商银行,600036,招商银行,2020-12-31 00:00:00,年报,8361448000000.0,4804361000000.0,5664135000000.0,723750000000.0,730354000000.0
600036,招商银行,600036,招商银行,2020-09-30 00:00:00,三季报,8156700000000.0,4777195000000.0,5529132000000.0,703306000000.0,709727000000.0
600036,招商银行,600036,招商银行,2020-06-30 00:00:00,中报,8031826000000.0,4618104000000.0,5474392000000.0,632530000000.0,639021000000.0
600036,招商银行,600036,招商银行,2020-03-31 00:00:00,一季报,7766114000000.0,4506433000000.0,5196453000000.0,642031000000.0,648473000000.0
600036,招商银行,600036,招商银行,2019-12-31 00:00:00,年报,7417240000000.0,4277300000000.0,4874981000000.0,611301000000.0,617707000000.0
600036,招商银行,600036,招商银行,2019-09-30 00:00:00,三季报,7305925000000.0,4254079000000.0,4793171000000.0,596425000000.0,602848000000.0
600036,招商银行,600036,招商银行,2019-06-30 00:00:00,中报,7193181000000.0,4123051000000.0,4727134000000.0,567886000000.0,573995000000.0
600036,招商银行,600036,招商银行,2019-03-31 00:00:00,一季报,6794347000000.0,3932956000000.0,4454862000000.0,566046000000.0,573036000000.0
600036,招商银行,600036,招商银行,2018-12-31 00:00:00,年报,6745729000000.0,3749949000000.0,4427566000000.0,540118000000.0,543605000000.0
600036,招商银行,600036,招商银行,2018-09-30 00:00:00,三季报,6508681000000.0,3770356000000.0,4300067000000.0,525636000000.0,528889000000.0
600036,招商银行,600036,招商银行,2018-06-30 00:00:00,中报,6537340000000.0,3702913000000.0,4257803000000.0,500715000000.0,504051000000.0
600036,招商银行,600036,招商银行,2018-03-31 00:00:00,一季报,6252238000000.0,3553672000000.0,4066894000000.0,496146000000.0,499483000000.0
600036,招商银行,600036,招商银行,2017-12-31 00:00:00,年报,6297638000000.0,3414612000000.0,4064345000000.0,480210000000.0,483392000000.0
600036,招商银行,600036,招商银行,2017-09-30 00:00:00,三季报,6169239000000.0,3491964000000.0,3974219000000.0,438035000000.0,440640000000.0
600036,招商银行,600036,招商银行,2017-06-30 00:00:00,中报,6199690000000.0,3404094000000.0,4142254000000.0,419377000000.0,421824000000.0
600036,招商银行,600036,招商银行,2017-03-31 00:00:00,一季报,6000674000000.0,3308271000000.0,3929544000000.0,420634000000.0,421824000000.0
600036,招商银行,600036,招商银行,2016-12-31 00:00:00,年报,5942311000000.0,3151649000000.0,3802049000000.0,402350000000.0,403362000000.0
600036,招商银行,600036,招商银行,2016-09-30 00:00:00,三季报,5563990000000.0,3062607000000.0,3615989000000.0,396411000000.0,397434000000.0
600036,招商银行,600036,招商银行,2016-06-30 00:00:00,中报,5537298000000.0,2922036000000.0,3692648000000.0,378177000000.0,379188000000.0
600036,招商银行,600036,招商银行,2016-03-31 00:00:00,一季报,5432042000000.0,2835496000000.0,3579090000000.0,379140000000.0,380051000000.0
600036,招商银行,600036,招商银行,2015-12-31 00:00:00,年报,5474978000000.0,2739444000000.0,3571698000000.0,360806000000.0,361758000000.0
600036,招商银行,600036,招商银行,2015-09-30 00:00:00,三季报,5222292000000.0,2633672000000.0,3467658000000.0,348962000000.0,349965000000.0
600036,招商银行,600036,招商银行,2015-06-30 00:00:00,中报,5221221000000.0,2565277000000.0,3441792000000.0,332075000000.0,332918000000.0
600036,招商银行,600036,招商银行,2015-03-31 00:00:00,一季报,4908944000000.0,2549815000000.0,3332170000000.0,331315000000.0,332115000000.0
600036,招商银行,600036,招商银行,2014-12-31 00:00:00,年报,4731829000000.0,2448754000000.0,3304438000000.0,314404000000.0,315060000000.0
600036,招商银行,600036,招商银行,2014-09-30 00:00:00,三季报,4722648000000.0,2384121000000.0,3265520000000.0,301915000000.0,302398000000.0
600036,招商银行,600036,招商银行,2014-06-30 00:00:00,中报,5033122000000.0,2362544000000.0,3420748000000.0,285936000000.0,286364000000.0
600036,招商银行,600036,招商银行,2014-03-31 00:00:00,一季报,4404549000000.0,2295925000000.0,3057360000000.0,283335000000.0,283842000000.0
600036,招商银行,600036,招商银行,2013-12-31 00:00:00,年报,4016399000000.0,2148330000000.0,2775276000000.0,265465000000.0,265956000000.0
600036,招商银行,600036,招商银行,2013-09-30 00:00:00,三季报,3885372000000.0,2125156000000.0,2804691000000.0,257127000000.0,257274000000.0
600036,招商银行,600036,招商银行,2013-06-30 00:00:00,中报,3810629000000.0,2052599000000.0,2797578000000.0,212343000000.0,212498000000.0
600036,招商银行,600036,招商银行,2013-03-31 00:00:00,一季报,3513426000000.0,1947853000000.0,2729347000000.0,214397000000.0,214557000000.0
600036,招商银行,600036,招商银行,2012-12-31 00:00:00,年报,3408099000000.0,1863325000000.0,2532444000000.0,200328000000.0,200401000000.0
600036,招商银行,600036,招商银行,2012-09-30 00:00:00,三季报,3144618000000.0,1794847000000.0,2412732000000.0,190883000000.0,190954000000.0
600036,招商银行,600036,招商银行,2012-06-30 00:00:00,中报,3322701000000.0,1743892000000.0,2456436000000.0,181347000000.0,181362000000.0
600036,招商银行,600036,招商银行,2012-03-31 00:00:00,一季报,2963579000000.0,1665556000000.0,2259494000000.0,177255000000.0,177273000000.0
600036,招商银行,600036,招商银行,2011-12-31 00:00:00,年报,2794971000000.0,1604371000000.0,2220060000000.0,164997000000.0,165010000000.0
600036,招商银行,600036,招商银行,2011-09-30 00:00:00,三季报,2633278000000.0,1563560000000.0,2090004000000.0,153848000000.0,153848000000.0
600036,招商银行,600036,招商银行,2011-06-30 00:00:00,中报,2643205000000.0,1521672000000.0,2092758000000.0,145432000000.0,145432000000.0
600036,招商银行,600036,招商银行,2011-03-31 00:00:00,一季报,2584723000000.0,1474711000000.0,2032077000000.0,142777000000.0,142777000000.0
600036,招商银行,600036,招商银行,2010-12-31 00:00:00,年报,2402507000000.0,1402160000000.0,1897178000000.0,134006000000.0,134006000000.0
600036,招商银行,600036,招商银行,2010-09-30 00:00:00,三季报,2359564000000.0,1355123000000.0,1874924000000.0,133108000000.0,133108000000.0
600036,招商银行,600036,招商银行,2010-06-30 00:00:00,中报,2282482000000.0,1304428000000.0,1752400000000.0,124841000000.0,124841000000.0
600036,招商银行,600036,招商银行,2010-03-31 00:00:00,一季报,2199275000000.0,1246157000000.0,1641126000000.0,118214000000.0,118214000000.0
600036,招商银行,600036,招商银行,2009-12-31 00:00:00,年报,2067941000000.0,1161817000000.0,1608146000000.0,92783000000.0,92783000000.0
600036,招商银行,600036,招商银行,2009-09-30 00:00:00,三季报,2016901000000.0,1145911000000.0,1583494000000.0,87505000000.0,87505000000.0
600036,招商银行,600036,招商银行,2009-06-30 00:00:00,中报,1972768000000.0,1128211000000.0,1540682000000.0,84185000000.0,84185000000.0
600036,招商银行,600036,招商银行,2009-03-31 00:00:00,一季报,1800839000000.0,973797000000.0,1446683000000.0,82171000000.0,82171000000.0
600036,招商银行,600036,招商银行,2008-12-31 00:00:00,年报,1571797000000.0,852754000000.0,1250648000000.0,79515000000.0,79781000000.0
600036,招商银行,600036,招商银行,2008-09-30 00:00:00,三季报,1547249000000.0,779903000000.0,1197362000000.0,83580000000.0,90012000000.0
600036,招商银行,600036,招商银行,2008-06-30 00:00:00,中报,1395791000000.0,722584000000.0,1046626000000.0,77496000000.0,77496000000.0
600036,招商银行,600036,招商银行,2008-03-31 00:00:00,一季报,1373786000000.0,684475000000.0,997301000000.0,74762000000.0,74762000000.0
600036,招商银行,600036,招商银行,2007-12-31 00:00:00,年报,1310964000000.0,654417000000.0,943534000000.0,67984000000.0,67984000000.0
600036,招商银行,600036,招商银行,2007-09-30 00:00:00,三季报,1219366000000.0,634071000000.0,897618000000.0,62946000000.0,62946000000.0
600036,招商银行,600036,招商银行,2007-06-30 00:00:00,中报,1108776000000.0,611840000000.0,844571000000.0,59236000000.0,59236000000.0
600036,招商银行,600036,招商银行,2007-03-31 00:00:00,一季报,984693000000.0,600225000000.0,790455000000.0,57311000000.0,57311000000.0
600036,招商银行,600036,招商银行,2006-12-31 00:00:00,年报,934102000000.0,549420000000.0,773757000000.0,55160000000.0,55160000000.0
600036,招商银行,600036,招商银行,2006-09-30 00:00:00,三季报,874009111000.0,524732206000.0,732100716000.0,50895031000.0,50895031000.0
600036,招商银行,600036,招商银行,2006-06-30 00:00:00,中报,824315875000.0,516526919000.0,703602093000.0,32742762000.0,32742762000.0
600036,招商银行,600036,招商银行,2006-03-31 00:00:00,一季报,765760233000.0,,665472296000.0,32404713000.0,32404713000.0
600036,招商银行,600036,招商银行,2005-12-31 00:00:00,年报,734612864000.0,458674675000.0,634403552000.0,25997468000.0,25997468000.0
600036,招商银行,600036,招商银行,2005-09-30 00:00:00,三季报,703445380000.0,,,23556203000.0,23556203000.0
600036,招商银行,600036,招商银行,2005-06-30 00:00:00,中报,671423185000.0,,,22262398000.0,22262398000.0
600036,招商银行,600036,招商银行,2005-03-31 00:00:00,一季报,630035184000.0,,,21935771000.0,21935771000.0
600036,招商银行,600036,招商银行,2004-12-31 00:00:00,年报,586574233000.0,-10920000000.0,512586194000.0,20880950000.0,20880950000.0
600036,招商银行,600036,招商银行,2004-09-30 00:00:00,三季报,566346699000.0,,,20269801000.0,20269801000.0
600036,招商银行,600036,招商银行,2004-06-30 00:00:00,中报,538862445000.0,,,19426380000.0,19426380000.0
600036,招商银行,600036,招商银行,2004-03-31 00:00:00,一季报,510683534000.0,,,18546603000.0,18546603000.0
600036,招商银行,600036,招商银行,2003-12-31 00:00:00,年报,503892810000.0,298960056000.0,406885855000.0,18261438000.0,18261438000.0
600036,招商银行,600036,招商银行,2003-09-30 00:00:00,三季报,442718653000.0,,,17719188000.0,17719188000.0
600036,招商银行,600036,招商银行,2003-06-30 00:00:00,中报,435834298000.0,,,17140150000.0,17140150000.0
600036,招商银行,600036,招商银行,2003-03-31 00:00:00,一季报,389142028000.0,,,16587686000.0,16587686000.0
600036,招商银行,600036,招商银行,2002-12-31 00:00:00,年报,371659912000.0,200111273000.0,304295360000.0,16716639000.0,16716639000.0
600036,招商银行,600036,招商银行,2002-09-30 00:00:00,三季报,334321889000.0,,,16522100000.0,16522100000.0
600036,招商银行,600036,招商银行,2002-06-30 00:00:00,中报,313137098000.0,,,16101143000.0,16101143000.0
600036,招商银行,600036,招商银行,2002-03-31 00:00:00,一季报,317726623000.0,,,15523544000.0,15523544000.0
600036,招商银行,600036,招商银行,2001-12-31 00:00:00,年报,266331405000.0,133455485000.0,216053935000.0,4912099000.0,4912099000.0
600036,招商银行,600036,招商银行,2000-12-31 00:00:00,年报,219507988000.0,103642885000.0,166089771000.0,3685316000.0,3685316000.0
600036,招商银行,600036,招商银行,1999-12-31 00:00:00,年报,156606396000.0,74795038000.0,124612632000.0,2881504000.0,2881504000.0
600908,无锡银行,600908,无锡银行,2026-03-31 00:00:00,一季报,291581599000.0,174995372000.0,250035824000.0,23634630000.0,23704296000.0
600908,无锡银行,600908,无锡银行,2025-12-31 00:00:00,年报,280626911000.0,165350519000.0,240929713000.0,22942995000.0,23011829000.0
600908,无锡银行,600908,无锡银行,2025-09-30 00:00:00,三季报,277410695000.0,163435893000.0,242867297000.0,24339611000.0,24470381000.0
600908,无锡银行,600908,无锡银行,2025-06-30 00:00:00,中报,272833062000.0,162138764000.0,234916138000.0,24456521000.0,24586152000.0
600908,无锡银行,600908,无锡银行,2025-03-31 00:00:00,一季报,266801177000.0,160668183000.0,228879958000.0,23653249000.0,23782511000.0
600908,无锡银行,600908,无锡银行,2024-12-31 00:00:00,年报,256801132000.0,151214555000.0,218087375000.0,23238147000.0,23366174000.0
600908,无锡银行,600908,无锡银行,2024-09-30 00:00:00,三季报,253087058000.0,148327736000.0,218539220000.0,22647994000.0,22778738000.0
600908,无锡银行,600908,无锡银行,2024-06-30 00:00:00,中报,250127228000.0,146751550000.0,214714073000.0,22718288000.0,22848094000.0
600908,无锡银行,600908,无锡银行,2024-03-31 00:00:00,一季报,245280928000.0,144139346000.0,209439738000.0,21921279000.0,22051348000.0
600908,无锡银行,600908,无锡银行,2023-12-31 00:00:00,年报,234956165000.0,137355693000.0,199841882000.0,21056013000.0,21199513000.0
600908,无锡银行,600908,无锡银行,2023-09-30 00:00:00,三季报,233361668000.0,135273215000.0,197077187000.0,20669878000.0,20812930000.0
600908,无锡银行,600908,无锡银行,2023-06-30 00:00:00,中报,227273303000.0,132011403000.0,191936551000.0,20683251000.0,20825549000.0
600908,无锡银行,600908,无锡银行,2023-03-31 00:00:00,一季报,226516839000.0,128568313000.0,187818074000.0,19927920000.0,20069087000.0
600908,无锡银行,600908,无锡银行,2022-12-31 00:00:00,年报,211603401000.0,123067884000.0,177139175000.0,19382456000.0,19520109000.0
600908,无锡银行,600908,无锡银行,2022-09-30 00:00:00,三季报,210224428000.0,121272049000.0,172461075000.0,16873843000.0,17009590000.0
600908,无锡银行,600908,无锡银行,2022-06-30 00:00:00,中报,208386011000.0,119142144000.0,170824433000.0,16787845000.0,16918601000.0
600908,无锡银行,600908,无锡银行,2022-03-31 00:00:00,一季报,208083708000.0,116932159000.0,170295833000.0,16236644000.0,16368236000.0
600908,无锡银行,600908,无锡银行,2021-12-31 00:00:00,年报,201769863000.0,112741546000.0,161811080000.0,15795162000.0,15924161000.0
600908,无锡银行,600908,无锡银行,2021-09-30 00:00:00,三季报,203341525000.0,111487338000.0,165846038000.0,15434459000.0,15560753000.0
600908,无锡银行,600908,无锡银行,2021-06-30 00:00:00,中报,197491298000.0,108779321000.0,160308975000.0,15367682000.0,15482340000.0
600908,无锡银行,600908,无锡银行,2021-03-31 00:00:00,一季报,191113314000.0,104136719000.0,152492875000.0,14405775000.0,14501753000.0
600908,无锡银行,600908,无锡银行,2020-12-31 00:00:00,年报,180018291000.0,95942814000.0,145292749000.0,13979139000.0,14070289000.0
600908,无锡银行,600908,无锡银行,2020-09-30 00:00:00,三季报,177788116000.0,95191170000.0,147499620000.0,12051415000.0,12136782000.0
600908,无锡银行,600908,无锡银行,2020-06-30 00:00:00,中报,173703237000.0,91062831000.0,144373641000.0,11895002000.0,11981259000.0
600908,无锡银行,600908,无锡银行,2020-03-31 00:00:00,一季报,169776311000.0,87785798000.0,139303342000.0,12105211000.0,12187716000.0
600908,无锡银行,600908,无锡银行,2019-12-31 00:00:00,年报,161912124000.0,82097471000.0,131358121000.0,11649445000.0,11730248000.0
600908,无锡银行,600908,无锡银行,2019-09-30 00:00:00,三季报,162867148000.0,81084121000.0,133904117000.0,11317752000.0,11402394000.0
600908,无锡银行,600908,无锡银行,2019-06-30 00:00:00,中报,160869146000.0,79895279000.0,130244752000.0,10973525000.0,11057133000.0
600908,无锡银行,600908,无锡银行,2019-03-31 00:00:00,一季报,159467062000.0,77590517000.0,127537019000.0,10991538000.0,11070700000.0
600908,无锡银行,600908,无锡银行,2018-12-31 00:00:00,年报,154394543000.0,73143808000.0,115808239000.0,10850483000.0,10928958000.0
600908,无锡银行,600908,无锡银行,2018-09-30 00:00:00,三季报,145819200000.0,71453386000.0,115372488000.0,10548834000.0,10646326000.0
600908,无锡银行,600908,无锡银行,2018-06-30 00:00:00,中报,139938745000.0,68832291000.0,108837059000.0,10239603000.0,10336454000.0
600908,无锡银行,600908,无锡银行,2018-03-31 00:00:00,一季报,140282309000.0,67210549000.0,105351555000.0,10174537000.0,10272176000.0
600908,无锡银行,600908,无锡银行,2017-12-31 00:00:00,年报,137124910000.0,64309496000.0,106826561000.0,9253711000.0,9351950000.0
600908,无锡银行,600908,无锡银行,2017-09-30 00:00:00,三季报,130179002000.0,63223349000.0,107715278000.0,9109599000.0,9209793000.0
600908,无锡银行,600908,无锡银行,2017-06-30 00:00:00,中报,125917178000.0,61890668000.0,100007440000.0,8881249000.0,8980959000.0
600908,无锡银行,600908,无锡银行,2017-03-31 00:00:00,一季报,129732428000.0,60927039000.0,100551303000.0,8926121000.0,9024546000.0
600908,无锡银行,600908,无锡银行,2016-12-31 00:00:00,年报,124632666000.0,58570453000.0,95461370000.0,8772436000.0,8872707000.0
600908,无锡银行,600908,无锡银行,2016-09-30 00:00:00,三季报,119311267540.0,58747739720.0,94627722400.0,8714443150.0,8824254090.0
600908,无锡银行,600908,无锡银行,2016-06-30 00:00:00,中报,118105952850.16,57255989116.23,91820238097.28,7664781318.91,7770766957.02
600908,无锡银行,600908,无锡银行,2016-03-31 00:00:00,一季报,116456215457.36,55913390778.69,90315501166.75,7436695210.65,7543030659.93
600908,无锡银行,600908,无锡银行,2015-12-31 00:00:00,年报,115490645000.0,54023504000.0,87212889000.0,7208387000.0,7317888000.0
600908,无锡银行,600908,无锡银行,2015-06-30 00:00:00,中报,109570271000.0,51325583000.0,85471286000.0,6664491000.0,6780555000.0
600908,无锡银行,600908,无锡银行,2014-12-31 00:00:00,年报,104463093558.55,49131981532.82,78375970900.86,6413137677.51,6536881663.83
600908,无锡银行,600908,无锡银行,2013-12-31 00:00:00,年报,83766410136.62,42731987255.01,67199731142.26,5642305312.58,5776843827.46
600908,无锡银行,600908,无锡银行,2012-12-31 00:00:00,年报,72972698000.0,37326967000.0,55342989000.0,4953176000.0,5083870000.0
600908,无锡银行,600908,无锡银行,2011-12-31 00:00:00,年报,59941426913.48,32348939645.24,46943499532.1,4241521873.82,4372389301.92
600908,无锡银行,600908,无锡银行,2009-12-31 00:00:00,年报,36597970000.0,,,2098080000.0,
600908,无锡银行,600908,无锡银行,2007-12-31 00:00:00,年报,23361683826.04,,,1076528632.7,
600908,无锡银行,600908,无锡银行,2006-12-31 00:00:00,年报,21001374681.42,,,892336481.89,
600919,江苏银行,600919,江苏银行,2026-03-31 00:00:00,一季报,5581418948000.0,2632473404000.0,2990255162000.0,344186214000.0,356110381000.0
600919,江苏银行,600919,江苏银行,2025-12-31 00:00:00,年报,4931316046000.0,2411711317000.0,2589723921000.0,337961238000.0,349582065000.0
600919,江苏银行,600919,江苏银行,2025-09-30 00:00:00,三季报,4927496856000.0,2412721737000.0,2591716294000.0,335086158000.0,346268228000.0
600919,江苏银行,600919,江苏银行,2025-06-30 00:00:00,中报,4788480221000.0,2372632630000.0,2589723023000.0,329455204000.0,340267976000.0
600919,江苏银行,600919,江苏银行,2025-03-31 00:00:00,一季报,4459621169000.0,2205152650000.0,2459121984000.0,310467383000.0,320884610000.0
600919,江苏银行,600919,江苏银行,2024-12-31 00:00:00,年报,3952041570000.0,2038660849000.0,2160655100000.0,303589817000.0,313658218000.0
600919,江苏银行,600919,江苏银行,2024-09-30 00:00:00,三季报,3856856211000.0,2038123612000.0,2116851011000.0,302455347000.0,312081643000.0
600919,江苏银行,600919,江苏银行,2024-06-30 00:00:00,中报,3770833849000.0,1997284725000.0,2129122629000.0,282856707000.0,292233575000.0
600919,江苏银行,600919,江苏银行,2024-03-31 00:00:00,一季报,3669829758000.0,1847392493000.0,2120202123000.0,260247013000.0,269227571000.0
600919,江苏银行,600919,江苏银行,2023-12-31 00:00:00,年报,3403361837000.0,1835972461000.0,1914948437000.0,250409988000.0,259116031000.0
600919,江苏银行,600919,江苏银行,2023-09-30 00:00:00,三季报,3336345824000.0,1737079516000.0,1939698968000.0,245515822000.0,253267302000.0
600919,江苏银行,600919,江苏银行,2023-06-30 00:00:00,中报,3294582710000.0,1694100913000.0,1883587791000.0,230864898000.0,238302235000.0
600919,江苏银行,600919,江苏银行,2023-03-31 00:00:00,一季报,3189227008000.0,1632300407000.0,1851560924000.0,216350659000.0,223409895000.0
600919,江苏银行,600919,江苏银行,2022-12-31 00:00:00,年报,2980294692000.0,1556170969000.0,1658677652000.0,208632730000.0,215431339000.0
600919,江苏银行,600919,江苏银行,2022-09-30 00:00:00,三季报,2922769309000.0,1536362243000.0,1666807115000.0,206257008000.0,212810091000.0
600919,江苏银行,600919,江苏银行,2022-06-30 00:00:00,中报,2870587131000.0,1489384454000.0,1658991332000.0,199516421000.0,205813981000.0
600919,江苏银行,600919,江苏银行,2022-03-31 00:00:00,一季报,2764874181000.0,1421536455000.0,1630548863000.0,197950844000.0,204005826000.0
600919,江苏银行,600919,江苏银行,2021-12-31 00:00:00,年报,2618874260000.0,1359127491000.0,1478812360000.0,192227078000.0,198055748000.0
600919,江苏银行,600919,江苏银行,2021-09-30 00:00:00,三季报,2582610901000.0,1337605519000.0,1500203488000.0,189180130000.0,193915815000.0
600919,江苏银行,600919,江苏银行,2021-06-30 00:00:00,中报,2553294748000.0,1293640485000.0,1496514272000.0,183316758000.0,187968020000.0
600919,江苏银行,600919,江苏银行,2021-03-31 00:00:00,一季报,2504781678000.0,1231835751000.0,1440496328000.0,182708684000.0,187218480000.0
600919,江苏银行,600919,江苏银行,2020-12-31 00:00:00,年报,2337892914000.0,1165964075000.0,1329869837000.0,178037739000.0,182079273000.0
600919,江苏银行,600919,江苏银行,2020-09-30 00:00:00,三季报,2265648892000.0,1141539869000.0,1350800754000.0,160993795000.0,164979347000.0
600919,江苏银行,600919,江苏银行,2020-06-30 00:00:00,中报,2225457921000.0,1104246589000.0,1379774774000.0,157803827000.0,161575421000.0
600919,江苏银行,600919,江苏银行,2020-03-31 00:00:00,一季报,2197336954000.0,1064851262000.0,1359463352000.0,137924049000.0,141689995000.0
600919,江苏银行,600919,江苏银行,2019-12-31 00:00:00,年报,2065058387000.0,1010901288000.0,1205562442000.0,132792385000.0,136435921000.0
600919,江苏银行,600919,江苏银行,2019-09-30 00:00:00,三季报,2066577444000.0,979098291000.0,1208068461000.0,131018900000.0,134625081000.0
600919,江苏银行,600919,江苏银行,2019-06-30 00:00:00,中报,2047010439000.0,939815515000.0,1193517621000.0,126710781000.0,128750671000.0
600919,江苏银行,600919,江苏银行,2019-03-31 00:00:00,一季报,2005474781000.0,906276507000.0,1214175122000.0,127439670000.0,129383034000.0
600919,江苏银行,600919,江苏银行,2018-12-31 00:00:00,年报,1925823214000.0,863977517000.0,1093327642000.0,122624474000.0,124504926000.0
600919,江苏银行,600919,江苏银行,2018-09-30 00:00:00,三季报,1939338856000.0,859632557000.0,1112048820000.0,119632836000.0,121444274000.0
600919,江苏银行,600919,江苏银行,2018-06-30 00:00:00,中报,1847867853000.0,807987053000.0,1077339073000.0,116184673000.0,117933404000.0
600919,江苏银行,600919,江苏银行,2018-03-31 00:00:00,一季报,1797640402000.0,765096213000.0,1041795305000.0,114603162000.0,116313501000.0
600919,江苏银行,600919,江苏银行,2017-12-31 00:00:00,年报,1770550986000.0,727844072000.0,1007832860000.0,111144904000.0,112827783000.0
600919,江苏银行,600919,江苏银行,2017-09-30 00:00:00,三季报,1737565502000.0,706095853000.0,1003448773000.0,88800693000.0,90434041000.0
600919,江苏银行,600919,江苏银行,2017-06-30 00:00:00,中报,1727171780000.0,682825026000.0,984310943000.0,85758203000.0,87344681000.0
600919,江苏银行,600919,江苏银行,2017-03-31 00:00:00,一季报,1749021472000.0,656132778000.0,987827144000.0,84887581000.0,86450777000.0
600919,江苏银行,600919,江苏银行,2016-12-31 00:00:00,年报,1598292446000.0,632554891000.0,907412486000.0,82665060000.0,84206966000.0
600919,江苏银行,600919,江苏银行,2016-09-30 00:00:00,三季报,1562968156000.0,618714898000.0,914419062000.0,80575390000.0,80984602000.0
600919,江苏银行,600919,江苏银行,2016-06-30 00:00:00,中报,1436673765000.0,602112143000.0,899929450000.0,70669830000.0,71067736000.0
600919,江苏银行,600919,江苏银行,2015-12-31 00:00:00,年报,1290333336000.0,546389335000.0,776428471000.0,65155806000.0,65534563000.0
600919,江苏银行,600919,江苏银行,2014-12-31 00:00:00,年报,1038309050000.0,475363549000.0,681297329000.0,55935208000.0,56065086000.0
600919,江苏银行,600919,江苏银行,2013-12-31 00:00:00,年报,763652173000.0,401073267000.0,596553924000.0,47763497000.0,47895128000.0
600919,江苏银行,600919,江苏银行,2012-12-31 00:00:00,年报,650328811000.0,343559988000.0,532719530000.0,34151101000.0,34268871000.0
600919,江苏银行,600919,江苏银行,2011-12-31 00:00:00,年报,514145722000.0,283424677000.0,434277827000.0,27811530000.0,27811530000.0
600919,江苏银行,600919,江苏银行,2011-06-30 00:00:00,中报,470362894276.58,264588051050.47,407761717009.85,25625448993.35,25625448993.35
600919,江苏银行,600919,江苏银行,2010-12-31 00:00:00,年报,430437284000.0,234203825000.0,362631032000.0,22692376000.0,22692376000.0
600919,江苏银行,600919,江苏银行,2009-12-31 00:00:00,年报,330654201000.0,189260536000.0,278740470000.0,15037689000.0,15037689000.0
600919,江苏银行,600919,江苏银行,2009-06-30 00:00:00,中报,316604995839.42,181134250832.96,270336104852.65,13816713806.44,13816713806.44
600919,江苏银行,600919,江苏银行,2008-12-31 00:00:00,年报,225238893000.0,130685152000.0,199852134000.0,11230456000.0,11230456000.0
600919,江苏银行,600919,江苏银行,2007-12-31 00:00:00,年报,182214059451.36,,,9402950533.53,
600919,江苏银行,600919,江苏银行,2006-12-31 00:00:00,年报,151796061053.04,,,9003743401.59,
600919,江苏银行,600919,江苏银行,2005-12-31 00:00:00,年报,121913995953.8,,,514197087.2,
600926,杭州银行,600926,杭州银行,2026-03-31 00:00:00,一季报,2435673214000.0,1112476439000.0,1536836019000.0,170027736000.0,170027736000.0
600926,杭州银行,600926,杭州银行,2025-12-31 00:00:00,年报,2362805622000.0,1032540364000.0,1458999372000.0,163188766000.0,163188766000.0
600926,杭州银行,600926,杭州银行,2025-09-30 00:00:00,三季报,2295423508000.0,987002796000.0,1366860196000.0,162950188000.0,162950188000.0
600926,杭州银行,600926,杭州银行,2025-06-30 00:00:00,中报,2235595353000.0,970705953000.0,1356123998000.0,160535901000.0,160535901000.0
600926,杭州银行,600926,杭州银行,2025-03-31 00:00:00,一季报,2222216225000.0,956299990000.0,1366203000000.0,145922409000.0,145922409000.0
600926,杭州银行,600926,杭州银行,2024-12-31 00:00:00,年报,2112355860000.0,900326175000.0,1289515182000.0,136047999000.0,136047999000.0
600926,杭州银行,600926,杭州银行,2024-09-30 00:00:00,三季报,2017781483000.0,873925340000.0,1193579736000.0,132689158000.0,132689158000.0
600926,杭州银行,600926,杭州银行,2024-06-30 00:00:00,中报,1984813627000.0,865335714000.0,1166776084000.0,128921111000.0,128921111000.0
600926,杭州银行,600926,杭州银行,2024-03-31 00:00:00,一季报,1917305256000.0,835517892000.0,1127890315000.0,116743356000.0,116743356000.0
600926,杭州银行,600926,杭州银行,2023-12-31 00:00:00,年报,1841330802000.0,773942292000.0,1058307919000.0,111293210000.0,111293210000.0
600926,杭州银行,600926,杭州银行,2023-09-30 00:00:00,三季报,1790144972000.0,752276057000.0,1025486713000.0,108386355000.0,108386355000.0
600926,杭州银行,600926,杭州银行,2023-06-30 00:00:00,中报,1744213834000.0,741306161000.0,1024812019000.0,105306381000.0,105306381000.0
600926,杭州银行,600926,杭州银行,2023-03-31 00:00:00,一季报,1696126260000.0,719082276000.0,1013947123000.0,102927262000.0,102927262000.0
600926,杭州银行,600926,杭州银行,2022-12-31 00:00:00,年报,1616538051000.0,672634596000.0,937897976000.0,98573225000.0,98573225000.0
600926,杭州银行,600926,杭州银行,2022-09-30 00:00:00,三季报,1563442981000.0,648198663000.0,880154509000.0,97196082000.0,97196082000.0
600926,杭州银行,600926,杭州银行,2022-06-30 00:00:00,中报,1532855226000.0,632047749000.0,912900383000.0,94277531000.0,94277531000.0
600926,杭州银行,600926,杭州银行,2022-03-31 00:00:00,一季报,1456949445000.0,601360324000.0,875861531000.0,92957116000.0,92957116000.0
600926,杭州银行,600926,杭州银行,2021-12-31 00:00:00,年报,1390564530000.0,560890639000.0,817233231000.0,90070586000.0,90070586000.0
600926,杭州银行,600926,杭州银行,2021-09-30 00:00:00,三季报,1330030898000.0,535879864000.0,787281566000.0,87841749000.0,87841749000.0
600926,杭州银行,600926,杭州银行,2021-06-30 00:00:00,中报,1286599234000.0,512880843000.0,749698884000.0,85266705000.0,85266705000.0
600926,杭州银行,600926,杭州银行,2021-03-31 00:00:00,一季报,1228039420000.0,493232296000.0,740269220000.0,82984940000.0,82984940000.0
600926,杭州银行,600926,杭州银行,2020-12-31 00:00:00,年报,1169257248000.0,460016232000.0,703680405000.0,80862555000.0,80862555000.0
600926,杭州银行,600926,杭州银行,2020-09-30 00:00:00,三季报,1111062428000.0,448565482000.0,678132136000.0,79470947000.0,79470947000.0
600926,杭州银行,600926,杭州银行,2020-06-30 00:00:00,中报,1071569990000.0,431844073000.0,679359680000.0,78658705000.0,78658705000.0
600926,杭州银行,600926,杭州银行,2020-03-31 00:00:00,一季报,1040047666000.0,416755097000.0,648363780000.0,72496310000.0,72496310000.0
600926,杭州银行,600926,杭州银行,2019-12-31 00:00:00,年报,1024070107000.0,397482469000.0,619976397000.0,62544597000.0,62544597000.0
600926,杭州银行,600926,杭州银行,2019-09-30 00:00:00,三季报,980628000000.0,386317174000.0,577024880000.0,61494191000.0,61494191000.0
600926,杭州银行,600926,杭州银行,2019-06-30 00:00:00,中报,946723551000.0,373143075000.0,572432278000.0,59737524000.0,59737524000.0
600926,杭州银行,600926,杭州银行,2019-03-31 00:00:00,一季报,934601150000.0,365167838000.0,556473438000.0,59528889000.0,59528889000.0
600926,杭州银行,600926,杭州银行,2018-12-31 00:00:00,年报,921056104000.0,337460118000.0,532782689000.0,57164583000.0,57164583000.0
600926,杭州银行,600926,杭州银行,2018-09-30 00:00:00,三季报,869992376000.0,335000734000.0,500768322000.0,55840037000.0,55840037000.0
600926,杭州银行,600926,杭州银行,2018-06-30 00:00:00,中报,856884507000.0,301845328000.0,494766537000.0,54330378000.0,54330378000.0
600926,杭州银行,600926,杭州银行,2018-03-31 00:00:00,一季报,842764468000.0,287112273000.0,473881311000.0,53654441000.0,53654441000.0
600926,杭州银行,600926,杭州银行,2017-12-31 00:00:00,年报,832975130000.0,274297192000.0,448626861000.0,51830958000.0,51830958000.0
600926,杭州银行,600926,杭州银行,2017-09-30 00:00:00,三季报,797771572000.0,271046159000.0,417360600000.0,41262512000.0,41262512000.0
600926,杭州银行,600926,杭州银行,2017-06-30 00:00:00,中报,754085254000.0,264974648000.0,381953751000.0,40166874000.0,40166874000.0
600926,杭州银行,600926,杭州银行,2017-03-31 00:00:00,一季报,740264626000.0,255704118000.0,371113980000.0,39732468000.0,39732468000.0
600926,杭州银行,600926,杭州银行,2016-12-31 00:00:00,年报,720424176000.0,239129968000.0,368307031000.0,38561695000.0,38561695000.0
600926,杭州银行,600926,杭州银行,2016-09-30 00:00:00,三季报,634141609000.0,229834201000.0,338165110000.0,34712624000.0,34712624000.0
600926,杭州银行,600926,杭州银行,2016-06-30 00:00:00,中报,566888989000.0,226251799000.0,332166099000.0,33881716000.0,33907491000.0
600926,杭州银行,600926,杭州银行,2015-12-31 00:00:00,年报,545314565000.0,209574594000.0,312046513000.0,31835281000.0,31894442000.0
600926,杭州银行,600926,杭州银行,2015-06-30 00:00:00,中报,492666985000.0,205697905000.0,290704382000.0,29809781000.0,29875789000.0
600926,杭州银行,600926,杭州银行,2014-12-31 00:00:00,年报,418541235000.0,192032581000.0,279680558000.0,26094648000.0,26162189000.0
600926,杭州银行,600926,杭州银行,2013-12-31 00:00:00,年报,340188560000.0,169317513000.0,249273208000.0,20547211000.0,20613048000.0
600926,杭州银行,600926,杭州银行,2012-12-31 00:00:00,年报,324984470000.0,148341428000.0,220710858000.0,17457427000.0,17512763000.0
600926,杭州银行,600926,杭州银行,2011-12-31 00:00:00,年报,243937268000.0,124159959000.0,182045305000.0,14379022000.0,14428360000.0
600926,杭州银行,600926,杭州银行,2011-06-30 00:00:00,中报,237365008000.0,116644774000.0,170893247000.0,12980646000.0,13027899000.0
600926,杭州银行,600926,杭州银行,2010-12-31 00:00:00,年报,217429360000.0,104831149000.0,152317143000.0,11938128000.0,11938128000.0
600926,杭州银行,600926,杭州银行,2010-06-30 00:00:00,中报,170462304000.0,95656614000.0,136924240000.0,10959621000.0,10959621000.0
600926,杭州银行,600926,杭州银行,2009-12-31 00:00:00,年报,149991288000.0,84505238000.0,124278841000.0,10362986000.0,10362986000.0
600926,杭州银行,600926,杭州银行,2008-12-31 00:00:00,年报,99617095000.0,57227524000.0,82043228000.0,4809400000.0,4809400000.0
600926,杭州银行,600926,杭州银行,2008-06-30 00:00:00,中报,80395141000.0,44590505000.0,69924653000.0,4242397000.0,4242397000.0
600926,杭州银行,600926,杭州银行,2007-12-31 00:00:00,年报,69271226000.0,40023150000.0,60773847000.0,3839336000.0,3839336000.0
600926,杭州银行,600926,杭州银行,2006-12-31 00:00:00,年报,56948641000.0,33613284000.0,51181695000.0,3201475000.0,3201475000.0
600926,杭州银行,600926,杭州银行,2005-12-31 00:00:00,年报,46381705000.0,26539368000.0,42795608000.0,2490354000.0,2490354000.0
600926,杭州银行,600926,杭州银行,2004-12-31 00:00:00,年报,38159460441.77,,,1514882741.63,
600926,杭州银行,600926,杭州银行,2003-12-31 00:00:00,年报,39752065900.0,,,1444500600.0,
600926,杭州银行,600926,杭州银行,2002-12-31 00:00:00,年报,32131936002.66,,,739508598.8,
600926,杭州银行,600926,杭州银行,2001-12-31 00:00:00,年报,23332310246.28,,,606824043.23,
600928,西安银行,600928,西安银行,2026-03-31 00:00:00,一季报,546988584000.0,284022968000.0,359942710000.0,40888310000.0,40951800000.0
600928,西安银行,600928,西安银行,2025-12-31 00:00:00,年报,538166448000.0,287925198000.0,351466276000.0,40107354000.0,40169077000.0
600928,西安银行,600928,西安银行,2025-09-30 00:00:00,三季报,551134639000.0,292255459000.0,361596804000.0,39504650000.0,39567481000.0
600928,西安银行,600928,西安银行,2025-06-30 00:00:00,中报,539098706000.0,282651198000.0,356350119000.0,39439283000.0,39504974000.0
600928,西安银行,600928,西安银行,2025-03-31 00:00:00,一季报,519724347000.0,260021252000.0,359583257000.0,33697178000.0,33762279000.0
600928,西安银行,600928,西安银行,2024-12-31 00:00:00,年报,480370120000.0,230272917000.0,330014548000.0,33404157000.0,33471851000.0
600928,西安银行,600928,西安银行,2024-09-30 00:00:00,三季报,449743955000.0,213764780000.0,322723066000.0,32635768000.0,32701855000.0
600928,西安银行,600928,西安银行,2024-06-30 00:00:00,中报,445262317000.0,208943432000.0,319516220000.0,32005127000.0,32071454000.0
600928,西安银行,600928,西安银行,2024-03-31 00:00:00,一季报,441056345000.0,211273729000.0,306922516000.0,31584634000.0,31651008000.0
600928,西安银行,600928,西安银行,2023-12-31 00:00:00,年报,432201362000.0,198002524000.0,302558036000.0,30860645000.0,30926213000.0
600928,西安银行,600928,西安银行,2023-09-30 00:00:00,三季报,426319020000.0,191830014000.0,296804248000.0,30411819000.0,30474874000.0
600928,西安银行,600928,西安银行,2023-06-30 00:00:00,中报,422999423000.0,194120079000.0,287068988000.0,29912716000.0,29977312000.0
600928,西安银行,600928,西安银行,2023-03-31 00:00:00,一季报,416096612000.0,191730286000.0,288987058000.0,29956541000.0,30018952000.0
600928,西安银行,600928,西安银行,2022-12-31 00:00:00,年报,405838548000.0,185357503000.0,287675782000.0,29185539000.0,29247963000.0
600928,西安银行,600928,西安银行,2022-09-30 00:00:00,三季报,363906288000.0,183476785000.0,262780311000.0,28759153000.0,28822338000.0
600928,西安银行,600928,西安银行,2022-06-30 00:00:00,中报,353207638000.0,182719538000.0,256464226000.0,28179492000.0,28242002000.0
600928,西安银行,600928,西安银行,2022-03-31 00:00:00,一季报,340811659000.0,179647834000.0,232607621000.0,28289734000.0,28352561000.0
600928,西安银行,600928,西安银行,2021-12-31 00:00:00,年报,345863917000.0,176948661000.0,234723596000.0,27540861000.0,27603135000.0
600928,西安银行,600928,西安银行,2021-09-30 00:00:00,三季报,336390153000.0,173484049000.0,224095162000.0,26732298000.0,26794115000.0
600928,西安银行,600928,西安银行,2021-06-30 00:00:00,中报,321312787000.0,172391750000.0,224866861000.0,26098145000.0,26158022000.0
600928,西安银行,600928,西安银行,2021-03-31 00:00:00,一季报,310613167000.0,169870724000.0,220533974000.0,26277381000.0,26335715000.0
600928,西安银行,600928,西安银行,2020-12-31 00:00:00,年报,306391591000.0,167069123000.0,211729542000.0,25565386000.0,25623524000.0
600928,西安银行,600928,西安银行,2020-09-30 00:00:00,三季报,303354220000.0,164221064000.0,206367353000.0,24736637000.0,24780108000.0
600928,西安银行,600928,西安银行,2020-06-30 00:00:00,中报,296288642000.0,160344042000.0,195994862000.0,24043434000.0,24089395000.0
600928,西安银行,600928,西安银行,2020-03-31 00:00:00,一季报,281116525000.0,153741687000.0,175339316000.0,24459477000.0,24506386000.0
600928,西安银行,600928,西安银行,2019-12-31 00:00:00,年报,278282722000.0,148769253000.0,172823673000.0,23620159000.0,23667576000.0
600928,西安银行,600928,西安银行,2019-09-30 00:00:00,三季报,265402078000.0,143577821000.0,166206176000.0,23154590000.0,23198423000.0
600928,西安银行,600928,西安银行,2019-06-30 00:00:00,中报,257126870000.0,139674014000.0,164966596000.0,22583303000.0,22625770000.0
600928,西安银行,600928,西安银行,2019-03-31 00:00:00,一季报,252217253000.0,133735959000.0,158675167000.0,22575183000.0,22618792000.0
600928,西安银行,600928,西安银行,2018-12-31 00:00:00,年报,243490125000.0,129249027000.0,155977123000.0,19951863000.0,19994095000.0
600928,西安银行,600928,西安银行,2018-06-30 00:00:00,中报,238522740119.0,117456065891.0,151427518144.0,18721170762.0,18762650392.0
600928,西安银行,600928,西安银行,2018-03-31 00:00:00,一季报,216408749071.0,114208326035.0,136611364029.0,18337898796.0,18337898796.0
600928,西安银行,600928,西安银行,2017-12-31 00:00:00,年报,234120518000.0,109457477000.0,145509400000.0,17676428000.0,17715060000.0
600928,西安银行,600928,西安银行,2017-09-30 00:00:00,三季报,207571149139.0,103490114129.0,136709575324.0,17236149291.0,17236149291.0
600928,西安银行,600928,西安银行,2017-06-30 00:00:00,中报,205178575131.0,103487940330.0,136897770382.0,16715836298.0,16761642721.0
600928,西安银行,600928,西安银行,2016-12-31 00:00:00,年报,217968047430.0,95015861635.0,133500142588.0,15903190995.0,15971790066.0
600928,西安银行,600928,西安银行,2016-09-30 00:00:00,三季报,188967503371.75,89134388079.39,123718135991.84,15463321450.99,15463321450.99
600928,西安银行,600928,西安银行,2016-06-30 00:00:00,中报,185051937000.0,86880901000.0,121432777000.0,14954143000.0,15018840000.0
600928,西安银行,600928,西安银行,2015-12-31 00:00:00,年报,210023599885.0,83535831392.0,121709219576.0,14351916765.0,14418880016.0
600928,西安银行,600928,西安银行,2015-09-30 00:00:00,三季报,140053900378.0,79764658811.0,114475613317.0,13711094284.0,13711094285.0
600928,西安银行,600928,西安银行,2015-06-30 00:00:00,中报,132778380216.24,75838972281.21,108774881756.12,13333947570.71,13396551181.97
600928,西安银行,600928,西安银行,2014-12-31 00:00:00,年报,151281926000.0,70475747000.0,111975305000.0,9762674000.0,9826064000.0
600928,西安银行,600928,西安银行,2013-12-31 00:00:00,年报,133680296000.0,60086293000.0,102603228000.0,8230787000.0,8290579000.0
600928,西安银行,600928,西安银行,2012-12-31 00:00:00,年报,0.0,0.0,89452967591.0,6768981622.0,6774172531.0
600928,西安银行,600928,西安银行,2011-12-31 00:00:00,年报,101328048924.0,43073605255.0,77537137662.0,5532285626.0,5536635670.0
600928,西安银行,600928,西安银行,2010-12-31 00:00:00,年报,80884064455.31,36808328523.92,63123267778.81,4458411323.42,4462555188.84
600928,西安银行,600928,西安银行,2009-12-31 00:00:00,年报,62646922916.1,,,3867026299.95,
600928,西安银行,600928,西安银行,2008-12-31 00:00:00,年报,51664895299.07,,,1830017938.48,
600928,西安银行,600928,西安银行,2007-12-31 00:00:00,年报,41060281148.09,,,1925071855.87,
600928,西安银行,600928,西安银行,2006-12-31 00:00:00,年报,38342362358.51,,,2003197163.93,
601009,南京银行,601009,南京银行,2026-03-31 00:00:00,一季报,3206884710000.0,1499410359000.0,1868309920000.0,213120825000.0,217165957000.0
601009,南京银行,601009,南京银行,2025-12-31 00:00:00,年报,3021819887000.0,1391149872000.0,1709147659000.0,206301002000.0,210304812000.0
601009,南京银行,601009,南京银行,2025-09-30 00:00:00,三季报,2962307669000.0,1378512528000.0,1677037332000.0,211931107000.0,215491804000.0
601009,南京银行,601009,南京银行,2025-06-30 00:00:00,中报,2901437947000.0,1354555962000.0,1680550992000.0,206630632000.0,210140848000.0
601009,南京银行,601009,南京银行,2025-03-31 00:00:00,一季报,2765237588000.0,1313629664000.0,1691181756000.0,192542246000.0,195999846000.0
601009,南京银行,601009,南京银行,2024-12-31 00:00:00,年报,2591399702000.0,1225156405000.0,1527640782000.0,188529458000.0,191956377000.0
601009,南京银行,601009,南京银行,2024-09-30 00:00:00,三季报,2547037415000.0,1205026793000.0,1431756801000.0,179177807000.0,182526138000.0
601009,南京银行,601009,南京银行,2024-06-30 00:00:00,中报,2482820922000.0,1175183600000.0,1446054297000.0,177047605000.0,180116615000.0
601009,南京银行,601009,南京银行,2024-03-31 00:00:00,一季报,2396263521000.0,1142273189000.0,1447491366000.0,176034191000.0,179111742000.0
601009,南京银行,601009,南京银行,2023-12-31 00:00:00,年报,2288275916000.0,1066932114000.0,1396365869000.0,169561292000.0,172594065000.0
601009,南京银行,601009,南京银行,2023-09-30 00:00:00,三季报,2240678969000.0,1053664765000.0,1367769403000.0,166542801000.0,169538148000.0
601009,南京银行,601009,南京银行,2023-06-30 00:00:00,中报,2222509670000.0,1029745598000.0,1387020121000.0,162458916000.0,165420947000.0
601009,南京银行,601009,南京银行,2023-03-31 00:00:00,一季报,2148464490000.0,990995543000.0,1404075260000.0,161805222000.0,164774805000.0
601009,南京银行,601009,南京银行,2022-12-31 00:00:00,年报,2059483739000.0,914911172000.0,1261132423000.0,156256192000.0,157698835000.0
601009,南京银行,601009,南京银行,2022-09-30 00:00:00,三季报,1944194168000.0,896532851000.0,1243356741000.0,133778343000.0,135276866000.0
601009,南京银行,601009,南京银行,2022-06-30 00:00:00,中报,1912367183000.0,873927030000.0,1241955643000.0,129173643000.0,130406387000.0
601009,南京银行,601009,南京银行,2022-03-31 00:00:00,一季报,1882609453000.0,844871478000.0,1230303418000.0,126211583000.0,127434748000.0
601009,南京银行,601009,南京银行,2021-12-31 00:00:00,年报,1748946747000.0,763867264000.0,1087967569000.0,121359785000.0,122564792000.0
601009,南京银行,601009,南京银行,2021-09-30 00:00:00,三季报,1709317109000.0,756189696000.0,1062080261000.0,117778707000.0,119012036000.0
601009,南京银行,601009,南京银行,2021-06-30 00:00:00,中报,1663978119000.0,742900335000.0,1061525830000.0,113611516000.0,114817586000.0
601009,南京银行,601009,南京银行,2021-03-31 00:00:00,一季报,1619818880000.0,717572942000.0,1062389506000.0,110883473000.0,112070851000.0
601009,南京银行,601009,南京银行,2020-12-31 00:00:00,年报,1517075765000.0,652628947000.0,959172635000.0,106876127000.0,108032972000.0
601009,南京银行,601009,南京银行,2020-09-30 00:00:00,三季报,1495103235000.0,653590376000.0,928425536000.0,103678897000.0,104837988000.0
601009,南京银行,601009,南京银行,2020-06-30 00:00:00,中报,1464959067000.0,633850964000.0,957234842000.0,101504171000.0,102600581000.0
601009,南京银行,601009,南京银行,2020-03-31 00:00:00,一季报,1482118732000.0,608078168000.0,952700605000.0,90994385000.0,92072247000.0
601009,南京银行,601009,南京银行,2019-12-31 00:00:00,年报,1343435371000.0,549477586000.0,863653006000.0,86880541000.0,87928196000.0
601009,南京银行,601009,南京银行,2019-09-30 00:00:00,三季报,1333559407000.0,544947512000.0,858446395000.0,84463642000.0,85491420000.0
601009,南京银行,601009,南京银行,2019-06-30 00:00:00,中报,1348326029000.0,520819851000.0,864597755000.0,81666636000.0,82661642000.0
601009,南京银行,601009,南京银行,2019-03-31 00:00:00,一季报,1318233413000.0,499338520000.0,866724999000.0,81671239000.0,82666456000.0
601009,南京银行,601009,南京银行,2018-12-31 00:00:00,年报,1243269020000.0,460574633000.0,770555838000.0,77807677000.0,78766059000.0
601009,南京银行,601009,南京银行,2018-09-30 00:00:00,三季报,1217096730000.0,448576874000.0,760313726000.0,74681925000.0,75611926000.0
601009,南京银行,601009,南京银行,2018-06-30 00:00:00,中报,1193630553000.0,418752084000.0,761267709000.0,71836887000.0,72746512000.0
601009,南京银行,601009,南京银行,2018-03-31 00:00:00,一季报,1179405220000.0,390894076000.0,738627086000.0,71255004000.0,72154311000.0
601009,南京银行,601009,南京银行,2017-12-31 00:00:00,年报,1141162795000.0,373479966000.0,722622979000.0,67340478000.0,68210592000.0
601009,南京银行,601009,南京银行,2017-09-30 00:00:00,三季报,1144670914000.0,366248490000.0,701363669000.0,66113626000.0,66673898000.0
601009,南京银行,601009,南京银行,2017-06-30 00:00:00,中报,1132848534000.0,354175999000.0,720289484000.0,64151186000.0,64708121000.0
601009,南京银行,601009,南京银行,2017-03-31 00:00:00,一季报,1122565661000.0,333196559000.0,729656030000.0,63896799000.0,64378198000.0
601009,南京银行,601009,南京银行,2016-12-31 00:00:00,年报,1063899825000.0,318542775000.0,655202894000.0,61921540000.0,62377781000.0
601009,南京银行,601009,南京银行,2016-09-30 00:00:00,三季报,1023217639000.0,305595187000.0,646784915000.0,61603486000.0,62056200000.0
601009,南京银行,601009,南京银行,2016-06-30 00:00:00,中报,1015248859000.0,289107028000.0,644451070000.0,54416537000.0,54840239000.0
601009,南京银行,601009,南京银行,2016-03-31 00:00:00,一季报,966741928000.0,269735202000.0,630682560000.0,53934660000.0,54341023000.0
601009,南京银行,601009,南京银行,2015-12-31 00:00:00,年报,805020239000.0,242226635000.0,504197106000.0,52026524000.0,52413924000.0
601009,南京银行,601009,南京银行,2015-09-30 00:00:00,三季报,770196655000.0,207079780000.0,490995737000.0,44287096000.0,44659175000.0
601009,南京银行,601009,南京银行,2015-06-30 00:00:00,中报,731301754000.0,197306177000.0,476256241000.0,43975891000.0,44331172000.0
601009,南京银行,601009,南京银行,2015-03-31 00:00:00,一季报,662295689000.0,180895446000.0,438120881000.0,33946888000.0,34298581000.0
601009,南京银行,601009,南京银行,2014-12-31 00:00:00,年报,573150181000.0,169346249000.0,368328882000.0,32448913000.0,32783787000.0
601009,南京银行,601009,南京银行,2014-09-30 00:00:00,三季报,546287172065.45,162229813854.39,342907590231.97,30663587396.72,30976844046.95
601009,南京银行,601009,南京银行,2014-06-30 00:00:00,中报,513732876000.0,156778393000.0,342493717000.0,29173659000.0,29476153000.0
601009,南京银行,601009,南京银行,2014-03-31 00:00:00,一季报,504164186076.93,150080403776.22,317085885590.9,28456018851.75,28734073706.7
601009,南京银行,601009,南京银行,2013-12-31 00:00:00,年报,434057293000.0,143057806000.0,260149321000.0,26589991000.0,26856134000.0
601009,南京银行,601009,南京银行,2013-09-30 00:00:00,三季报,426099709189.72,138351874941.8,260037103399.75,26383471434.27,26643505571.67
601009,南京银行,601009,南京银行,2013-06-30 00:00:00,中报,410020653000.0,132019474000.0,251958120000.0,25850050000.0,26061785000.0
601009,南京银行,601009,南京银行,2013-03-31 00:00:00,一季报,390518676311.51,129195712683.2,243465424426.14,25938317358.0,26140313710.57
601009,南京银行,601009,南京银行,2012-12-31 00:00:00,年报,343792154000.0,121962186000.0,213655802000.0,24618327000.0,24810754000.0
601009,南京银行,601009,南京银行,2012-09-30 00:00:00,三季报,332589686852.31,118676616689.44,209373888956.39,23649473840.93,23837065205.73
601009,南京银行,601009,南京银行,2012-06-30 00:00:00,中报,334280798000.0,114261288000.0,208163506000.0,23127059000.0,23305068000.0
601009,南京银行,601009,南京银行,2012-03-31 00:00:00,一季报,307885474109.46,106745447076.2,186608273394.12,22644255905.99,22813065251.07
601009,南京银行,601009,南京银行,2011-12-31 00:00:00,年报,281791694000.0,100203834000.0,166424285000.0,21643765000.0,21804269000.0
601009,南京银行,601009,南京银行,2011-09-30 00:00:00,三季报,263214393671.26,95597649267.29,159664065134.54,20416402393.53,20569293760.82
601009,南京银行,601009,南京银行,2011-06-30 00:00:00,中报,263739230000.0,91741734000.0,165191541000.0,19757186000.0,19902963000.0
601009,南京银行,601009,南京银行,2011-03-31 00:00:00,一季报,240888410584.19,88133387003.62,152892572773.08,19608441499.09,19749346453.03
601009,南京银行,601009,南京银行,2010-12-31 00:00:00,年报,221492603000.0,81989468000.0,139724328000.0,18833743000.0,18970399000.0
601009,南京银行,601009,南京银行,2010-09-30 00:00:00,三季报,198569172319.97,77977975337.67,136155026744.06,13718249718.83,13851412374.95
601009,南京银行,601009,南京银行,2010-06-30 00:00:00,中报,196157234317.93,74648842259.35,126633757092.16,13093325101.33,13224866439.84
601009,南京银行,601009,南京银行,2010-03-31 00:00:00,一季报,173719528391.33,69952326055.21,110003966067.92,12699966537.82,12829824255.49
601009,南京银行,601009,南京银行,2009-12-31 00:00:00,年报,149565820000.0,65607774000.0,102127223000.0,12038955000.0,12168209000.0
601009,南京银行,601009,南京银行,2009-09-30 00:00:00,三季报,146566434578.92,62471973584.38,97541280691.03,11723738360.72,11852324890.05
601009,南京银行,601009,南京银行,2009-06-30 00:00:00,中报,129699987473.18,58685944684.25,94194329606.84,11430676681.62,11480828824.72
601009,南京银行,601009,南京银行,2009-03-31 00:00:00,一季报,112331033472.32,50232529115.65,83609344297.07,11660678094.16,11710354269.16
601009,南京银行,601009,南京银行,2008-12-31 00:00:00,年报,91911316886.63,39057384712.09,62730991169.25,11295594576.39,11345594576.39
601009,南京银行,601009,南京银行,2008-09-30 00:00:00,三季报,94960717084.38,36318063833.44,60898356692.86,10751300033.62,10751300033.62
601009,南京银行,601009,南京银行,2008-06-30 00:00:00,中报,90045772175.59,33532716225.22,56429755998.25,10187947444.17,10187947444.17
601009,南京银行,601009,南京银行,2008-03-31 00:00:00,一季报,87137074652.2,32138707633.25,51325761618.3,10433456226.23,10433456226.23
601009,南京银行,601009,南京银行,2007-12-31 00:00:00,年报,76063711782.02,29823635291.14,50931531682.91,9942463089.56,9942463089.56
601009,南京银行,601009,南京银行,2007-09-30 00:00:00,三季报,80590951305.23,29743138396.66,52443921112.31,9735805267.23,9735805267.23
601009,南京银行,601009,南京银行,2007-06-30 00:00:00,中报,75464691767.28,29400499645.0,50168315075.0,2735110390.47,2735110390.47
601009,南京银行,601009,南京银行,2006-12-31 00:00:00,年报,57987003422.12,24829788306.4,43858155350.46,2624335301.01,2624335301.01
601009,南京银行,601009,南京银行,2005-12-31 00:00:00,年报,48593266189.18,19433603864.41,35859150886.8,2104274991.61,2104274991.61
601009,南京银行,601009,南京银行,2004-12-31 00:00:00,年报,38271657875.48,15127905118.04,28345811448.87,1665025985.59,1665025985.59
601009,南京银行,601009,南京银行,2003-12-31 00:00:00,年报,29582443249.52,13564941441.98,22826331262.6,1317617843.36,1317617843.36
601009,南京银行,601009,南京银行,2002-12-31 00:00:00,年报,26258578539.91,8202021580.33,14045250423.68,1232583435.9,1232583435.9
601077,渝农商行,601077,渝农商行,2026-03-31 00:00:00,一季报,1766322293000.0,797802752000.0,1107904608000.0,141966336000.0,144222145000.0
601077,渝农商行,601077,渝农商行,2025-12-31 00:00:00,年报,1665744135000.0,765892687000.0,1028727509000.0,137126745000.0,139295799000.0
601077,渝农商行,601077,渝农商行,2025-09-30 00:00:00,三季报,1655810228000.0,746326734000.0,1027091608000.0,137567687000.0,139676225000.0
601077,渝农商行,601077,渝农商行,2025-06-30 00:00:00,中报,1630130939000.0,733545482000.0,1025194943000.0,136830105000.0,138855485000.0
601077,渝农商行,601077,渝农商行,2025-03-31 00:00:00,一季报,1610333908000.0,712766091000.0,1035773402000.0,133386891000.0,135366458000.0
601077,渝农商行,601077,渝农商行,2024-12-31 00:00:00,年报,1514941670000.0,683830682000.0,941946157000.0,131693584000.0,133608787000.0
601077,渝农商行,601077,渝农商行,2024-09-30 00:00:00,三季报,1517467458000.0,685480580000.0,939887638000.0,130162052000.0,132077225000.0
601077,渝农商行,601077,渝农商行,2024-06-30 00:00:00,中报,1509870994000.0,676738081000.0,941647543000.0,127371648000.0,129260129000.0
601077,渝农商行,601077,渝农商行,2024-03-31 00:00:00,一季报,1491082698000.0,666682870000.0,951560430000.0,126234871000.0,128058181000.0
601077,渝农商行,601077,渝农商行,2023-12-31 00:00:00,年报,1441081943000.0,647276750000.0,896202230000.0,121733640000.0,123501621000.0
601077,渝农商行,601077,渝农商行,2023-09-30 00:00:00,三季报,1447456543000.0,650344144000.0,907832617000.0,120532871000.0,122454877000.0
601077,渝农商行,601077,渝农商行,2023-06-30 00:00:00,中报,1438350969000.0,645177749000.0,902482065000.0,117865888000.0,119733140000.0
601077,渝农商行,601077,渝农商行,2023-03-31 00:00:00,一季报,1431953429000.0,636455045000.0,898761569000.0,117184983000.0,118980117000.0
601077,渝农商行,601077,渝农商行,2022-12-31 00:00:00,年报,1351861116000.0,605085448000.0,824946754000.0,113283393000.0,115016152000.0
601077,渝农商行,601077,渝农商行,2022-09-30 00:00:00,三季报,1330409538000.0,602098632000.0,823633143000.0,112451545000.0,114158424000.0
601077,渝农商行,601077,渝农商行,2022-06-30 00:00:00,中报,1315815365000.0,588000356000.0,820663860000.0,109560589000.0,111208413000.0
601077,渝农商行,601077,渝农商行,2022-03-31 00:00:00,一季报,1309227045000.0,581679285000.0,819386865000.0,107790402000.0,109373195000.0
601077,渝农商行,601077,渝农商行,2021-12-31 00:00:00,年报,1265851070000.0,557334996000.0,759360236000.0,104512650000.0,106044015000.0
601077,渝农商行,601077,渝农商行,2021-09-30 00:00:00,三季报,1251301651000.0,555562530000.0,759071645000.0,103702619000.0,105237663000.0
601077,渝农商行,601077,渝农商行,2021-06-30 00:00:00,中报,1223779311000.0,539477413000.0,757154895000.0,96550101000.0,98038214000.0
601077,渝农商行,601077,渝农商行,2021-03-31 00:00:00,一季报,1190433993000.0,517380914000.0,771387973000.0,96537777000.0,97993849000.0
601077,渝农商行,601077,渝农商行,2020-12-31 00:00:00,年报,1135926443000.0,486963403000.0,724999814000.0,93228605000.0,94632081000.0
601077,渝农商行,601077,渝农商行,2020-09-30 00:00:00,三季报,1108164541000.0,472635257000.0,745335190000.0,92466324000.0,94181253000.0
601077,渝农商行,601077,渝农商行,2020-06-30 00:00:00,中报,1072637973000.0,450964601000.0,724272199000.0,90313521000.0,91984486000.0
601077,渝农商行,601077,渝农商行,2020-03-31 00:00:00,一季报,1049348780000.0,428479897000.0,713245271000.0,91102426000.0,92755987000.0
601077,渝农商行,601077,渝农商行,2019-12-31 00:00:00,年报,1029790106000.0,416340781000.0,673401819000.0,87773374000.0,89362198000.0
601077,渝农商行,601077,渝农商行,2019-09-30 00:00:00,三季报,1034192192000.0,404690156000.0,676855763000.0,76842606000.0,78370629000.0
601077,渝农商行,601077,渝农商行,2019-06-30 00:00:00,中报,1019245195000.0,396110961000.0,682853884000.0,74052735000.0,75502488000.0
601077,渝农商行,601077,渝农商行,2019-03-31 00:00:00,一季报,988766609000.0,382584823000.0,676053118000.0,73690563000.0,75131098000.0
601077,渝农商行,601077,渝农商行,2018-12-31 00:00:00,年报,950177910000.0,364026148000.0,616166192000.0,70308126000.0,71708733000.0
601077,渝农商行,601077,渝农商行,2018-06-30 00:00:00,中报,908197285000.0,347091901000.0,630095220000.0,66056064000.0,67401784000.0
601077,渝农商行,601077,渝农商行,2018-03-31 00:00:00,一季报,898821726000.0,,0.0,66502352000.0,67869794000.0
601077,渝农商行,601077,渝农商行,2017-12-31 00:00:00,年报,905337951000.0,324109622000.0,572184256000.0,63248558000.0,64805556000.0
601077,渝农商行,601077,渝农商行,2017-09-30 00:00:00,三季报,874936590000.0,318826004000.0,580823699000.0,61472807000.0,63070106000.0
601077,渝农商行,601077,渝农商行,2016-12-31 00:00:00,年报,802717603000.0,288116411000.0,518185883000.0,52153091000.0,53749708000.0
601077,渝农商行,601077,渝农商行,2016-06-30 00:00:00,中报,771706934000.0,286887097000.0,521814808000.0,48757456000.0,50333128000.0
601077,渝农商行,601077,渝农商行,2015-12-31 00:00:00,年报,716365086000.0,257540907000.0,470228193000.0,46322664000.0,47847672000.0
601077,渝农商行,601077,渝农商行,2014-12-31 00:00:00,年报,618448861000.0,233520181000.0,409719844000.0,40985821000.0,42408280000.0
601077,渝农商行,601077,渝农商行,2013-12-31 00:00:00,年报,502005843000.0,198150565000.0,347883413000.0,35811319000.0,36449176000.0
601077,渝农商行,601077,渝农商行,2012-12-31 00:00:00,年报,433386930000.0,167614916000.0,294510490000.0,31466817000.0,31775605000.0
601077,渝农商行,601077,渝农商行,2011-12-31 00:00:00,年报,344820021000.0,138821830000.0,246141374000.0,27855509000.0,28010891000.0
601077,渝农商行,601077,渝农商行,2011-06-30 00:00:00,中报,317295013000.0,129565195000.0,227941188000.0,25867390000.0,25951703000.0
601077,渝农商行,601077,渝农商行,2010-12-31 00:00:00,年报,285545668000.0,117114024000.0,205563022000.0,22345145000.0,22430389000.0
601077,渝农商行,601077,渝农商行,2010-06-30 00:00:00,中报,261615089000.0,109416063000.0,185402110000.0,12657592000.0,12684591000.0
601077,渝农商行,601077,渝农商行,2009-12-31 00:00:00,年报,200847563000.0,96815703000.0,153776403000.0,8964171000.0,8964171000.0
601077,渝农商行,601077,渝农商行,2009-09-30 00:00:00,三季报,202606753600.0,,,9250636000.0,
601077,渝农商行,601077,渝农商行,2009-06-30 00:00:00,中报,193926993816.52,,,8885064082.92,
601077,渝农商行,601077,渝农商行,2008-12-31 00:00:00,年报,169903434019.02,,,8397078673.27,
601077,渝农商行,601077,渝农商行,2007-12-31 00:00:00,年报,143325714343.53,,,4189394951.78,
601077,渝农商行,601077,渝农商行,2006-12-31 00:00:00,年报,100448863209.07,,,3495937562.95,
601077,渝农商行,601077,渝农商行,2005-12-31 00:00:00,年报,85872451905.24,,,2835748226.37,
601128,常熟银行,601128,常熟银行,2026-03-31 00:00:00,一季报,419435010000.0,261885650000.0,334382799000.0,32758494000.0,34776869000.0
601128,常熟银行,601128,常熟银行,2025-12-31 00:00:00,年报,403079107000.0,248584103000.0,317345437000.0,31379656000.0,33461456000.0
601128,常熟银行,601128,常熟银行,2025-09-30 00:00:00,三季报,402229795000.0,248823105000.0,320891790000.0,30456695000.0,32591042000.0
601128,常熟银行,601128,常熟银行,2025-06-30 00:00:00,中报,401226615000.0,243088813000.0,319001397000.0,29873923000.0,31958298000.0
601128,常熟银行,601128,常熟银行,2025-03-31 00:00:00,一季报,389015217000.0,241312765000.0,316691902000.0,29564295000.0,31642077000.0
601128,常熟银行,601128,常熟银行,2024-12-31 00:00:00,年报,366581851000.0,232489390000.0,294965058000.0,28647828000.0,30668520000.0
601128,常熟银行,601128,常熟银行,2024-09-30 00:00:00,三季报,362742642000.0,230738266000.0,292223810000.0,27633618000.0,29640091000.0
601128,常熟银行,601128,常熟银行,2024-06-30 00:00:00,中报,367302864000.0,229941078000.0,289467349000.0,26410698000.0,28391337000.0
601128,常熟银行,601128,常熟银行,2024-03-31 00:00:00,一季报,364675935000.0,226403794000.0,289411872000.0,26326197000.0,28236133000.0
601128,常熟银行,601128,常熟银行,2023-12-31 00:00:00,年报,334456430000.0,214226530000.0,254452879000.0,25356407000.0,27130936000.0
601128,常熟银行,601128,常熟银行,2023-09-30 00:00:00,三季报,328458669000.0,210416741000.0,249124988000.0,24520007000.0,26244978000.0
601128,常熟银行,601128,常熟银行,2023-06-30 00:00:00,中报,317813751000.0,206527915000.0,247437440000.0,23533165000.0,25192412000.0
601128,常熟银行,601128,常熟银行,2023-03-31 00:00:00,一季报,316966239000.0,196754469000.0,245010449000.0,23411235000.0,25012598000.0
601128,常熟银行,601128,常熟银行,2022-12-31 00:00:00,年报,287881374000.0,185626290000.0,219182495000.0,22577573000.0,24115666000.0
601128,常熟银行,601128,常熟银行,2022-09-30 00:00:00,三季报,284098311000.0,180001083000.0,212231886000.0,22184607000.0,23679102000.0
601128,常熟银行,601128,常熟银行,2022-06-30 00:00:00,中报,274893532000.0,177862467000.0,212157531000.0,20649498000.0,22093361000.0
601128,常熟银行,601128,常熟银行,2022-03-31 00:00:00,一季报,268697615000.0,166211235000.0,208488494000.0,20608504000.0,22009405000.0
601128,常熟银行,601128,常熟银行,2021-12-31 00:00:00,年报,246582821000.0,156246156000.0,187558554000.0,19787979000.0,21136704000.0
601128,常熟银行,601128,常熟银行,2021-09-30 00:00:00,三季报,241462508000.0,155895643000.0,185596088000.0,19216381000.0,20537616000.0
601128,常熟银行,601128,常熟银行,2021-06-30 00:00:00,中报,231451574000.0,144705145000.0,185311452000.0,18429858000.0,19656400000.0
601128,常熟银行,601128,常熟银行,2021-03-31 00:00:00,一季报,229453457000.0,133499595000.0,180367800000.0,18586448000.0,19786759000.0
601128,常熟银行,601128,常熟银行,2020-12-31 00:00:00,年报,208685255000.0,125984432000.0,162484729000.0,17960072000.0,19107454000.0
601128,常熟银行,601128,常熟银行,2020-09-30 00:00:00,三季报,203137317000.0,125144930000.0,159558638000.0,17510719000.0,18621187000.0
601128,常熟银行,601128,常熟银行,2020-06-30 00:00:00,中报,201691461000.0,119993603000.0,158341706000.0,17137672000.0,18203213000.0
601128,常熟银行,601128,常熟银行,2020-03-31 00:00:00,一季报,194176205000.0,113719998000.0,147809866000.0,17630752000.0,18668160000.0
601128,常熟银行,601128,常熟银行,2019-12-31 00:00:00,年报,184839468000.0,105216129000.0,138078927000.0,16925465000.0,17899248000.0
601128,常熟银行,601128,常熟银行,2019-09-30 00:00:00,三季报,178463954000.0,103025881000.0,133852103000.0,16195174000.0,17114051000.0
601128,常熟银行,601128,常熟银行,2019-06-30 00:00:00,中报,175857611000.0,99408303000.0,132584887000.0,15670633000.0,16418093000.0
601128,常熟银行,601128,常熟银行,2019-03-31 00:00:00,一季报,170632488000.0,91540962000.0,129671108000.0,14694846000.0,15421532000.0
601128,常熟银行,601128,常熟银行,2018-12-31 00:00:00,年报,166704473000.0,88726653000.0,113100856000.0,12836161000.0,13535930000.0
601128,常熟银行,601128,常熟银行,2018-09-30 00:00:00,三季报,164775171000.0,88138725000.0,114542651000.0,12144272000.0,12832142000.0
601128,常熟银行,601128,常熟银行,2018-06-30 00:00:00,中报,163289318000.0,83906172000.0,112717570000.0,11642773000.0,12332312000.0
601128,常熟银行,601128,常熟银行,2018-03-31 00:00:00,一季报,152105525000.0,77771027000.0,110172588000.0,11538199000.0,12201038000.0
601128,常熟银行,601128,常熟银行,2017-12-31 00:00:00,年报,145824683000.0,74918871000.0,99004967000.0,10468055000.0,11108687000.0
601128,常熟银行,601128,常熟银行,2017-09-30 00:00:00,三季报,142409246000.0,72062155000.0,98918993000.0,10190930000.0,10819971000.0
601128,常熟银行,601128,常熟银行,2017-06-30 00:00:00,中报,140486867000.0,69276926000.0,96495979000.0,9881561000.0,10484172000.0
601128,常熟银行,601128,常熟银行,2017-03-31 00:00:00,一季报,137785842000.0,66234214000.0,94095766000.0,10103153000.0,10700434000.0
601128,常熟银行,601128,常熟银行,2016-12-31 00:00:00,年报,129981520000.0,64228528000.0,88810115000.0,9853780000.0,10430749000.0
601128,常熟银行,601128,常熟银行,2016-09-30 00:00:00,三季报,125516069000.0,61726431000.0,87102518000.0,9767886000.0,10359731000.0
601128,常熟银行,601128,常熟银行,2016-06-30 00:00:00,中报,122383428946.7,60417587880.09,87920298992.87,8562803831.49,9104533771.91
601128,常熟银行,601128,常熟银行,2015-12-31 00:00:00,年报,108503871000.0,55803093000.0,82291359000.0,8077443000.0,8427135000.0
601128,常熟银行,601128,常熟银行,2015-06-30 00:00:00,中报,104699859000.0,52288001000.0,79237169000.0,7487083000.0,7827455000.0
601128,常熟银行,601128,常熟银行,2014-12-31 00:00:00,年报,101669984674.93,47194019326.35,74287232470.47,7118125185.91,7368370107.01
601128,常熟银行,601128,常熟银行,2013-12-31 00:00:00,年报,84413199724.36,40785474141.46,66840170478.16,5845203909.01,6052932200.07
601128,常熟银行,601128,常熟银行,2012-12-31 00:00:00,年报,74151213477.87,35136048320.14,58920891849.87,5632524591.44,5730372253.2
601128,常熟银行,601128,常熟银行,2011-12-31 00:00:00,年报,71648158000.0,30667500000.0,51373288000.0,4801980000.0,4883613000.0
601128,常熟银行,601128,常熟银行,2010-12-31 00:00:00,年报,52089021179.85,26187551896.14,44622760913.06,4024149830.68,4113295258.08
601128,常熟银行,601128,常熟银行,2008-12-31 00:00:00,年报,35703423289.05,17714091702.67,28455835874.07,2297259482.96,2332837460.11
601128,常熟银行,601128,常熟银行,2007-12-31 00:00:00,年报,30186754290.37,14787747909.38,24356864393.58,1864480232.07,1868938190.79
601128,常熟银行,601128,常熟银行,2006-12-31 00:00:00,年报,26579783762.03,11689559736.69,20385592033.17,1172352524.67,1172352524.67
601128,常熟银行,601128,常熟银行,2005-12-31 00:00:00,年报,19596345697.84,,,901261874.14,
601128,常熟银行,601128,常熟银行,2004-12-31 00:00:00,年报,17582544950.48,,,648410465.87,
601128,常熟银行,601128,常熟银行,2003-12-31 00:00:00,年报,17904197711.7,,,142216594.93,
601128,常熟银行,601128,常熟银行,2002-12-31 00:00:00,年报,13946767985.13,,,110654303.9,
601128,常熟银行,601128,常熟银行,2001-12-31 00:00:00,年报,10377017467.75,,,104073349.9,
601166,兴业银行,601166,兴业银行,2026-03-31 00:00:00,一季报,11282907000000.0,6027296000000.0,6088518000000.0,912554000000.0,924529000000.0
601166,兴业银行,601166,兴业银行,2025-12-31 00:00:00,年报,11094256000000.0,5821808000000.0,6020806000000.0,901716000000.0,913646000000.0
601166,兴业银行,601166,兴业银行,2025-09-30 00:00:00,三季报,10673253000000.0,5863182000000.0,5924666000000.0,890658000000.0,902465000000.0
601166,兴业银行,601166,兴业银行,2025-06-30 00:00:00,中报,10614376000000.0,5777965000000.0,5964497000000.0,881747000000.0,893512000000.0
601166,兴业银行,601166,兴业银行,2025-03-31 00:00:00,一季报,10631299000000.0,5688045000000.0,5726556000000.0,903871000000.0,915699000000.0
601166,兴业银行,601166,兴业银行,2024-12-31 00:00:00,年报,10507898000000.0,5608859000000.0,5630360000000.0,881908000000.0,893611000000.0
601166,兴业银行,601166,兴业银行,2024-09-30 00:00:00,三季报,10307428000000.0,5614095000000.0,5521282000000.0,868153000000.0,879534000000.0
601166,兴业银行,601166,兴业银行,2024-06-30 00:00:00,中报,10350090000000.0,5540736000000.0,5477380000000.0,847463000000.0,858862000000.0
601166,兴业银行,601166,兴业银行,2024-03-31 00:00:00,一季报,10257255000000.0,5417975000000.0,5190098000000.0,821728000000.0,833178000000.0
601166,兴业银行,601166,兴业银行,2023-12-31 00:00:00,年报,10158326000000.0,5333483000000.0,5217064000000.0,796224000000.0,807719000000.0
601166,兴业银行,601166,兴业银行,2023-09-30 00:00:00,三季报,9923294000000.0,5193738000000.0,5288965000000.0,783453000000.0,794660000000.0
601166,兴业银行,601166,兴业银行,2023-06-30 00:00:00,中报,9890454000000.0,5098240000000.0,5198942000000.0,762890000000.0,774257000000.0
601166,兴业银行,601166,兴业银行,2023-03-31 00:00:00,一季报,9827029000000.0,5025233000000.0,4952536000000.0,772282000000.0,783626000000.0
601166,兴业银行,601166,兴业银行,2022-12-31 00:00:00,年报,9266671000000.0,4869879000000.0,4788754000000.0,746187000000.0,757298000000.0
601166,兴业银行,601166,兴业银行,2022-09-30 00:00:00,三季报,9089088000000.0,4715010000000.0,4737124000000.0,729807000000.0,740293000000.0
601166,兴业银行,601166,兴业银行,2022-06-30 00:00:00,中报,8984747000000.0,4650975000000.0,4692442000000.0,704380000000.0,714858000000.0
601166,兴业银行,601166,兴业银行,2022-03-31 00:00:00,一季报,8822450000000.0,4506018000000.0,4452721000000.0,710897000000.0,721134000000.0
601166,兴业银行,601166,兴业银行,2021-12-31 00:00:00,年报,8603024000000.0,4310306000000.0,4355748000000.0,684111000000.0,694298000000.0
601166,兴业银行,601166,兴业银行,2021-09-30 00:00:00,三季报,8497055000000.0,4197601000000.0,4257680000000.0,663849000000.0,673533000000.0
601166,兴业银行,601166,兴业银行,2021-06-30 00:00:00,中报,8109183000000.0,4092486000000.0,4204285000000.0,637956000000.0,647530000000.0
601166,兴业银行,601166,兴业银行,2021-03-31 00:00:00,一季报,7993666000000.0,4064773000000.0,4116180000000.0,640257000000.0,649701000000.0
601166,兴业银行,601166,兴业银行,2020-12-31 00:00:00,年报,7894000000000.0,3867321000000.0,4084242000000.0,615586000000.0,624803000000.0
601166,兴业银行,601166,兴业银行,2020-09-30 00:00:00,三季报,7619539000000.0,3753230000000.0,4007422000000.0,568312000000.0,577167000000.0
601166,兴业银行,601166,兴业银行,2020-06-30 00:00:00,中报,7543353000000.0,3661197000000.0,4110710000000.0,553491000000.0,562042000000.0
601166,兴业银行,601166,兴业银行,2020-03-31 00:00:00,一季报,7412117000000.0,3529562000000.0,3995738000000.0,563145000000.0,571599000000.0
601166,兴业银行,601166,兴业银行,2019-12-31 00:00:00,年报,7145681000000.0,3345180000000.0,3794832000000.0,541360000000.0,549652000000.0
601166,兴业银行,601166,兴业银行,2019-09-30 00:00:00,三季报,6982100000000.0,3291837000000.0,3753099000000.0,530615000000.0,538677000000.0
601166,兴业银行,601166,兴业银行,2019-06-30 00:00:00,中报,6989594000000.0,3161007000000.0,3705643000000.0,510210000000.0,518049000000.0
601166,兴业银行,601166,兴业银行,2019-03-31 00:00:00,一季报,6697707000000.0,3011109000000.0,3505788000000.0,482218000000.0,487930000000.0
601166,兴业银行,601166,兴业银行,2018-12-31 00:00:00,年报,6711657000000.0,2838445000000.0,3303512000000.0,465953000000.0,472584000000.0
601166,兴业银行,601166,兴业银行,2018-09-30 00:00:00,三季报,6543229000000.0,2729164000000.0,3368170000000.0,454423000000.0,460856000000.0
601166,兴业银行,601166,兴业银行,2018-06-30 00:00:00,中报,6563221000000.0,2585301000000.0,3103429000000.0,435193000000.0,441047000000.0
601166,兴业银行,601166,兴业银行,2018-03-31 00:00:00,一季报,6437006000000.0,2465845000000.0,3089589000000.0,435977000000.0,441958000000.0
601166,兴业银行,601166,兴业银行,2017-12-31 00:00:00,年报,6416842000000.0,2348831000000.0,3086893000000.0,416895000000.0,422752000000.0
601166,兴业银行,601166,兴业银行,2017-09-30 00:00:00,三季报,6406993000000.0,2275036000000.0,2948556000000.0,408389000000.0,413995000000.0
601166,兴业银行,601166,兴业银行,2017-06-30 00:00:00,中报,6384658000000.0,2203179000000.0,3008219000000.0,392999000000.0,398552000000.0
601166,兴业银行,601166,兴业银行,2017-03-31 00:00:00,一季报,6229171000000.0,2122930000000.0,2885353000000.0,391310000000.0,396744000000.0
601166,兴业银行,601166,兴业银行,2016-12-31 00:00:00,年报,6085895000000.0,2007366000000.0,2694751000000.0,350129000000.0,354410000000.0
601166,兴业银行,601166,兴业银行,2016-09-30 00:00:00,三季报,5816904000000.0,1888745000000.0,2514084000000.0,343981000000.0,348011000000.0
601166,兴业银行,601166,兴业银行,2016-06-30 00:00:00,中报,5709692000000.0,1879533000000.0,2475287000000.0,328391000000.0,332265000000.0
601166,兴业银行,601166,兴业银行,2016-03-31 00:00:00,一季报,5470783000000.0,1825057000000.0,2363274000000.0,329830000000.0,333639000000.0
601166,兴业银行,601166,兴业银行,2015-12-31 00:00:00,年报,5298880000000.0,1724822000000.0,2483923000000.0,313648000000.0,317377000000.0
601166,兴业银行,601166,兴业银行,2015-09-30 00:00:00,三季报,5289398000000.0,1701725000000.0,2431748000000.0,302424000000.0,305839000000.0
601166,兴业银行,601166,兴业银行,2015-06-30 00:00:00,中报,5125903000000.0,1673831000000.0,2445022000000.0,288023000000.0,291430000000.0
601166,兴业银行,601166,兴业银行,2015-03-31 00:00:00,一季报,4513036000000.0,1631456000000.0,2406187000000.0,273016000000.0,276361000000.0
601166,兴业银行,601166,兴业银行,2014-12-31 00:00:00,年报,4406399000000.0,1549252000000.0,2267780000000.0,257934000000.0,261096000000.0
601166,兴业银行,601166,兴业银行,2014-09-30 00:00:00,三季报,3995577000000.0,1450544000000.0,2205228000000.0,233990000000.0,236916000000.0
601166,兴业银行,601166,兴业银行,2014-06-30 00:00:00,中报,3948200000000.0,1388553000000.0,2246522000000.0,220436000000.0,223256000000.0
601166,兴业银行,601166,兴业银行,2014-03-31 00:00:00,一季报,3793145000000.0,1328629000000.0,2066284000000.0,214636000000.0,217434000000.0
601166,兴业银行,601166,兴业银行,2013-12-31 00:00:00,年报,3678304000000.0,1320682000000.0,2170345000000.0,199769000000.0,201171000000.0
601166,兴业银行,601166,兴业银行,2013-09-30 00:00:00,三季报,3633650000000.0,1309940000000.0,2111248000000.0,194477000000.0,195810000000.0
601166,兴业银行,601166,兴业银行,2013-06-30 00:00:00,中报,3577278000000.0,1307806000000.0,2082246000000.0,184304000000.0,185560000000.0
601166,兴业银行,601166,兴业银行,2013-03-31 00:00:00,一季报,3469611000000.0,1275906000000.0,2016426000000.0,181276000000.0,182462000000.0
601166,兴业银行,601166,兴业银行,2012-12-31 00:00:00,年报,3250975000000.0,1204542000000.0,1813266000000.0,169577000000.0,170635000000.0
601166,兴业银行,601166,兴业银行,2012-09-30 00:00:00,三季报,2964686000000.0,1119089000000.0,1659024000000.0,137887000000.0,138879000000.0
601166,兴业银行,601166,兴业银行,2012-06-30 00:00:00,中报,2780451000000.0,1038800000000.0,1499742000000.0,129722000000.0,130657000000.0
601166,兴业银行,601166,兴业银行,2012-03-31 00:00:00,一季报,2629398000000.0,1004731000000.0,1371938000000.0,123957000000.0,124860000000.0
601166,兴业银行,601166,兴业银行,2011-12-31 00:00:00,年报,2408798000000.0,968940000000.0,1345279000000.0,115209000000.0,116078000000.0
601166,兴业银行,601166,兴业银行,2011-09-30 00:00:00,三季报,2092109000000.0,945555000000.0,1266830000000.0,106860000000.0,107284000000.0
601166,兴业银行,601166,兴业银行,2011-06-30 00:00:00,中报,2089906000000.0,917129000000.0,1222979000000.0,101173000000.0,101574000000.0
601166,兴业银行,601166,兴业银行,2011-03-31 00:00:00,一季报,1916990428270.5,880351122028.91,1164931653440.21,97100747622.27,97491047455.38
601166,兴业银行,601166,兴业银行,2010-12-31 00:00:00,年报,1849673000000.0,842568000000.0,1132767000000.0,91995000000.0,91995000000.0
601166,兴业银行,601166,兴业银行,2010-09-30 00:00:00,三季报,1810267236997.91,814131855153.87,1081870896304.06,88907404541.75,88907404541.75
601166,兴业银行,601166,兴业银行,2010-06-30 00:00:00,中报,1714803744863.68,781650423780.07,1011256898750.6,83921486081.86,83921486081.86
601166,兴业银行,601166,兴业银行,2010-03-31 00:00:00,一季报,1494069719233.09,738301183317.98,934824316269.58,61708510979.27,61708510979.27
601166,兴业银行,601166,兴业银行,2009-12-31 00:00:00,年报,1332161552210.5,691962535414.93,900884448036.7,59597461562.9,59597461562.9
601166,兴业银行,601166,兴业银行,2009-09-30 00:00:00,三季报,1266311615091.44,684178402504.27,846177312418.22,55847788600.18,55847788600.18
601166,兴业银行,601166,兴业银行,2009-06-30 00:00:00,中报,1213634970261.97,631596802250.95,825956408385.92,53091198192.69,53091198192.69
601166,兴业银行,601166,兴业银行,2009-03-31 00:00:00,一季报,1097236761893.28,575413384988.3,727458818449.79,51992146062.08,51992146062.08
601166,兴业银行,601166,兴业银行,2008-12-31 00:00:00,年报,1020898824948.6,489985774095.2,632425958755.97,49022046139.75,49022046139.75
601166,兴业银行,601166,兴业银行,2008-09-30 00:00:00,三季报,925312626549.56,446570427066.92,564033329363.0,46688275836.43,46688275836.43
601166,兴业银行,601166,兴业银行,2008-06-30 00:00:00,中报,916963905675.66,433498305560.62,534144552865.15,43882051836.03,43882051836.03
601166,兴业银行,601166,兴业银行,2008-03-31 00:00:00,一季报,866169627940.06,412433877531.95,501383415845.76,42020084122.33,42020084122.33
601166,兴业银行,601166,兴业银行,2007-12-31 00:00:00,年报,851335269957.02,393028777201.1,505370855588.74,38897076922.29,38897076922.29
601166,兴业银行,601166,兴业银行,2007-09-30 00:00:00,三季报,857615104731.91,386785832786.75,465827677936.53,36996415201.88,36996415201.88
601166,兴业银行,601166,兴业银行,2007-06-30 00:00:00,中报,815554984709.51,371291548118.55,435827922675.43,34616152090.56,34616152090.56
601166,兴业银行,601166,兴业银行,2007-03-31 00:00:00,一季报,711426631533.47,354166950041.39,408216162412.63,33120729544.91,33120729544.91
601166,兴业银行,601166,兴业银行,2006-12-31 00:00:00,年报,617460395634.47,318101164064.54,423196710938.6,16199667128.83,16199667128.83
601166,兴业银行,601166,兴业银行,2006-06-30 00:00:00,中报,532219545160.81,286374526392.85,385219063839.3,14140312150.06,14140312150.06
601166,兴业银行,601166,兴业银行,2005-12-31 00:00:00,年报,475094101157.42,237459954676.1,355218109329.96,12785385056.02,12785385056.02
601166,兴业银行,601166,兴业银行,2004-12-31 00:00:00,年报,340064707196.68,198595013620.81,283186510917.89,10083899575.84,10083899575.84
601166,兴业银行,601166,兴业银行,2003-12-31 00:00:00,年报,259060318255.79,153220193592.92,207682793933.14,6065579236.86,6065579236.86
601169,北京银行,601169,北京银行,2026-03-31 00:00:00,一季报,4947091000000.0,2362372000000.0,2842498000000.0,386349000000.0,387760000000.0
601169,北京银行,601169,北京银行,2025-12-31 00:00:00,年报,4938273000000.0,2344118000000.0,2731729000000.0,377259000000.0,378645000000.0
601169,北京银行,601169,北京银行,2025-09-30 00:00:00,三季报,4892227000000.0,2319504000000.0,2672417000000.0,385723000000.0,387145000000.0
601169,北京银行,601169,北京银行,2025-06-30 00:00:00,中报,4747819000000.0,2336752000000.0,2689442000000.0,383198000000.0,384671000000.0
601169,北京银行,601169,北京银行,2025-03-31 00:00:00,一季报,4469422000000.0,2285455000000.0,2634024000000.0,361443000000.0,363022000000.0
601169,北京银行,601169,北京银行,2024-12-31 00:00:00,年报,4219186000000.0,2156982000000.0,2483575000000.0,354715000000.0,355984000000.0
601169,北京银行,601169,北京银行,2024-09-30 00:00:00,三季报,4027327000000.0,2118074000000.0,2406030000000.0,353733000000.0,355083000000.0
601169,北京银行,601169,北京银行,2024-06-30 00:00:00,中报,3945656000000.0,2115505000000.0,2373636000000.0,337715000000.0,339060000000.0
601169,北京银行,601169,北京银行,2024-03-31 00:00:00,一季报,3894665000000.0,2067395000000.0,2211347000000.0,336374000000.0,337710000000.0
601169,北京银行,601169,北京银行,2023-12-31 00:00:00,年报,3748679000000.0,1964791000000.0,2101031000000.0,326915000000.0,328232000000.0
601169,北京银行,601169,北京银行,2023-09-30 00:00:00,三季报,3672418000000.0,1943007000000.0,2101141000000.0,323199000000.0,324485000000.0
601169,北京银行,601169,北京银行,2023-06-30 00:00:00,中报,3632454000000.0,1926409000000.0,2101883000000.0,317676000000.0,318941000000.0
601169,北京银行,601169,北京银行,2023-03-31 00:00:00,一季报,3502325000000.0,1848950000000.0,2024478000000.0,316561000000.0,317801000000.0
601169,北京银行,601169,北京银行,2022-12-31 00:00:00,年报,3387952000000.0,1749107000000.0,1945020000000.0,308473000000.0,310617000000.0
601169,北京银行,601169,北京银行,2022-09-30 00:00:00,三季报,3183919000000.0,1706166000000.0,1900557000000.0,307309000000.0,309458000000.0
601169,北京银行,601169,北京银行,2022-06-30 00:00:00,中报,3200534000000.0,1725391000000.0,1887864000000.0,301017000000.0,303116000000.0
601169,北京银行,601169,北京银行,2022-03-31 00:00:00,一季报,3139910000000.0,1701548000000.0,1868194000000.0,301618000000.0,303677000000.0
601169,北京银行,601169,北京银行,2021-12-31 00:00:00,年报,3058959000000.0,1627821000000.0,1723837000000.0,295054000000.0,297078000000.0
601169,北京银行,601169,北京银行,2021-09-30 00:00:00,三季报,3056950000000.0,1628566000000.0,1711130000000.0,231154000000.0,233152000000.0
601169,北京银行,601169,北京银行,2021-06-30 00:00:00,中报,3059046000000.0,1607015000000.0,1734949000000.0,225074000000.0,227028000000.0
601169,北京银行,601169,北京银行,2021-03-31 00:00:00,一季报,3031016000000.0,1585154000000.0,1712213000000.0,226250000000.0,228209000000.0
601169,北京银行,601169,北京银行,2020-12-31 00:00:00,年报,2900014000000.0,1521656000000.0,1656149000000.0,219219000000.0,221143000000.0
601169,北京银行,601169,北京银行,2020-09-30 00:00:00,三季报,2868647000000.0,1509309000000.0,1645566000000.0,213791000000.0,215674000000.0
601169,北京银行,601169,北京银行,2020-06-30 00:00:00,中报,2883615000000.0,1484290000000.0,1658680000000.0,211310000000.0,213146000000.0
601169,北京银行,601169,北京银行,2020-03-31 00:00:00,一季报,2788267000000.0,1438847000000.0,1577550000000.0,214900000000.0,216793000000.0
601169,北京银行,601169,北京银行,2019-12-31 00:00:00,年报,2737040000000.0,1406998000000.0,1545130000000.0,207129000000.0,208963000000.0
601169,北京银行,601169,北京银行,2019-09-30 00:00:00,三季报,2680267000000.0,1361308000000.0,1526772000000.0,203521000000.0,205331000000.0
601169,北京银行,601169,北京银行,2019-06-30 00:00:00,中报,2670450000000.0,1322194000000.0,1534769000000.0,197743000000.0,199498000000.0
601169,北京银行,601169,北京银行,2019-03-31 00:00:00,一季报,2637501000000.0,1289434000000.0,1501058000000.0,197650000000.0,199376000000.0
601169,北京银行,601169,北京银行,2018-12-31 00:00:00,年报,2572865000000.0,1218645000000.0,1386006000000.0,192450000000.0,194134000000.0
601169,北京银行,601169,北京银行,2018-09-30 00:00:00,三季报,2532693000000.0,1199347000000.0,1407788000000.0,187484000000.0,189644000000.0
601169,北京银行,601169,北京银行,2018-06-30 00:00:00,中报,2485637000000.0,1173501000000.0,1388019000000.0,182065000000.0,183936000000.0
601169,北京银行,601169,北京银行,2018-03-31 00:00:00,一季报,2392952000000.0,1105146000000.0,1327859000000.0,181507000000.0,183365000000.0
601169,北京银行,601169,北京银行,2017-12-31 00:00:00,年报,2329805000000.0,1039023000000.0,1268698000000.0,174844000000.0,176714000000.0
601169,北京银行,601169,北京银行,2017-09-30 00:00:00,三季报,2275226000000.0,1030171000000.0,1269830000000.0,152292000000.0,154075000000.0
601169,北京银行,601169,北京银行,2017-06-30 00:00:00,中报,2239167000000.0,998335000000.0,1267905000000.0,147955000000.0,149721000000.0
601169,北京银行,601169,北京银行,2017-03-31 00:00:00,一季报,2174459000000.0,929171000000.0,1188444000000.0,146910000000.0,148601000000.0
601169,北京银行,601169,北京银行,2016-12-31 00:00:00,年报,2116339000000.0,867955000000.0,1150904000000.0,142120000000.0,143779000000.0
601169,北京银行,601169,北京银行,2016-09-30 00:00:00,三季报,2042843000000.0,852875000000.0,1139250000000.0,141351000000.0,142922000000.0
601169,北京银行,601169,北京银行,2016-06-30 00:00:00,中报,1971408000000.0,835754000000.0,1100409000000.0,123740000000.0,125272000000.0
601169,北京银行,601169,北京银行,2016-03-31 00:00:00,一季报,1905056000000.0,793549000000.0,1050687000000.0,121718000000.0,122002000000.0
601169,北京银行,601169,北京银行,2015-12-31 00:00:00,年报,1844909000000.0,747917000000.0,1022300000000.0,116551000000.0,116814000000.0
601169,北京银行,601169,北京银行,2015-09-30 00:00:00,三季报,1787799000000.0,730084000000.0,1020520000000.0,107847000000.0,108103000000.0
601169,北京银行,601169,北京银行,2015-06-30 00:00:00,中报,1624228000000.0,713919000000.0,981337000000.0,103259000000.0,103503000000.0
601169,北京银行,601169,北京银行,2015-03-31 00:00:00,一季报,1527860000000.0,684512000000.0,924147000000.0,100247000000.0,100500000000.0
601169,北京银行,601169,北京银行,2014-12-31 00:00:00,年报,1524437000000.0,654718000000.0,922813000000.0,95903000000.0,96144000000.0
601169,北京银行,601169,北京银行,2014-09-30 00:00:00,三季报,1490653000000.0,649872000000.0,906585000000.0,91849000000.0,92082000000.0
601169,北京银行,601169,北京银行,2014-06-30 00:00:00,中报,1475606000000.0,626884000000.0,930262000000.0,87503000000.0,87730000000.0
601169,北京银行,601169,北京银行,2014-03-31 00:00:00,一季报,1389590635000.0,599580898000.0,865763973000.0,83467201000.0,83663214000.0
601169,北京银行,601169,北京银行,2013-12-31 00:00:00,年报,1336764000000.0,568852000000.0,834480000000.0,78114000000.0,78306000000.0
601169,北京银行,601169,北京银行,2013-09-30 00:00:00,三季报,1207534269000.0,549016934000.0,815137385000.0,77827363000.0,78021393000.0
601169,北京银行,601169,北京银行,2013-06-30 00:00:00,中报,1202451822000.0,532303949000.0,793873395000.0,75951571000.0,76144179000.0
601169,北京银行,601169,北京银行,2013-03-31 00:00:00,一季报,1150955584000.0,512542341000.0,758673180000.0,76087821000.0,76163401000.0
601169,北京银行,601169,北京银行,2012-12-31 00:00:00,年报,1119968926000.0,483445288000.0,713772465000.0,71616786000.0,71690714000.0
601169,北京银行,601169,北京银行,2012-09-30 00:00:00,三季报,1118153235000.0,461895643000.0,711721967000.0,70044144000.0,70116191000.0
601169,北京银行,601169,北京银行,2012-06-30 00:00:00,中报,1101015887000.0,442567937000.0,688503843000.0,67501313000.0,67569901000.0
601169,北京银行,601169,北京银行,2012-03-31 00:00:00,一季报,1001266188000.0,415196352000.0,663489435000.0,65495375000.0,65561372000.0
601169,北京银行,601169,北京银行,2011-12-31 00:00:00,年报,956498676000.0,396076918000.0,614241181000.0,50383341000.0,50433523000.0
601169,北京银行,601169,北京银行,2011-09-30 00:00:00,三季报,862521284000.0,383250894000.0,618341818000.0,48177196000.0,48227838000.0
601169,北京银行,601169,北京银行,2011-06-30 00:00:00,中报,815801514000.0,368160903000.0,588635458000.0,45999163000.0,46049711000.0
601169,北京银行,601169,北京银行,2011-03-31 00:00:00,一季报,734241453000.0,350147886000.0,563721738000.0,45101538000.0,45123461000.0
601169,北京银行,601169,北京银行,2010-12-31 00:00:00,年报,733210504000.0,327602804000.0,557724336000.0,42545984000.0,42566884000.0
601169,北京银行,601169,北京银行,2010-09-30 00:00:00,三季报,689758968000.0,316970287000.0,519914070000.0,42650657000.0,42671398000.0
601169,北京银行,601169,北京银行,2010-06-30 00:00:00,中报,646112864000.0,304244886000.0,505020823000.0,40588734000.0,40608290000.0
601169,北京银行,601169,北京银行,2010-03-31 00:00:00,一季报,565233872000.0,287046570000.0,475765477000.0,39890094000.0,39908901000.0
601169,北京银行,601169,北京银行,2009-12-31 00:00:00,年报,533469318000.0,267450108000.0,446938703000.0,37559415000.0,37577771000.0
601169,北京银行,601169,北京银行,2009-09-30 00:00:00,三季报,501679776000.0,262943598000.0,413424303000.0,36426782000.0,36444889000.0
601169,北京银行,601169,北京银行,2009-06-30 00:00:00,中报,478100223000.0,244138006000.0,385391269000.0,35367419000.0,35385586000.0
601169,北京银行,601169,北京银行,2009-03-31 00:00:00,一季报,441761796000.0,213140757000.0,336768429000.0,35150828000.0,35169470000.0
601169,北京银行,601169,北京银行,2008-12-31 00:00:00,年报,417021019000.0,187690318000.0,315840114000.0,33794214000.0,33813633000.0
601169,北京银行,601169,北京银行,2008-09-30 00:00:00,三季报,402958563000.0,179325535000.0,302752243000.0,31271272000.0,31271272000.0
601169,北京银行,601169,北京银行,2008-06-30 00:00:00,中报,363352953000.0,171800289000.0,281254507000.0,28722559000.0,28722559000.0
601169,北京银行,601169,北京银行,2008-03-31 00:00:00,一季报,363447457000.0,163585266000.0,268079718000.0,28448394000.0,28448394000.0
601169,北京银行,601169,北京银行,2007-12-31 00:00:00,年报,354222941000.0,153324132000.0,264497523000.0,26667945000.0,26667945000.0
601169,北京银行,601169,北京银行,2007-09-30 00:00:00,三季报,306752657000.0,140723543000.0,250623762000.0,26136672000.0,26136672000.0
601169,北京银行,601169,北京银行,2007-03-31 00:00:00,一季报,263981179000.0,132926837000.0,222587699000.0,10320929000.0,10320929000.0
601169,北京银行,601169,北京银行,2006-12-31 00:00:00,年报,272968890000.0,125527048000.0,233090261000.0,9840292000.0,9840292000.0
601169,北京银行,601169,北京银行,2005-12-31 00:00:00,年报,233043818000.0,107771332000.0,198546910000.0,7841683000.0,7841683000.0
601169,北京银行,601169,北京银行,2004-12-31 00:00:00,年报,202939977000.0,104893297000.0,173526782000.0,3475040000.0,3475040000.0
601187,厦门银行,601187,厦门银行,2026-03-31 00:00:00,一季报,468846036000.0,253961519000.0,257813020000.0,32667427000.0,33532639000.0
601187,厦门银行,601187,厦门银行,2025-12-31 00:00:00,年报,453098733000.0,237914179000.0,248863160000.0,33456255000.0,34286671000.0
601187,厦门银行,601187,厦门银行,2025-09-30 00:00:00,三季报,442558034000.0,229296051000.0,243509139000.0,32305671000.0,33105797000.0
601187,厦门银行,601187,厦门银行,2025-06-30 00:00:00,中报,434001173480.13,215470906705.17,235257816284.32,31907815780.22,32679081767.06
601187,厦门银行,601187,厦门银行,2025-03-31 00:00:00,一季报,414237130000.0,205357560000.0,226603849000.0,31732745000.0,32480486000.0
601187,厦门银行,601187,厦门银行,2024-12-31 00:00:00,年报,407794724000.0,199952296000.0,218907862000.0,31639251000.0,32369089000.0
601187,厦门银行,601187,厦门银行,2024-09-30 00:00:00,三季报,403275738000.0,200520380000.0,217747662000.0,31100340000.0,31795866000.0
601187,厦门银行,601187,厦门银行,2024-06-30 00:00:00,中报,398454505909.19,207318609586.04,209069779195.31,30570291503.26,31233466513.72
601187,厦门银行,601187,厦门银行,2024-03-31 00:00:00,一季报,393155050000.0,204335493000.0,197267913000.0,30787035000.0,31447627000.0
601187,厦门银行,601187,厦门银行,2023-12-31 00:00:00,年报,390663859002.12,203527480050.43,210901987150.51,29873656088.04,30514043057.09
601187,厦门银行,601187,厦门银行,2023-09-30 00:00:00,三季报,378648287000.0,196919127000.0,199689722000.0,29244625000.0,29874921000.0
601187,厦门银行,601187,厦门银行,2023-06-30 00:00:00,中报,352916314494.38,195295223972.61,187645660454.87,25138814943.43,25737243319.94
601187,厦门银行,601187,厦门银行,2023-03-31 00:00:00,一季报,365357957000.0,196418539000.0,201924475000.0,25037123000.0,25609686000.0
601187,厦门银行,601187,厦门银行,2022-12-31 00:00:00,年报,371208018622.35,194155097541.24,207014863871.46,24191991535.86,24743849505.6
601187,厦门银行,601187,厦门银行,2022-09-30 00:00:00,三季报,363701835000.0,184325427000.0,211091847000.0,23806344000.0,24337105000.0
601187,厦门银行,601187,厦门银行,2022-06-30 00:00:00,中报,351712301125.9,179058836029.02,214070744089.9,23197213997.72,23712869708.64
601187,厦门银行,601187,厦门银行,2022-03-31 00:00:00,一季报,343812312000.0,175417027000.0,186112356000.0,23259718000.0,23783537000.0
601187,厦门银行,601187,厦门银行,2021-12-31 00:00:00,年报,329494574405.99,169492354656.07,185524438067.17,22757278677.94,23265278390.67
601187,厦门银行,601187,厦门银行,2021-09-30 00:00:00,三季报,319759665000.0,163649987000.0,184263138000.0,22059149000.0,22548751000.0
601187,厦门银行,601187,厦门银行,2021-06-30 00:00:00,中报,307419309917.97,156373787041.2,175305554356.76,21504902618.73,21984714157.23
601187,厦门银行,601187,厦门银行,2021-03-31 00:00:00,一季报,286575786000.0,145166162000.0,146660701000.0,21345041000.0,21812867000.0
601187,厦门银行,601187,厦门银行,2020-12-31 00:00:00,年报,285150280444.13,136046329977.09,155450878057.81,19363264323.8,19673629925.96
601187,厦门银行,601187,厦门银行,2020-09-30 00:00:00,三季报,271241681000.0,126939832000.0,151921740000.0,15865473000.0,16168826000.0
601187,厦门银行,601187,厦门银行,2020-06-30 00:00:00,中报,265906154995.87,120499702804.52,146069072736.44,15924896997.45,16218859043.34
601187,厦门银行,601187,厦门银行,2020-03-31 00:00:00,一季报,250021115266.55,111501906878.77,132622125809.7,16076811498.11,16359210861.86
601187,厦门银行,601187,厦门银行,2019-12-31 00:00:00,年报,246867556028.46,105000041311.01,136766015838.67,15295485180.39,15572416100.36
601187,厦门银行,601187,厦门银行,2019-06-30 00:00:00,中报,240023499184.05,92484286457.82,124906656826.31,14417400610.59,14678303776.62
601187,厦门银行,601187,厦门银行,2018-12-31 00:00:00,年报,232414421597.62,80996061782.07,120864227744.36,13703629094.94,13956321476.53
601187,厦门银行,601187,厦门银行,2018-06-30 00:00:00,中报,217268623000.0,66270980000.0,94495994000.0,12810517000.0,13058609000.0
601187,厦门银行,601187,厦门银行,2018-03-31 00:00:00,一季报,207104414847.43,59167380945.35,95624535144.36,12506841594.56,12506841594.56
601187,厦门银行,601187,厦门银行,2017-12-31 00:00:00,年报,212806898560.65,58856224353.54,111709997311.92,12052771277.91,12299325249.52
601187,厦门银行,601187,厦门银行,2017-09-30 00:00:00,三季报,198696928251.13,53861874958.77,98885488237.98,11875137778.1,11875137778.1
601187,厦门银行,601187,厦门银行,2017-06-30 00:00:00,中报,187438176000.0,53532752000.0,94197300000.0,9748034000.0,9989891000.0
601187,厦门银行,601187,厦门银行,2017-03-31 00:00:00,一季报,189650113716.31,48882236107.85,92684757066.03,9257017125.02,9257017125.02
601187,厦门银行,601187,厦门银行,2016-12-31 00:00:00,年报,188972110000.0,46776933000.0,102517352000.0,9016096000.0,9255335000.0
601187,厦门银行,601187,厦门银行,2016-09-30 00:00:00,三季报,180318958912.0,41322343443.55,88981459799.84,8990850838.0,8990850838.0
601187,厦门银行,601187,厦门银行,2016-06-30 00:00:00,中报,170138589056.72,38870020769.14,80846989446.78,8592264489.65,8592264489.65
601187,厦门银行,601187,厦门银行,2016-03-31 00:00:00,一季报,171153614026.11,36590626673.18,76167786005.44,8419914809.85,8419914809.85
601187,厦门银行,601187,厦门银行,2015-12-31 00:00:00,年报,160320140000.0,34775090000.0,87078912000.0,8228086000.0,8228086000.0
601187,厦门银行,601187,厦门银行,2015-06-30 00:00:00,中报,123522230180.0,28979112280.0,61924971600.0,7716565130.0,7716565130.0
601187,厦门银行,601187,厦门银行,2014-12-31 00:00:00,年报,119108823000.0,25437395000.0,70900932000.0,6251684000.0,6251684000.0
601187,厦门银行,601187,厦门银行,2013-12-31 00:00:00,年报,105756342648.5,19008065201.78,61706206208.28,4687512486.7,4687512486.7
601187,厦门银行,601187,厦门银行,2013-06-30 00:00:00,中报,66777665877.29,18127240309.87,49066753686.62,4632896842.33,4632896842.33
601187,厦门银行,601187,厦门银行,2012-12-31 00:00:00,年报,91120668829.03,16759241712.0,52022122974.26,4382628610.9,4382628610.9
601187,厦门银行,601187,厦门银行,2011-12-31 00:00:00,年报,70081233794.84,13111660377.29,45186386038.02,3044411019.28,3044411019.28
601187,厦门银行,601187,厦门银行,2010-12-31 00:00:00,年报,52895922044.1,10660974095.32,39054866606.0,2045550773.85,2045550773.85
601187,厦门银行,601187,厦门银行,2009-12-31 00:00:00,年报,28277003376.39,8595486234.25,18888285049.8,1343695491.32,1343695491.32
601187,厦门银行,601187,厦门银行,2009-06-30 00:00:00,中报,19350927502.51,8312741348.99,16548803013.95,1058226120.36,1058226120.36
601187,厦门银行,601187,厦门银行,2008-12-31 00:00:00,年报,16538612181.74,8133743660.04,13177411755.66,1066214290.66,1066214290.66
601187,厦门银行,601187,厦门银行,2007-12-31 00:00:00,年报,17335063357.95,7134828457.23,14889856511.44,219176373.4,219176373.4
601187,厦门银行,601187,厦门银行,2006-12-31 00:00:00,年报,15055076382.5,,,443392080.34,
601187,厦门银行,601187,厦门银行,2004-12-31 00:00:00,年报,8727974511.06,,,302730376.33,
601187,厦门银行,601187,厦门银行,2003-12-31 00:00:00,年报,6568014896.89,,,300544255.86,
601187,厦门银行,601187,厦门银行,2002-12-31 00:00:00,年报,5120720999.45,,,305839936.45,
601187,厦门银行,601187,厦门银行,2001-12-31 00:00:00,年报,5105875774.28,,,304565087.87,
601187,厦门银行,601187,厦门银行,2000-12-31 00:00:00,年报,4108507842.0,,,281200411.31,
601187,厦门银行,601187,厦门银行,1999-12-31 00:00:00,年报,3516181856.39,,,314023936.55,
601229,上海银行,601229,上海银行,2026-03-31 00:00:00,一季报,3378606821000.0,1448810069000.0,1847692933000.0,263024405000.0,263343708000.0
601229,上海银行,601229,上海银行,2025-12-31 00:00:00,年报,3308751732000.0,1405488838000.0,1757869285000.0,256200451000.0,256525640000.0
601229,上海银行,601229,上海银行,2025-09-30 00:00:00,三季报,3308001954000.0,1404134007000.0,1829608828000.0,260189026000.0,260519227000.0
601229,上海银行,601229,上海银行,2025-06-30 00:00:00,中报,3293713852000.0,1401019637000.0,1808250661000.0,263488018000.0,263833266000.0
601229,上海银行,601229,上海银行,2025-03-31 00:00:00,一季报,3270764703000.0,1383881050000.0,1790423388000.0,258724633000.0,259188105000.0
601229,上海银行,601229,上海银行,2024-12-31 00:00:00,年报,3226655601000.0,1366902931000.0,1740584683000.0,254193213000.0,254656734000.0
601229,上海银行,601229,上海银行,2024-09-30 00:00:00,三季报,3226948963000.0,1373654470000.0,1777069351000.0,246657417000.0,247124628000.0
601229,上海银行,601229,上海银行,2024-06-30 00:00:00,中报,3223330590000.0,1384507380000.0,1780617013000.0,245744245000.0,246206360000.0
601229,上海银行,601229,上海银行,2024-03-31 00:00:00,一季报,3154743623000.0,1377328887000.0,1715725315000.0,245213589000.0,245685816000.0
601229,上海银行,601229,上海银行,2023-12-31 00:00:00,年报,3085516473000.0,1338811558000.0,1671385095000.0,238578830000.0,239049162000.0
601229,上海银行,601229,上海银行,2023-09-30 00:00:00,三季报,3059114383000.0,1326389636000.0,1694634729000.0,232178537000.0,232646624000.0
601229,上海银行,601229,上海银行,2023-06-30 00:00:00,中报,3033046069000.0,1319058772000.0,1663230441000.0,228377822000.0,228984838000.0
601229,上海银行,601229,上海银行,2023-03-31 00:00:00,一季报,2970129894000.0,1302226937000.0,1675668819000.0,226303593000.0,226908483000.0
601229,上海银行,601229,上海银行,2022-12-31 00:00:00,年报,2878524759000.0,1263725401000.0,1598876004000.0,221054059000.0,221648524000.0
601229,上海银行,601229,上海银行,2022-09-30 00:00:00,三季报,2882182545000.0,1252200626000.0,1617962980000.0,216582695000.0,217165296000.0
601229,上海银行,601229,上海银行,2022-06-30 00:00:00,中报,2814652578000.0,1235830334000.0,1577436521000.0,211597542000.0,212174882000.0
601229,上海银行,601229,上海银行,2022-03-31 00:00:00,一季报,2757977320000.0,1215935549000.0,1519250448000.0,211127593000.0,211700781000.0
601229,上海银行,601229,上海银行,2021-12-31 00:00:00,年报,2653198679000.0,1183881129000.0,1472965976000.0,205203632000.0,205768445000.0
601229,上海银行,601229,上海银行,2021-09-30 00:00:00,三季报,2652036988000.0,1170503549000.0,1477336708000.0,200803725000.0,201357367000.0
601229,上海银行,601229,上海银行,2021-06-30 00:00:00,中报,2628363420000.0,1145505035000.0,1439109284000.0,196261792000.0,196807476000.0
601229,上海银行,601229,上海银行,2021-03-31 00:00:00,一季报,2551376936000.0,1108702805000.0,1386903134000.0,194880870000.0,195426802000.0
601229,上海银行,601229,上海银行,2020-12-31 00:00:00,年报,2462144021000.0,1062059076000.0,1315724867000.0,190397890000.0,190939019000.0
601229,上海银行,601229,上海银行,2020-09-30 00:00:00,三季报,2443968364000.0,1033325016000.0,1323913624000.0,186815945000.0,187352114000.0
601229,上海银行,601229,上海银行,2020-06-30 00:00:00,中报,2388229360000.0,996277794000.0,1301682137000.0,182648247000.0,183176451000.0
601229,上海银行,601229,上海银行,2020-03-31 00:00:00,一季报,2286314299000.0,960440979000.0,1230321963000.0,182299460000.0,182825268000.0
601229,上海银行,601229,上海银行,2019-12-31 00:00:00,年报,2237081943000.0,941220627000.0,1203551552000.0,176708612000.0,177226631000.0
601229,上海银行,601229,上海银行,2019-09-30 00:00:00,三季报,2187559376000.0,927879549000.0,1194966157000.0,173284271000.0,173803973000.0
601229,上海银行,601229,上海银行,2019-06-30 00:00:00,中报,2164744265000.0,894640623000.0,1160111892000.0,167251772000.0,167762598000.0
601229,上海银行,601229,上海银行,2019-03-31 00:00:00,一季报,2061522441000.0,857725793000.0,1090092833000.0,166106324000.0,166613356000.0
601229,上海银行,601229,上海银行,2018-12-31 00:00:00,年报,2027772399000.0,818360196000.0,1042489605000.0,161276549000.0,161768608000.0
601229,上海银行,601229,上海银行,2018-09-30 00:00:00,三季报,1958328269000.0,802645553000.0,1012095100000.0,157918666000.0,158409499000.0
601229,上海银行,601229,上海银行,2018-06-30 00:00:00,中报,1918725038000.0,754479363000.0,990639633000.0,152692743000.0,153177717000.0
601229,上海银行,601229,上海银行,2018-03-31 00:00:00,一季报,1837474289000.0,694529504000.0,945412711000.0,151448434000.0,151939155000.0
601229,上海银行,601229,上海银行,2017-12-31 00:00:00,年报,1807766938000.0,643191324000.0,923585324000.0,146985136000.0,147441403000.0
601229,上海银行,601229,上海银行,2017-09-30 00:00:00,三季报,1759998933000.0,609211461000.0,906731217000.0,124185190000.0,124618214000.0
601229,上海银行,601229,上海银行,2017-06-30 00:00:00,中报,1711415742000.0,582818978000.0,880752265000.0,120782134000.0,121240348000.0
601229,上海银行,601229,上海银行,2017-03-31 00:00:00,一季报,1782347344000.0,572666635000.0,864011934000.0,119837545000.0,120289880000.0
601229,上海银行,601229,上海银行,2016-12-31 00:00:00,年报,1755371102000.0,537396525000.0,849073364000.0,115769223000.0,116218614000.0
601229,上海银行,601229,上海银行,2016-09-30 00:00:00,三季报,1650924142000.0,532894223000.0,850790799000.0,103352739000.0,103818497000.0
601229,上海银行,601229,上海银行,2016-06-30 00:00:00,中报,1618128931000.0,535186270000.0,825500032000.0,99272817000.0,99721904000.0
601229,上海银行,601229,上海银行,2016-03-31 00:00:00,一季报,1528377572000.0,530881506000.0,817146415000.0,96046984000.0,96488320000.0
601229,上海银行,601229,上海银行,2015-12-31 00:00:00,年报,1449140487000.0,521365247000.0,792679886000.0,92390498000.0,92834395000.0
601229,上海银行,601229,上海银行,2015-06-30 00:00:00,中报,1365170817000.0,509563251000.0,759461357000.0,85657411000.0,86089529000.0
601229,上海银行,601229,上海银行,2014-12-31 00:00:00,年报,1187452197000.0,472194363000.0,724618128000.0,73970341000.0,74358961000.0
601229,上海银行,601229,上海银行,2013-12-31 00:00:00,年报,977722413000.0,430953607000.0,626012605000.0,55954833000.0,56319988000.0
601229,上海银行,601229,上海银行,2012-12-31 00:00:00,年报,816903953000.0,381217511000.0,545031707000.0,41953981000.0,42271618000.0
601229,上海银行,601229,上海银行,2012-06-30 00:00:00,中报,717939977000.0,336625095000.0,505042110000.0,38527308000.0,38841148000.0
601229,上海银行,601229,上海银行,2011-12-31 00:00:00,年报,655800006000.0,325523449000.0,466764059000.0,35129014000.0,35276419000.0
601229,上海银行,601229,上海银行,2010-12-31 00:00:00,年报,566775198000.0,290088257000.0,409522279000.0,29487090000.0,29487090000.0
601229,上海银行,601229,上海银行,2010-09-30 00:00:00,三季报,527684954000.0,278786360000.0,378821118000.0,28666256000.0,28666256000.0
601229,上海银行,601229,上海银行,2009-12-31 00:00:00,年报,466038951000.0,238135996000.0,333420873000.0,21512091000.0,21512091000.0
601229,上海银行,601229,上海银行,2009-06-30 00:00:00,中报,417334483000.0,226219665000.0,308074631000.0,19760771000.0,19760771000.0
601229,上海银行,601229,上海银行,2008-12-31 00:00:00,年报,367735975000.0,172626378000.0,266363068000.0,18840113000.0,18840113000.0
601229,上海银行,601229,上海银行,2007-12-31 00:00:00,年报,308986012000.0,145879666000.0,220888799000.0,14761358000.0,14761358000.0
601229,上海银行,601229,上海银行,2007-06-30 00:00:00,中报,292989410000.0,,,13645954000.0,
601229,上海银行,601229,上海银行,2006-12-31 00:00:00,年报,262902617000.0,121188432000.0,200368847000.0,12341096000.0,12341096000.0
601229,上海银行,601229,上海银行,2006-06-30 00:00:00,中报,262644995000.0,,,10735758000.0,
601229,上海银行,601229,上海银行,2005-12-31 00:00:00,年报,237662663000.0,118168005000.0,184784579000.0,10317971000.0,10317971000.0
601229,上海银行,601229,上海银行,2005-06-30 00:00:00,中报,218086066000.0,,,7916472000.0,
601229,上海银行,601229,上海银行,2004-12-31 00:00:00,年报,219837869179.33,,,7298912199.34,
601229,上海银行,601229,上海银行,2003-12-31 00:00:00,年报,193367823000.0,,,8585631000.0,
601229,上海银行,601229,上海银行,2002-12-31 00:00:00,年报,168563861000.0,,,8230125000.0,
601229,上海银行,601229,上海银行,2001-12-31 00:00:00,年报,122004488000.0,,,7231840000.0,
601229,上海银行,601229,上海银行,2000-12-31 00:00:00,年报,96325000000.0,,,5596000000.0,
601229,上海银行,601229,上海银行,1999-12-31 00:00:00,年报,76532000000.0,,,4182000000.0,
601229,上海银行,601229,上海银行,1998-12-31 00:00:00,年报,58889000000.0,,,3815000000.0,
601229,上海银行,601229,上海银行,1997-12-31 00:00:00,年报,49408000000.0,,,3329000000.0,
601229,上海银行,601229,上海银行,1996-12-31 00:00:00,年报,41797000000.0,,,2730000000.0,
601288,农业银行,601288,农业银行,2026-03-31 00:00:00,一季报,51029331000000.0,27473682000000.0,34517455000000.0,3296589000000.0,3303203000000.0
601288,农业银行,601288,农业银行,2025-12-31 00:00:00,年报,48784674000000.0,26178354000000.0,32649947000000.0,3237182000000.0,3243371000000.0
601288,农业银行,601288,农业银行,2025-09-30 00:00:00,三季报,48135429000000.0,26019737000000.0,32067823000000.0,3168502000000.0,3175211000000.0
601288,农业银行,601288,农业银行,2025-06-30 00:00:00,中报,46855878000000.0,25764001000000.0,31900486000000.0,3143100000000.0,3149241000000.0
601288,农业银行,601288,农业银行,2025-03-31 00:00:00,一季报,44818957000000.0,25221001000000.0,32017351000000.0,3137261000000.0,3143005000000.0
601288,农业银行,601288,农业银行,2024-12-31 00:00:00,年报,43238135000000.0,23977013000000.0,30305357000000.0,3090808000000.0,3097273000000.0
601288,农业银行,601288,农业银行,2024-09-30 00:00:00,三季报,43553293000000.0,23739075000000.0,29836329000000.0,3003722000000.0,3010289000000.0
601288,农业银行,601288,农业银行,2024-06-30 00:00:00,中报,41984553000000.0,23438734000000.0,29459210000000.0,3049778000000.0,3056463000000.0
601288,农业银行,601288,农业银行,2024-03-31 00:00:00,一季报,42157279000000.0,22921347000000.0,31060509000000.0,2991892000000.0,2999223000000.0
601288,农业银行,601288,农业银行,2023-12-31 00:00:00,年报,39872989000000.0,21731766000000.0,28898468000000.0,2889248000000.0,2896867000000.0
601288,农业银行,601288,农业银行,2023-09-30 00:00:00,三季报,38698016000000.0,21448199000000.0,28823215000000.0,2815621000000.0,2821458000000.0
601288,农业银行,601288,农业银行,2023-06-30 00:00:00,中报,38033395000000.0,20915065000000.0,28231053000000.0,2714446000000.0,2720706000000.0
601288,农业银行,601288,农业银行,2023-03-31 00:00:00,一季报,36811547000000.0,20285884000000.0,27671500000000.0,2726520000000.0,2733191000000.0
601288,农业银行,601288,农业银行,2022-12-31 00:00:00,年报,33925488000000.0,18980973000000.0,25121040000000.0,2668063000000.0,2673760000000.0
601288,农业银行,601288,农业银行,2022-09-30 00:00:00,三季报,33826452000000.0,18597623000000.0,24890697000000.0,2625417000000.0,2631878000000.0
601288,农业银行,601288,农业银行,2022-06-30 00:00:00,中报,32426420000000.0,18036172000000.0,24119854000000.0,2519496000000.0,2526213000000.0
601288,农业银行,601288,农业银行,2022-03-31 00:00:00,一季报,30888302000000.0,17385551000000.0,23510299000000.0,2527653000000.0,2534229000000.0
601288,农业银行,601288,农业银行,2021-12-31 00:00:00,年报,29069155000000.0,16454503000000.0,21907127000000.0,2414605000000.0,2421359000000.0
601288,农业银行,601288,农业银行,2021-09-30 00:00:00,三季报,28988663000000.0,16190959000000.0,22035457000000.0,2320428000000.0,2327150000000.0
601288,农业银行,601288,农业银行,2021-06-30 00:00:00,中报,28652363000000.0,15860306000000.0,21926574000000.0,2255845000000.0,2262367000000.0
601288,农业银行,601288,农业银行,2021-03-31 00:00:00,一季报,28547154000000.0,15418813000000.0,21848987000000.0,2264143000000.0,2270396000000.0
601288,农业银行,601288,农业银行,2020-12-31 00:00:00,年报,27205047000000.0,14552433000000.0,20372901000000.0,2204789000000.0,2210746000000.0
601288,农业银行,601288,农业银行,2020-09-30 00:00:00,三季报,27296753000000.0,14356921000000.0,20780341000000.0,2153348000000.0,2164379000000.0
601288,农业银行,601288,农业银行,2020-06-30 00:00:00,中报,26472127000000.0,13956264000000.0,20363098000000.0,2082127000000.0,2093009000000.0
601288,农业银行,601288,农业银行,2020-03-31 00:00:00,一季报,26226388000000.0,13567860000000.0,19539807000000.0,2021002000000.0,2032837000000.0
601288,农业银行,601288,农业银行,2019-12-31 00:00:00,年报,24877491000000.0,12819764000000.0,18849155000000.0,1948355000000.0,1953861000000.0
601288,农业银行,601288,农业银行,2019-09-30 00:00:00,三季报,24870961000000.0,12793125000000.0,18723954000000.0,1917649000000.0,1923460000000.0
601288,农业银行,601288,农业银行,2019-06-30 00:00:00,中报,23975153000000.0,12475790000000.0,18529174000000.0,1732667000000.0,1738135000000.0
601288,农业银行,601288,农业银行,2019-03-31 00:00:00,一季报,23657926000000.0,12155507000000.0,18447181000000.0,1732411000000.0,1737515000000.0
601288,农业银行,601288,农业银行,2018-12-31 00:00:00,年报,22609471000000.0,11461542000000.0,17346290000000.0,1670294000000.0,1674787000000.0
601288,农业银行,601288,农业银行,2018-09-30 00:00:00,三季报,22700325000000.0,11295070000000.0,17299684000000.0,1630380000000.0,1634868000000.0
601288,农业银行,601288,农业银行,2018-06-30 00:00:00,中报,21920851000000.0,11001367000000.0,16939933000000.0,1565226000000.0,1569711000000.0
601288,农业银行,601288,农业银行,2018-03-31 00:00:00,一季报,21639047000000.0,10701186000000.0,16864890000000.0,1459992000000.0,1463627000000.0
601288,农业银行,601288,农业银行,2017-12-31 00:00:00,年报,21053382000000.0,10316311000000.0,16194279000000.0,1426415000000.0,1429397000000.0
601288,农业银行,601288,农业银行,2017-09-30 00:00:00,三季报,20923117000000.0,10236912000000.0,16370168000000.0,1405981000000.0,1409360000000.0
601288,农业银行,601288,农业银行,2017-06-30 00:00:00,中报,20573586000000.0,9996639000000.0,16104949000000.0,1355200000000.0,1358441000000.0
601288,农业银行,601288,农业银行,2017-03-31 00:00:00,一季报,20323984000000.0,9703407000000.0,15961893000000.0,1362744000000.0,1366045000000.0
601288,农业银行,601288,农业银行,2016-12-31 00:00:00,年报,19570061000000.0,9319364000000.0,15038001000000.0,1318193000000.0,1321591000000.0
601288,农业银行,601288,农业银行,2016-09-30 00:00:00,三季报,19064101000000.0,9220381000000.0,14997769000000.0,1310436000000.0,1313025000000.0
601288,农业银行,601288,农业银行,2016-06-30 00:00:00,中报,18680221000000.0,8995284000000.0,14524837000000.0,1256333000000.0,1258802000000.0
601288,农业银行,601288,农业银行,2016-03-31 00:00:00,一季报,18413470000000.0,8861208000000.0,14389805000000.0,1261601000000.0,1263095000000.0
601288,农业银行,601288,农业银行,2015-12-31 00:00:00,年报,17791393000000.0,8506675000000.0,13538360000000.0,1210091000000.0,1211885000000.0
601288,农业银行,601288,农业银行,2015-09-30 00:00:00,三季报,17709510000000.0,8482659000000.0,13554404000000.0,1173505000000.0,1175127000000.0
601288,农业银行,601288,农业银行,2015-06-30 00:00:00,中报,17459554000000.0,8346156000000.0,13406292000000.0,1120329000000.0,1122042000000.0
601288,农业银行,601288,农业银行,2015-03-31 00:00:00,一季报,16836530000000.0,8121509000000.0,13234003000000.0,1123672000000.0,1125520000000.0
601288,农业银行,601288,农业银行,2014-12-31 00:00:00,年报,15974152000000.0,7739996000000.0,12533397000000.0,1031066000000.0,1032619000000.0
601288,农业银行,601288,农业银行,2014-09-30 00:00:00,三季报,15959249000000.0,7650922000000.0,12638575000000.0,957124000000.0,958693000000.0
601288,农业银行,601288,农业银行,2014-06-30 00:00:00,中报,16006612000000.0,7503254000000.0,12809504000000.0,906216000000.0,907737000000.0
601288,农业银行,601288,农业银行,2014-03-31 00:00:00,一季报,15322116000000.0,7219584000000.0,12535428000000.0,903632000000.0,905149000000.0
601288,农业银行,601288,农业银行,2013-12-31 00:00:00,年报,14562102000000.0,6902522000000.0,11811411000000.0,843108000000.0,844537000000.0
601288,农业银行,601288,农业银行,2013-09-30 00:00:00,三季报,14599419000000.0,6802245000000.0,11802544000000.0,827175000000.0,828772000000.0
601288,农业银行,601288,农业银行,2013-06-30 00:00:00,中报,14222601000000.0,6647413000000.0,11487183000000.0,789668000000.0,791231000000.0
601288,农业银行,601288,农业银行,2013-03-31 00:00:00,一季报,14267738000000.0,6478080000000.0,11611336000000.0,798740000000.0,800319000000.0
601288,农业银行,601288,农业银行,2012-12-31 00:00:00,年报,13244342000000.0,6153411000000.0,10862935000000.0,749815000000.0,751354000000.0
601288,农业银行,601288,农业银行,2012-09-30 00:00:00,三季报,13061873000000.0,5983718000000.0,10791157000000.0,726674000000.0,727045000000.0
601288,农业银行,601288,农业银行,2012-06-30 00:00:00,中报,12901412000000.0,5829740000000.0,10604586000000.0,691464000000.0,691826000000.0
601288,农业银行,601288,农业银行,2012-03-31 00:00:00,一季报,12559332000000.0,5647762000000.0,10143971000000.0,693791000000.0,693984000000.0
601288,农业银行,601288,农业银行,2011-12-31 00:00:00,年报,11677577000000.0,5410086000000.0,9622026000000.0,649601000000.0,649788000000.0
601288,农业银行,601288,农业银行,2011-09-30 00:00:00,三季报,11589073000000.0,5278225000000.0,9703827000000.0,620351000000.0,620535000000.0
601288,农业银行,601288,农业银行,2011-06-30 00:00:00,中报,11461784000000.0,5187987000000.0,9706587000000.0,589332000000.0,589509000000.0
601288,农业银行,601288,农业银行,2011-03-31 00:00:00,一季报,10959928000000.0,5037106000000.0,9365977000000.0,576400000000.0,576570000000.0
601288,农业银行,601288,农业银行,2010-12-31 00:00:00,年报,10337406000000.0,4788008000000.0,8887905000000.0,542071000000.0,542236000000.0
601288,农业银行,601288,农业银行,2010-09-30 00:00:00,三季报,10117122000000.0,4619651000000.0,8664348000000.0,528108000000.0,528278000000.0
601288,农业银行,601288,农业银行,2010-06-30 00:00:00,中报,9695967000000.0,4478230000000.0,8348820000000.0,354263000000.0,354417000000.0
601288,农业银行,601288,农业银行,2009-12-31 00:00:00,年报,8882588000000.0,4011495000000.0,7497618000000.0,342819000000.0,342925000000.0
601288,农业银行,601288,农业银行,2008-12-31 00:00:00,年报,7014351000000.0,3014984000000.0,6097428000000.0,290445000000.0,290541000000.0
601288,农业银行,601288,农业银行,2007-12-31 00:00:00,年报,5305506000000.0,2709192000000.0,5287194000000.0,-727605000000.0,-727605000000.0
601288,农业银行,601288,农业银行,2006-12-31 00:00:00,年报,5363628000000.0,3112337000000.0,4755312000000.0,83642000000.0,83642000000.0
601288,农业银行,601288,农业银行,2005-12-31 00:00:00,年报,4771019000000.0,2793266000000.0,4036854000000.0,79607000000.0,79607000000.0
601288,农业银行,601288,农业银行,2004-12-31 00:00:00,年报,4013769000000.0,2557693000000.0,3491549000000.0,78063000000.0,78063000000.0
601288,农业银行,601288,农业银行,2003-12-31 00:00:00,年报,3494016000000.0,2239897000000.0,2997288000000.0,137969000000.0,137969000000.0
601288,农业银行,601288,农业银行,2002-12-31 00:00:00,年报,2976566000000.0,1889150000000.0,2479618000000.0,136040000000.0,136040000000.0
601328,交通银行,601328,交通银行,2026-03-31 00:00:00,一季报,16272960000000.0,9216179000000.0,9685327000000.0,1290674000000.0,1301771000000.0
601328,交通银行,601328,交通银行,2025-12-31 00:00:00,年报,15548388000000.0,8898768000000.0,9307815000000.0,1269232000000.0,1280282000000.0
601328,交通银行,601328,交通银行,2025-09-30 00:00:00,三季报,15499783000000.0,8850917000000.0,9263005000000.0,1280369000000.0,1291468000000.0
601328,交通银行,601328,交通银行,2025-06-30 00:00:00,中报,15435405000000.0,8777937000000.0,9171358000000.0,1293989000000.0,1304770000000.0
601328,交通银行,601328,交通银行,2025-03-31 00:00:00,一季报,15288895000000.0,8708000000000.0,9099064000000.0,1165925000000.0,1176569000000.0
601328,交通银行,601328,交通银行,2024-12-31 00:00:00,年报,14900717000000.0,8351131000000.0,8800335000000.0,1144306000000.0,1155597000000.0
601328,交通银行,601328,交通银行,2024-09-30 00:00:00,三季报,14594709000000.0,8238069000000.0,8727029000000.0,1127908000000.0,1139754000000.0
601328,交通银行,601328,交通银行,2024-06-30 00:00:00,中报,14177914000000.0,8066326000000.0,8650116000000.0,1107374000000.0,1119291000000.0
601328,交通银行,601328,交通银行,2024-03-31 00:00:00,一季报,14238091000000.0,8011710000000.0,8679901000000.0,1114564000000.0,1125818000000.0
601328,交通银行,601328,交通银行,2023-12-31 00:00:00,年报,14060472000000.0,7772060000000.0,8551215000000.0,1088030000000.0,1099450000000.0
601328,交通银行,601328,交通银行,2023-09-30 00:00:00,三季报,13830605000000.0,7722703000000.0,8638670000000.0,1061390000000.0,1072967000000.0
601328,交通银行,601328,交通银行,2023-06-30 00:00:00,中报,13813360000000.0,7613830000000.0,8579598000000.0,1043083000000.0,1054899000000.0
601328,交通银行,601328,交通银行,2023-03-31 00:00:00,一季报,13654273000000.0,7512901000000.0,8498740000000.0,1045920000000.0,1057586000000.0
601328,交通银行,601328,交通银行,2022-12-31 00:00:00,年报,12991571000000.0,7135454000000.0,7949072000000.0,1022024000000.0,1033522000000.0
601328,交通银行,601328,交通银行,2022-09-30 00:00:00,三季报,12693203000000.0,7046335000000.0,7887813000000.0,999797000000.0,1012437000000.0
601328,交通银行,601328,交通银行,2022-06-30 00:00:00,中报,12580576000000.0,6923521000000.0,7811363000000.0,976543000000.0,988936000000.0
601328,交通银行,601328,交通银行,2022-03-31 00:00:00,一季报,12323654000000.0,6773076000000.0,7497069000000.0,984172000000.0,996722000000.0
601328,交通银行,601328,交通银行,2021-12-31 00:00:00,年报,11665757000000.0,6412201000000.0,7039777000000.0,964647000000.0,977236000000.0
601328,交通银行,601328,交通银行,2021-09-30 00:00:00,三季报,11472623000000.0,6317333000000.0,6986659000000.0,944346000000.0,956860000000.0
601328,交通银行,601328,交通银行,2021-06-30 00:00:00,中报,11413960000000.0,6208293000000.0,7016652000000.0,923608000000.0,935915000000.0
601328,交通银行,601328,交通银行,2021-03-31 00:00:00,一季报,11173220000000.0,6034537000000.0,6921750000000.0,889704000000.0,902096000000.0
601328,交通银行,601328,交通银行,2020-12-31 00:00:00,年报,10697616000000.0,5720568000000.0,6607330000000.0,866607000000.0,878628000000.0
601328,交通银行,601328,交通银行,2020-09-30 00:00:00,三季报,10795571000000.0,5687511000000.0,6615067000000.0,825111000000.0,836677000000.0
601328,交通银行,601328,交通银行,2020-06-30 00:00:00,中报,10669932000000.0,5602356000000.0,6560867000000.0,802543000000.0,814132000000.0
601328,交通银行,601328,交通银行,2020-03-31 00:00:00,一季报,10454383000000.0,5447490000000.0,6366064000000.0,810302000000.0,821729000000.0
601328,交通银行,601328,交通银行,2019-12-31 00:00:00,年报,9905600000000.0,5183653000000.0,6072908000000.0,793247000000.0,800912000000.0
601328,交通银行,601328,交通银行,2019-09-30 00:00:00,三季报,9932879000000.0,5087054000000.0,6048860000000.0,775337000000.0,782824000000.0
601328,交通银行,601328,交通银行,2019-06-30 00:00:00,中报,9886608000000.0,5013630000000.0,6135448000000.0,716490000000.0,723748000000.0
601328,交通银行,601328,交通银行,2019-03-31 00:00:00,一季报,9785747000000.0,4952528000000.0,6106174000000.0,718715000000.0,725882000000.0
601328,交通银行,601328,交通银行,2018-12-31 00:00:00,年报,9531171000000.0,4742372000000.0,5793324000000.0,698405000000.0,705308000000.0
601328,交通银行,601328,交通银行,2018-09-30 00:00:00,三季报,9391537000000.0,4725194000000.0,5705985000000.0,682458000000.0,689085000000.0
601328,交通银行,601328,交通银行,2018-06-30 00:00:00,中报,9322707000000.0,4669207000000.0,5732928000000.0,663653000000.0,670061000000.0
601328,交通银行,601328,交通银行,2018-03-31 00:00:00,一季报,9266797000000.0,4583350000000.0,5718712000000.0,663336000000.0,668501000000.0
601328,交通银行,601328,交通银行,2017-12-31 00:00:00,年报,9038254000000.0,4473255000000.0,5545366000000.0,671143000000.0,676271000000.0
601328,交通银行,601328,交通银行,2017-09-30 00:00:00,三季报,8935790000000.0,4312557000000.0,4866841000000.0,658244000000.0,663499000000.0
601328,交通银行,601328,交通银行,2017-06-30 00:00:00,中报,8930838000000.0,4270542000000.0,4938694000000.0,643250000000.0,648408000000.0
601328,交通银行,601328,交通银行,2017-03-31 00:00:00,一季报,8733711000000.0,4244850000000.0,4937673000000.0,648789000000.0,652158000000.0
601328,交通银行,601328,交通银行,2016-12-31 00:00:00,年报,8403166000000.0,4009046000000.0,4728589000000.0,629142000000.0,632407000000.0
601328,交通银行,601328,交通银行,2016-09-30 00:00:00,三季报,8091810000000.0,3931176000000.0,4728274000000.0,615819000000.0,618878000000.0
601328,交通银行,601328,交通银行,2016-06-30 00:00:00,中报,7956322000000.0,3891431000000.0,4734627000000.0,552515000000.0,555494000000.0
601328,交通银行,601328,交通银行,2016-03-31 00:00:00,一季报,7404417000000.0,3798965000000.0,4638570000000.0,553664000000.0,556909000000.0
601328,交通银行,601328,交通银行,2015-12-31 00:00:00,年报,7155362000000.0,3634568000000.0,4484814000000.0,534885000000.0,538092000000.0
601328,交通银行,601328,交通银行,2015-09-30 00:00:00,三季报,7206866000000.0,3639712000000.0,4493337000000.0,519011000000.0,522100000000.0
601328,交通银行,601328,交通银行,2015-06-30 00:00:00,中报,7122155000000.0,3623674000000.0,4514566000000.0,488779000000.0,491800000000.0
601328,交通银行,601328,交通银行,2015-03-31 00:00:00,一季报,6627239000000.0,3511678000000.0,4295213000000.0,489918000000.0,492839000000.0
601328,交通银行,601328,交通银行,2014-12-31 00:00:00,年报,6268299000000.0,3354787000000.0,4029668000000.0,471055000000.0,473605000000.0
601328,交通银行,601328,交通银行,2014-09-30 00:00:00,三季报,6212718000000.0,3396875000000.0,4116546000000.0,455800000000.0,457880000000.0
601328,交通银行,601328,交通银行,2014-06-30 00:00:00,中报,6283936000000.0,3354657000000.0,4375920000000.0,440503000000.0,442546000000.0
601328,交通银行,601328,交通银行,2014-03-31 00:00:00,一季报,5979360000000.0,3233352000000.0,4123583000000.0,439756000000.0,441736000000.0
601328,交通银行,601328,交通银行,2013-12-31 00:00:00,年报,5960937000000.0,3193063000000.0,4157833000000.0,419561000000.0,421484000000.0
601328,交通银行,601328,交通银行,2013-09-30 00:00:00,三季报,5768040000000.0,3146980000000.0,4070216000000.0,408665000000.0,410555000000.0
601328,交通银行,601328,交通银行,2013-06-30 00:00:00,中报,5717602000000.0,3130826000000.0,3953310000000.0,396371000000.0,398158000000.0
601328,交通银行,601328,交通银行,2013-03-31 00:00:00,一季报,5636378000000.0,3088921000000.0,3921783000000.0,398477000000.0,400227000000.0
601328,交通银行,601328,交通银行,2012-12-31 00:00:00,年报,5273379000000.0,2879628000000.0,3728412000000.0,379918000000.0,381447000000.0
601328,交通银行,601328,交通银行,2012-09-30 00:00:00,三季报,5173349000000.0,2803070000000.0,3640301000000.0,366252000000.0,367742000000.0
601328,交通银行,601328,交通银行,2012-06-30 00:00:00,中报,5152208000000.0,2743356000000.0,3592312000000.0,298029000000.0,299054000000.0
601328,交通银行,601328,交通银行,2012-03-31 00:00:00,一季报,4882834000000.0,2644968000000.0,3414270000000.0,288046000000.0,289067000000.0
601328,交通银行,601328,交通银行,2011-12-31 00:00:00,年报,4611177000000.0,2505385000000.0,3283232000000.0,271802000000.0,272788000000.0
601328,交通银行,601328,交通银行,2011-09-30 00:00:00,三季报,4362297000000.0,2453570000000.0,3163528000000.0,257745000000.0,258624000000.0
601328,交通银行,601328,交通银行,2011-06-30 00:00:00,中报,4347717000000.0,2381861000000.0,3157975000000.0,247542000000.0,248410000000.0
601328,交通银行,601328,交通银行,2011-03-31 00:00:00,一季报,4128673000000.0,2295287000000.0,3037561000000.0,236251000000.0,237156000000.0
601328,交通银行,601328,交通银行,2010-12-31 00:00:00,年报,3951593000000.0,2190490000000.0,2867847000000.0,222773000000.0,223657000000.0
601328,交通银行,601328,交通银行,2010-09-30 00:00:00,三季报,3802705000000.0,2130225000000.0,2808558000000.0,215105000000.0,215953000000.0
601328,交通银行,601328,交通银行,2010-06-30 00:00:00,中报,3709279000000.0,2029740000000.0,2702931000000.0,196348000000.0,197150000000.0
601328,交通银行,601328,交通银行,2010-03-31 00:00:00,一季报,3532782000000.0,1960579000000.0,2564275000000.0,174684000000.0,175429000000.0
601328,交通银行,601328,交通银行,2009-12-31 00:00:00,年报,3309137000000.0,1801538000000.0,2372055000000.0,163848000000.0,164425000000.0
601328,交通银行,601328,交通银行,2009-09-30 00:00:00,三季报,3300898000000.0,1772364000000.0,2397125000000.0,156883000000.0,157417000000.0
601328,交通银行,601328,交通银行,2009-06-30 00:00:00,中报,3294120000000.0,1697205000000.0,2365334000000.0,155424000000.0,155946000000.0
601328,交通银行,601328,交通银行,2009-03-31 00:00:00,一季报,3034868000000.0,1575211000000.0,2141119000000.0,152250000000.0,152716000000.0
601328,交通银行,601328,交通银行,2008-12-31 00:00:00,年报,2678255000000.0,1298776000000.0,1865815000000.0,145209000000.0,145642000000.0
601328,交通银行,601328,交通银行,2008-09-30 00:00:00,三季报,2491295000000.0,1271764000000.0,1880294000000.0,137447000000.0,137879000000.0
601328,交通银行,601328,交通银行,2008-06-30 00:00:00,中报,2426366000000.0,1217878000000.0,1811113000000.0,134955000000.0,135398000000.0
601328,交通银行,601328,交通银行,2008-03-31 00:00:00,一季报,2260999000000.0,1151235000000.0,1692672000000.0,135303000000.0,135723000000.0
601328,交通银行,601328,交通银行,2007-12-31 00:00:00,年报,2103626000000.0,1082758000000.0,1555809000000.0,128379000000.0,128797000000.0
601328,交通银行,601328,交通银行,2007-09-30 00:00:00,三季报,2219881000000.0,1085176000000.0,1601856000000.0,122240000000.0,122616000000.0
601328,交通银行,601328,交通银行,2007-06-30 00:00:00,中报,2133048000000.0,1110901000000.0,1643151000000.0,121021000000.0,121177000000.0
601328,交通银行,601328,交通银行,2007-03-31 00:00:00,一季报,1817944000000.0,,,94552000000.0,94633000000.0
601328,交通银行,601328,交通银行,2006-12-31 00:00:00,年报,1715701000000.0,907285000000.0,1344548000000.0,87380000000.0,87439000000.0
601328,交通银行,601328,交通银行,2005-12-31 00:00:00,年报,1421132000000.0,765880000000.0,1214465000000.0,81896000000.0,81896000000.0
601328,交通银行,601328,交通银行,2004-12-31 00:00:00,年报,1141733000000.0,632842000000.0,1024898000000.0,51659000000.0,51659000000.0
601328,交通银行,601328,交通银行,2003-12-31 00:00:00,年报,928809752000.0,507111836000.0,863777474000.0,17999261000.0,17999261000.0
601328,交通银行,601328,交通银行,2002-12-31 00:00:00,年报,731782012000.0,395904038000.0,680239087000.0,8645761000.0,8645761000.0
601328,交通银行,601328,交通银行,2001-12-31 00:00:00,年报,661388682799.09,,,32423420012.81,32423420012.81
601398,工商银行,601398,工商银行,2026-03-31 00:00:00,一季报,55772584000000.0,30826472000000.0,38587203000000.0,4327391000000.0,4355759000000.0
601398,工商银行,601398,工商银行,2025-12-31 00:00:00,年报,53477773000000.0,29712359000000.0,37311778000000.0,4244259000000.0,4272024000000.0
601398,工商银行,601398,工商银行,2025-09-30 00:00:00,三季报,52813421000000.0,29634937000000.0,37307824000000.0,4168427000000.0,4193783000000.0
601398,工商银行,601398,工商银行,2025-06-30 00:00:00,中报,52317931000000.0,29371887000000.0,36904556000000.0,4114692000000.0,4138876000000.0
601398,工商银行,601398,工商银行,2025-03-31 00:00:00,一季报,51547045000000.0,28889645000000.0,36431832000000.0,4036224000000.0,4060826000000.0
601398,工商银行,601398,工商银行,2024-12-31 00:00:00,年报,48821746000000.0,27613781000000.0,34836973000000.0,3969841000000.0,3987266000000.0
601398,工商银行,601398,工商银行,2024-09-30 00:00:00,三季报,48357755000000.0,27326972000000.0,34592836000000.0,3901083000000.0,3922278000000.0
601398,工商银行,601398,工商银行,2024-06-30 00:00:00,中报,47116536000000.0,27077967000000.0,34107316000000.0,3843526000000.0,3864501000000.0
601398,工商银行,601398,工商银行,2024-03-31 00:00:00,一季报,47600027000000.0,26630174000000.0,35035080000000.0,3857572000000.0,3876615000000.0
601398,工商银行,601398,工商银行,2023-12-31 00:00:00,年报,44697079000000.0,25386933000000.0,33521174000000.0,3756887000000.0,3776588000000.0
601398,工商银行,601398,工商银行,2023-09-30 00:00:00,三季报,44482823000000.0,25091461000000.0,33980826000000.0,3656043000000.0,3675878000000.0
601398,工商银行,601398,工商银行,2023-06-30 00:00:00,中报,43669606000000.0,24602095000000.0,33373772000000.0,3575999000000.0,3596420000000.0
601398,工商银行,601398,工商银行,2023-03-31 00:00:00,一季报,42033895000000.0,23865875000000.0,31983874000000.0,3581383000000.0,3601572000000.0
601398,工商银行,601398,工商银行,2022-12-31 00:00:00,年报,39610146000000.0,22591676000000.0,29870491000000.0,3496109000000.0,3515419000000.0
601398,工商银行,601398,工商银行,2022-09-30 00:00:00,三季报,39550661000000.0,22302450000000.0,30091501000000.0,3409851000000.0,3429005000000.0
601398,工商银行,601398,工商银行,2022-06-30 00:00:00,中报,38744376000000.0,21737421000000.0,29272001000000.0,3314198000000.0,3333306000000.0
601398,工商银行,601398,工商银行,2022-03-31 00:00:00,一季报,37296465000000.0,21009578000000.0,27972681000000.0,3336786000000.0,3354914000000.0
601398,工商银行,601398,工商银行,2021-12-31 00:00:00,年报,35171383000000.0,20109200000000.0,26441774000000.0,3257755000000.0,3275258000000.0
601398,工商银行,601398,工商银行,2021-09-30 00:00:00,三季报,35398066000000.0,19863468000000.0,26841575000000.0,3146096000000.0,3163285000000.0
601398,工商银行,601398,工商银行,2021-06-30 00:00:00,中报,35136284000000.0,19452291000000.0,26602333000000.0,3029890000000.0,3046807000000.0
601398,工商银行,601398,工商银行,2021-03-31 00:00:00,一季报,34367549000000.0,18967167000000.0,25944333000000.0,2977677000000.0,2994232000000.0
601398,工商银行,601398,工商银行,2020-12-31 00:00:00,年报,33345058000000.0,18136328000000.0,25134726000000.0,2893502000000.0,2909515000000.0
601398,工商银行,601398,工商银行,2020-09-30 00:00:00,三季报,33471851000000.0,17958633000000.0,25585348000000.0,2806279000000.0,2822080000000.0
601398,工商银行,601398,工商银行,2020-06-30 00:00:00,中报,33112010000000.0,17503330000000.0,25067870000000.0,2730866000000.0,2746756000000.0
601398,工商银行,601398,工商银行,2020-03-31 00:00:00,一季报,32094478000000.0,17071112000000.0,24220294000000.0,2763853000000.0,2780294000000.0
601398,工商银行,601398,工商银行,2019-12-31 00:00:00,年报,30109436000000.0,16326552000000.0,22977655000000.0,2676186000000.0,2692003000000.0
601398,工商银行,601398,工商银行,2019-09-30 00:00:00,三季报,30426381000000.0,16234535000000.0,23368159000000.0,2654896000000.0,2670628000000.0
601398,工商银行,601398,工商银行,2019-06-30 00:00:00,中报,29990476000000.0,15854208000000.0,23125437000000.0,2413376000000.0,2428895000000.0
601398,工商银行,601398,工商银行,2019-03-31 00:00:00,一季报,29246572000000.0,15529602000000.0,22574651000000.0,2413627000000.0,2428953000000.0
601398,工商银行,601398,工商银行,2018-12-31 00:00:00,年报,27699540000000.0,15046132000000.0,21408934000000.0,2330001000000.0,2344883000000.0
601398,工商银行,601398,工商银行,2018-09-30 00:00:00,三季报,28198135000000.0,14860753000000.0,21307707000000.0,2266963000000.0,2280861000000.0
601398,工商银行,601398,工商银行,2018-06-30 00:00:00,中报,27303080000000.0,14536141000000.0,20818042000000.0,2178599000000.0,2192201000000.0
601398,工商银行,601398,工商银行,2018-03-31 00:00:00,一季报,26493781000000.0,14175888000000.0,20197826000000.0,2171510000000.0,2184905000000.0
601398,工商银行,601398,工商银行,2017-12-31 00:00:00,年报,26087043000000.0,13892966000000.0,19562936000000.0,2127491000000.0,2141056000000.0
601398,工商银行,601398,工商银行,2017-09-30 00:00:00,三季报,25764798000000.0,13769076000000.0,19329643000000.0,2088946000000.0,2101142000000.0
601398,工商银行,601398,工商银行,2017-06-30 00:00:00,中报,25514046000000.0,13549396000000.0,19021171000000.0,2018295000000.0,2030634000000.0
601398,工商银行,601398,工商银行,2017-03-31 00:00:00,一季报,24904936000000.0,13267798000000.0,18565009000000.0,2032748000000.0,2044971000000.0
601398,工商银行,601398,工商银行,2016-12-31 00:00:00,年报,24137265000000.0,12767334000000.0,17825302000000.0,1969751000000.0,1981163000000.0
601398,工商银行,601398,工商银行,2016-09-30 00:00:00,三季报,23646472000000.0,12629838000000.0,17754418000000.0,1942287000000.0,1953995000000.0
601398,工商银行,601398,工商银行,2016-06-30 00:00:00,中报,23524327000000.0,12396561000000.0,17369524000000.0,1856593000000.0,1867777000000.0
601398,工商银行,601398,工商银行,2016-03-31 00:00:00,一季报,22883325000000.0,12056705000000.0,17038081000000.0,1863180000000.0,1874079000000.0
601398,工商银行,601398,工商银行,2015-12-31 00:00:00,年报,22209780000000.0,11652812000000.0,16281939000000.0,1789474000000.0,1800519000000.0
601398,工商银行,601398,工商银行,2015-09-30 00:00:00,三季报,22104917000000.0,11610463000000.0,16521828000000.0,1680028000000.0,1690652000000.0
601398,工商银行,601398,工商银行,2015-06-30 00:00:00,中报,22417295000000.0,11374947000000.0,16287768000000.0,1603025000000.0,1613637000000.0
601398,工商银行,601398,工商银行,2015-03-31 00:00:00,一季报,21396633000000.0,11057257000000.0,15848171000000.0,1611328000000.0,1621260000000.0
601398,工商银行,601398,工商银行,2014-12-31 00:00:00,年报,20609953000000.0,10768750000000.0,15556601000000.0,1530859000000.0,1537304000000.0
601398,工商银行,601398,工商银行,2014-09-30 00:00:00,三季报,20150956000000.0,10603544000000.0,15339964000000.0,1427581000000.0,1432375000000.0
601398,工商银行,601398,工商银行,2014-06-30 00:00:00,中报,20303677000000.0,10394435000000.0,15728332000000.0,1354857000000.0,1359503000000.0
601398,工商银行,601398,工商银行,2014-03-31 00:00:00,一季报,19734683000000.0,10125436000000.0,15160980000000.0,1358485000000.0,1362920000000.0
601398,工商银行,601398,工商银行,2013-12-31 00:00:00,年报,18917752000000.0,9681415000000.0,14620825000000.0,1274134000000.0,1278463000000.0
601398,工商银行,601398,工商银行,2013-09-30 00:00:00,三季报,18742548000000.0,9409635000000.0,14692718000000.0,1231739000000.0,1235389000000.0
601398,工商银行,601398,工商银行,2013-06-30 00:00:00,中报,18723353000000.0,9202023000000.0,14508402000000.0,1171507000000.0,1175093000000.0
601398,工商银行,601398,工商银行,2013-03-31 00:00:00,一季报,18357278000000.0,9033777000000.0,14384273000000.0,1194175000000.0,1197815000000.0
601398,工商银行,601398,工商银行,2012-12-31 00:00:00,年报,17542217000000.0,8583289000000.0,13642910000000.0,1124997000000.0,1128459000000.0
601398,工商银行,601398,工商银行,2012-09-30 00:00:00,三季报,17371150000000.0,8422283000000.0,13633502000000.0,1073350000000.0,1075274000000.0
601398,工商银行,601398,工商银行,2012-06-30 00:00:00,中报,17073050000000.0,8212636000000.0,13180597000000.0,1016318000000.0,1017448000000.0
601398,工商银行,601398,工商银行,2012-03-31 00:00:00,一季报,16431196000000.0,7953554000000.0,12615281000000.0,1021815000000.0,1022943000000.0
601398,工商银行,601398,工商银行,2011-12-31 00:00:00,年报,15476868000000.0,7594019000000.0,12261219000000.0,956742000000.0,957823000000.0
601398,工商银行,601398,工商银行,2011-09-30 00:00:00,三季报,15127002000000.0,7410387000000.0,12144232000000.0,900682000000.0,901866000000.0
601398,工商银行,601398,工商银行,2011-06-30 00:00:00,中报,14896048000000.0,7152587000000.0,12047138000000.0,858391000000.0,859615000000.0
601398,工商银行,601398,工商银行,2011-03-31 00:00:00,一季报,14389996000000.0,6888873000000.0,11764424000000.0,870968000000.0,872225000000.0
601398,工商银行,601398,工商银行,2010-12-31 00:00:00,年报,13458622000000.0,6623372000000.0,11145557000000.0,820430000000.0,821657000000.0
601398,工商银行,601398,工商银行,2010-09-30 00:00:00,三季报,13417887000000.0,6412354000000.0,11282590000000.0,753832000000.0,759505000000.0
601398,工商银行,601398,工商银行,2010-06-30 00:00:00,中报,12960381000000.0,6202394000000.0,10832789000000.0,704279000000.0,709600000000.0
601398,工商银行,601398,工商银行,2010-03-31 00:00:00,一季报,12553385000000.0,5916094000000.0,10332616000000.0,719089000000.0,724201000000.0
601398,工商银行,601398,工商银行,2009-12-31 00:00:00,年报,11785053000000.0,5583174000000.0,9771277000000.0,673893000000.0,678934000000.0
601398,工商银行,601398,工商银行,2009-09-30 00:00:00,三季报,11670134000000.0,5441698000000.0,9750836000000.0,646210000000.0,650907000000.0
601398,工商银行,601398,工商银行,2009-06-30 00:00:00,中报,11435086000000.0,5300116000000.0,9533117000000.0,616416000000.0,620920000000.0
601398,工商银行,601398,工商银行,2009-03-31 00:00:00,一季报,10978966000000.0,5072907000000.0,9113767000000.0,636552000000.0,640585000000.0
601398,工商银行,601398,工商银行,2008-12-31 00:00:00,年报,9757654000000.0,4436011000000.0,8223446000000.0,603183000000.0,607138000000.0
601398,工商银行,601398,工商银行,2008-09-30 00:00:00,三季报,9384347000000.0,4292991000000.0,7898299000000.0,581699000000.0,585819000000.0
601398,工商银行,601398,工商银行,2008-06-30 00:00:00,中报,9399960000000.0,4233318000000.0,7538748000000.0,550007000000.0,554342000000.0
601398,工商银行,601398,工商银行,2008-03-31 00:00:00,一季报,9141387000000.0,4133824000000.0,7228839000000.0,566608000000.0,570931000000.0
601398,工商银行,601398,工商银行,2007-12-31 00:00:00,年报,8684288000000.0,3957542000000.0,6898413000000.0,538947000000.0,544252000000.0
601398,工商银行,601398,工商银行,2007-09-30 00:00:00,三季报,8597756000000.0,3935917000000.0,6823165000000.0,520958000000.0,526037000000.0
601398,工商银行,601398,工商银行,2007-06-30 00:00:00,中报,8303988000000.0,3811067000000.0,6692270000000.0,498618000000.0,503317000000.0
601398,工商银行,601398,工商银行,2007-03-31 00:00:00,一季报,7880806000000.0,3696433000000.0,6560019000000.0,485352000000.0,489953000000.0
601398,工商银行,601398,工商银行,2006-12-31 00:00:00,年报,7509489000000.0,3533978000000.0,6326390000000.0,467267000000.0,471804000000.0
601398,工商银行,601398,工商银行,2006-06-30 00:00:00,中报,7055477000000.0,3375342000000.0,6119038000000.0,326225000000.0,330317000000.0
601398,工商银行,601398,工商银行,2005-12-31 00:00:00,年报,6457239000000.0,3205861000000.0,5736866000000.0,256947000000.0,256947000000.0
601398,工商银行,601398,工商银行,2004-12-31 00:00:00,年报,5072874000000.0,3109191000000.0,5176282000000.0,-508163000000.0,-504495000000.0
601398,工商银行,601398,工商银行,2003-12-31 00:00:00,年报,4560174000000.0,2766055000000.0,4706861000000.0,-537099000000.0,-535484000000.0
601528,瑞丰银行,601528,瑞丰银行,2026-03-31 00:00:00,一季报,253185761000.0,141116808000.0,185772769000.0,20191675000.0,20472339000.0
601528,瑞丰银行,601528,瑞丰银行,2025-12-31 00:00:00,年报,241494927000.0,136813938000.0,181638189000.0,19689992000.0,19964242000.0
601528,瑞丰银行,601528,瑞丰银行,2025-09-30 00:00:00,三季报,230265090000.0,129201725000.0,173507622000.0,19304200000.0,19572734000.0
601528,瑞丰银行,601528,瑞丰银行,2025-06-30 00:00:00,中报,230070779000.0,129885207000.0,172802021000.0,19145765000.0,19408702000.0
601528,瑞丰银行,601528,瑞丰银行,2025-03-31 00:00:00,一季报,229342867000.0,132660575000.0,174389567000.0,18861786000.0,19124676000.0
601528,瑞丰银行,601528,瑞丰银行,2024-12-31 00:00:00,年报,220502889000.0,127100520000.0,166191465000.0,18968035000.0,19226184000.0
601528,瑞丰银行,601528,瑞丰银行,2024-09-30 00:00:00,三季报,211300415000.0,121186330000.0,157536862000.0,17880125000.0,18135553000.0
601528,瑞丰银行,601528,瑞丰银行,2024-06-30 00:00:00,中报,210394834000.0,118029295000.0,162081886000.0,17398344000.0,17646440000.0
601528,瑞丰银行,601528,瑞丰银行,2024-03-31 00:00:00,一季报,206479583000.0,119071132000.0,153343892000.0,17140535000.0,17385928000.0
601528,瑞丰银行,601528,瑞丰银行,2023-12-31 00:00:00,年报,196888465000.0,110199260000.0,147230225000.0,16628304000.0,16870028000.0
601528,瑞丰银行,601528,瑞丰银行,2023-09-30 00:00:00,三季报,192304009000.0,110665865000.0,145569750000.0,16048395000.0,16316573000.0
601528,瑞丰银行,601528,瑞丰银行,2023-06-30 00:00:00,中报,189908749000.0,108665288000.0,145128521000.0,15568993000.0,15831577000.0
601528,瑞丰银行,601528,瑞丰银行,2023-03-31 00:00:00,一季报,181503979000.0,105868100000.0,136494661000.0,15298901000.0,15562438000.0
601528,瑞丰银行,601528,瑞丰银行,2022-12-31 00:00:00,年报,159622748000.0,99981767000.0,126051778000.0,14916127000.0,15175799000.0
601528,瑞丰银行,601528,瑞丰银行,2022-09-30 00:00:00,三季报,158345111000.0,96179674000.0,123240439000.0,14544251000.0,14795794000.0
601528,瑞丰银行,601528,瑞丰银行,2022-06-30 00:00:00,中报,151938655000.0,90549821000.0,114912603000.0,14046478000.0,14291375000.0
601528,瑞丰银行,601528,瑞丰银行,2022-03-31 00:00:00,一季报,143388403000.0,86654332000.0,109401133000.0,13891577000.0,14138089000.0
601528,瑞丰银行,601528,瑞丰银行,2021-12-31 00:00:00,年报,136867516000.0,82497234000.0,102358896000.0,13573301000.0,13816096000.0
601528,瑞丰银行,601528,瑞丰银行,2021-09-30 00:00:00,三季报,137711691000.0,83173369000.0,102423040000.0,13188748000.0,13415660000.0
601528,瑞丰银行,601528,瑞丰银行,2021-06-30 00:00:00,中报,136153325000.0,80422454000.0,101890381000.0,12778536000.0,13006128000.0
601528,瑞丰银行,601528,瑞丰银行,2021-03-31 00:00:00,一季报,132883069437.63,77753646943.51,96387464420.03,11296883943.69,11525797602.87
601528,瑞丰银行,601528,瑞丰银行,2020-12-31 00:00:00,年报,129516172000.0,74419531000.0,92550479000.0,11027612000.0,11253316000.0
601528,瑞丰银行,601528,瑞丰银行,2019-12-31 00:00:00,年报,109919035538.8,61872327360.06,82121242298.02,10232208746.31,10449548424.71
601528,瑞丰银行,601528,瑞丰银行,2018-12-31 00:00:00,年报,104977988605.86,51362973732.85,77000178456.2,9403660843.2,9609317032.5
601528,瑞丰银行,601528,瑞丰银行,2018-06-30 00:00:00,中报,101485602250.7,46615455153.25,76563380449.37,8751356175.84,8950030914.64
601528,瑞丰银行,601528,瑞丰银行,2017-12-31 00:00:00,年报,106914755516.46,45066700766.0,76742369901.65,8354037441.68,8552339334.18
601528,瑞丰银行,601528,瑞丰银行,2017-06-30 00:00:00,中报,106151850000.0,42043881000.0,74644171000.0,7967680000.0,8156068000.0
601528,瑞丰银行,601528,瑞丰银行,2016-12-31 00:00:00,年报,109500750862.69,40773891817.95,69673149783.92,7743335183.05,7934572285.5
601528,瑞丰银行,601528,瑞丰银行,2016-09-30 00:00:00,三季报,105945649317.45,36987382909.56,61723383055.3,7584742509.02,7584742509.02
601528,瑞丰银行,601528,瑞丰银行,2016-06-30 00:00:00,中报,104082764000.0,39700393000.0,65722171000.0,7440813000.0,7626937000.0
601528,瑞丰银行,601528,瑞丰银行,2015-12-31 00:00:00,年报,88082084300.14,39545343226.23,60348589950.36,7269089815.07,7457772181.59
601528,瑞丰银行,601528,瑞丰银行,2015-09-30 00:00:00,三季报,78133720152.33,36973713916.78,53972861723.89,7264842973.35,7264842973.35
601528,瑞丰银行,601528,瑞丰银行,2014-12-31 00:00:00,年报,74780770000.0,38772599000.0,54887902000.0,6625627000.0,6806902000.0
601528,瑞丰银行,601528,瑞丰银行,2014-06-30 00:00:00,中报,65628687531.24,36695528718.67,50675017984.02,6368872236.48,6368872236.48
601528,瑞丰银行,601528,瑞丰银行,2013-12-31 00:00:00,年报,64944420000.0,36435114000.0,52545462000.0,5843449000.0,6012435000.0
601528,瑞丰银行,601528,瑞丰银行,2012-12-31 00:00:00,年报,56093727160.14,32370980954.69,46128540983.88,5184669501.06,5184669501.06
601528,瑞丰银行,601528,瑞丰银行,2011-12-31 00:00:00,年报,51348240550.4,29942770511.42,41446781833.18,4337414512.99,4337414512.99
601528,瑞丰银行,601528,瑞丰银行,2010-12-31 00:00:00,年报,42503590223.38,26337301152.45,36447488043.03,3580260252.44,3580260252.44
601577,长沙银行,601577,长沙银行,2026-03-31 00:00:00,一季报,1315121188000.0,629867051000.0,824057006000.0,82786250000.0,85130199000.0
601577,长沙银行,601577,长沙银行,2025-12-31 00:00:00,年报,1268149035000.0,595523883000.0,802154177000.0,80016751000.0,82338420000.0
601577,长沙银行,601577,长沙银行,2025-09-30 00:00:00,三季报,1243697660000.0,588470030000.0,763428190000.0,80825989000.0,83210701000.0
601577,长沙银行,601577,长沙银行,2025-06-30 00:00:00,中报,1247385086000.0,584948742000.0,772538061000.0,79943422000.0,82294812000.0
601577,长沙银行,601577,长沙银行,2025-03-31 00:00:00,一季报,1211242255000.0,570939112000.0,763832625000.0,79301004000.0,81653368000.0
601577,长沙银行,601577,长沙银行,2024-12-31 00:00:00,年报,1146747921000.0,529229498000.0,736737742000.0,78013645000.0,80350292000.0
601577,长沙银行,601577,长沙银行,2024-09-30 00:00:00,三季报,1123134401000.0,527198493000.0,702103230000.0,76059584000.0,78325072000.0
601577,长沙银行,601577,长沙银行,2024-06-30 00:00:00,中报,1096921911000.0,517592375000.0,695002859000.0,68924842000.0,71176445000.0
601577,长沙银行,601577,长沙银行,2024-03-31 00:00:00,一季报,1061303340000.0,507038020000.0,688446726000.0,68299920000.0,70526260000.0
601577,长沙银行,601577,长沙银行,2023-12-31 00:00:00,年报,1020032943000.0,473853111000.0,670857623000.0,66108998000.0,68319379000.0
601577,长沙银行,601577,长沙银行,2023-09-30 00:00:00,三季报,1017603093000.0,473296279000.0,644806251000.0,64783904000.0,66964502000.0
601577,长沙银行,601577,长沙银行,2023-06-30 00:00:00,中报,998247970000.0,462975162000.0,627992909000.0,62924617000.0,65074099000.0
601577,长沙银行,601577,长沙银行,2023-03-31 00:00:00,一季报,954443695000.0,442908250000.0,615468670000.0,62122519000.0,64162685000.0
601577,长沙银行,601577,长沙银行,2022-12-31 00:00:00,年报,904733493000.0,412723737000.0,589412989000.0,60243137000.0,62172257000.0
601577,长沙银行,601577,长沙银行,2022-09-30 00:00:00,三季报,878673018000.0,410409540000.0,565239654000.0,59219213000.0,61057139000.0
601577,长沙银行,601577,长沙银行,2022-06-30 00:00:00,中报,859964984000.0,389914068000.0,545820841000.0,57180137000.0,58930130000.0
601577,长沙银行,601577,长沙银行,2022-03-31 00:00:00,一季报,826535227000.0,375102162000.0,530839808000.0,56815820000.0,58504192000.0
601577,长沙银行,601577,长沙银行,2021-12-31 00:00:00,年报,796150318000.0,357570387000.0,516186159000.0,55021967000.0,56645959000.0
601577,长沙银行,601577,长沙银行,2021-09-30 00:00:00,三季报,786600815000.0,342238045000.0,488448129000.0,54062815000.0,55627185000.0
601577,长沙银行,601577,长沙银行,2021-06-30 00:00:00,中报,759219743000.0,335330326000.0,480206809000.0,52405156000.0,53872445000.0
601577,长沙银行,601577,长沙银行,2021-03-31 00:00:00,一季报,734953564000.0,321936328000.0,466761195000.0,51784247000.0,53207313000.0
601577,长沙银行,601577,长沙银行,2020-12-31 00:00:00,年报,704234728000.0,304789654000.0,463645835000.0,44333312000.0,45722510000.0
601577,长沙银行,601577,长沙银行,2020-09-30 00:00:00,三季报,684249467000.0,299451886000.0,465171211000.0,43520411000.0,44869699000.0
601577,长沙银行,601577,长沙银行,2020-06-30 00:00:00,中报,650479424000.0,282511577000.0,436554504000.0,42373346000.0,43629100000.0
601577,长沙银行,601577,长沙银行,2020-03-31 00:00:00,一季报,619829350000.0,268203066000.0,408023575000.0,42367346000.0,43599067000.0
601577,长沙银行,601577,长沙银行,2019-12-31 00:00:00,年报,601997736000.0,252190676000.0,392016698000.0,40632699000.0,41833226000.0
601577,长沙银行,601577,长沙银行,2019-09-30 00:00:00,三季报,591913352000.0,243280293000.0,375701494000.0,33675427000.0,34786227000.0
601577,长沙银行,601577,长沙银行,2019-06-30 00:00:00,中报,578105849000.0,226857309000.0,367852811000.0,32167741000.0,33223187000.0
601577,长沙银行,601577,长沙银行,2019-03-31 00:00:00,一季报,571641369000.0,211019609000.0,382724848000.0,31894356000.0,32977457000.0
601577,长沙银行,601577,长沙银行,2018-12-31 00:00:00,年报,526629685000.0,197122160000.0,341202398000.0,30995770000.0,31781144000.0
601577,长沙银行,601577,长沙银行,2018-09-30 00:00:00,三季报,517622377000.0,189258489000.0,340489646000.0,29918968000.0,30669861000.0
601577,长沙银行,601577,长沙银行,2018-03-31 00:00:00,一季报,467748579000.0,159046932000.0,309511961000.0,24617919000.0,25358982000.0
601577,长沙银行,601577,长沙银行,2017-12-31 00:00:00,年报,470544087000.0,149524628000.0,336640719000.0,23284052000.0,23996541000.0
601577,长沙银行,601577,长沙银行,2017-09-30 00:00:00,三季报,447584686000.0,143749018000.0,303523849000.0,22841349000.0,23570835000.0
601577,长沙银行,601577,长沙银行,2017-06-30 00:00:00,中报,437097196000.0,136247834000.0,296087331000.0,22583930000.0,23183230000.0
601577,长沙银行,601577,长沙银行,2017-03-31 00:00:00,一季报,402765666000.0,124297738000.0,282808969000.0,20934195000.0,21526769000.0
601577,长沙银行,601577,长沙银行,2016-12-31 00:00:00,年报,383505452000.0,114972116000.0,273377328000.0,19939641000.0,20362042000.0
601577,长沙银行,601577,长沙银行,2016-09-30 00:00:00,三季报,367349225000.0,115258573000.0,249537967000.0,19661813000.0,19926554000.0
601577,长沙银行,601577,长沙银行,2016-06-30 00:00:00,中报,362877521020.0,112590528680.0,222794357310.0,19428472380.0,19672190090.0
601577,长沙银行,601577,长沙银行,2015-12-31 00:00:00,年报,285366179000.0,91141165000.0,196984612000.0,17595709000.0,17816404000.0
601577,长沙银行,601577,长沙银行,2014-12-31 00:00:00,年报,216627836000.0,71600255000.0,159591445000.0,13057822000.0,13251977000.0
601577,长沙银行,601577,长沙银行,2014-06-30 00:00:00,中报,190132838000.0,61520691000.0,133776360000.0,10349021000.0,10349021000.0
601577,长沙银行,601577,长沙银行,2013-12-31 00:00:00,年报,193412289000.0,56987724000.0,134743307000.0,9183917000.0,9384591000.0
601577,长沙银行,601577,长沙银行,2012-12-31 00:00:00,年报,162595671000.0,47570309000.0,113102523000.0,7346085000.0,7533457000.0
601577,长沙银行,601577,长沙银行,2011-12-31 00:00:00,年报,123769495000.0,40076406000.0,87215454000.0,5676977000.0,5836484000.0
601577,长沙银行,601577,长沙银行,2011-06-30 00:00:00,中报,93948628300.0,35132077100.0,70169717800.0,5171392300.0,5171392300.0
601577,长沙银行,601577,长沙银行,2010-12-31 00:00:00,年报,83347251000.0,33104600000.0,69202671000.0,4427348000.0,4577243000.0
601577,长沙银行,601577,长沙银行,2009-12-31 00:00:00,年报,64522438000.0,26833842000.0,51584015000.0,2402370000.0,2426938000.0
601577,长沙银行,601577,长沙银行,2008-12-31 00:00:00,年报,56991133000.0,21852657000.0,43303472000.0,1960861000.0,1960861000.0
601577,长沙银行,601577,长沙银行,2006-12-31 00:00:00,年报,34091798898.82,,,1189042210.3,
601577,长沙银行,601577,长沙银行,2005-12-31 00:00:00,年报,35792148697.32,,,1148813948.73,
601577,长沙银行,601577,长沙银行,2004-12-31 00:00:00,年报,25916483965.44,,,635852321.74,
601577,长沙银行,601577,长沙银行,2003-12-31 00:00:00,年报,22586255412.92,,,537285507.43,
601577,长沙银行,601577,长沙银行,2002-12-31 00:00:00,年报,17286417149.97,,,450875609.45,
601577,长沙银行,601577,长沙银行,2001-12-31 00:00:00,年报,15158377290.36,,,303749850.01,
601658,邮储银行,601658,邮储银行,2026-03-31 00:00:00,一季报,19511811000000.0,9914330000000.0,17291960000000.0,1152418000000.0,1154737000000.0
601658,邮储银行,601658,邮储银行,2025-12-31 00:00:00,年报,18682067000000.0,9440874000000.0,16541716000000.0,1160146000000.0,1162345000000.0
601658,邮储银行,601658,邮储银行,2025-09-30 00:00:00,三季报,18605653000000.0,9437688000000.0,16216444000000.0,1163663000000.0,1165875000000.0
601658,邮储银行,601658,邮储银行,2025-06-30 00:00:00,中报,18190521000000.0,9309437000000.0,16108809000000.0,1138639000000.0,1140806000000.0
601658,邮储银行,601658,邮储银行,2025-03-31 00:00:00,一季报,17689399000000.0,9130286000000.0,15976534000000.0,994297000000.0,996393000000.0
601658,邮储银行,601658,邮储银行,2024-12-31 00:00:00,年报,17084910000000.0,8684144000000.0,15287541000000.0,1029669000000.0,1031649000000.0
601658,邮储银行,601658,邮储银行,2024-09-30 00:00:00,三季报,16746265000000.0,8552373000000.0,15007335000000.0,1030960000000.0,1032868000000.0
601658,邮储银行,601658,邮储银行,2024-06-30 00:00:00,中报,16413529000000.0,8424546000000.0,14865060000000.0,1004986000000.0,1006799000000.0
601658,邮储银行,601658,邮储银行,2024-03-31 00:00:00,一季报,16331949000000.0,8289908000000.0,14628047000000.0,1006927000000.0,1008701000000.0
601658,邮储银行,601658,邮储银行,2023-12-31 00:00:00,年报,15726631000000.0,7915245000000.0,13955963000000.0,954873000000.0,956616000000.0
601658,邮储银行,601658,邮储银行,2023-09-30 00:00:00,三季报,15315359000000.0,7785973000000.0,13493122000000.0,913774000000.0,915474000000.0
601658,邮储银行,601658,邮储银行,2023-06-30 00:00:00,中报,15123107000000.0,7583167000000.0,13301591000000.0,889028000000.0,890691000000.0
601658,邮储银行,601658,邮储银行,2023-03-31 00:00:00,一季报,14697475000000.0,7386037000000.0,13240198000000.0,889917000000.0,891511000000.0
601658,邮储银行,601658,邮储银行,2022-12-31 00:00:00,年报,14067282000000.0,6977710000000.0,12714485000000.0,824225000000.0,825814000000.0
601658,邮储银行,601658,邮储银行,2022-09-30 00:00:00,三季报,13523061000000.0,6915278000000.0,12265045000000.0,816463000000.0,818007000000.0
601658,邮储银行,601658,邮储银行,2022-06-30 00:00:00,中报,13426421000000.0,6757294000000.0,12122517000000.0,839724000000.0,841238000000.0
601658,邮储银行,601658,邮储银行,2022-03-31 00:00:00,一季报,13274075000000.0,6580600000000.0,11919329000000.0,842022000000.0,843529000000.0
601658,邮储银行,601658,邮储银行,2021-12-31 00:00:00,年报,12587873000000.0,6237199000000.0,11354073000000.0,794091000000.0,795549000000.0
601658,邮储银行,601658,邮储银行,2021-09-30 00:00:00,三季报,12221662000000.0,6152542000000.0,11019437000000.0,777706000000.0,779121000000.0
601658,邮储银行,601658,邮储银行,2021-06-30 00:00:00,中报,12217051000000.0,5977969000000.0,10913567000000.0,749055000000.0,750385000000.0
601658,邮储银行,601658,邮储银行,2021-03-31 00:00:00,一季报,11961876000000.0,5776488000000.0,10819275000000.0,749724000000.0,750981000000.0
601658,邮储银行,601658,邮储银行,2020-12-31 00:00:00,年报,11353263000000.0,5512361000000.0,10358029000000.0,671799000000.0,672930000000.0
601658,邮储银行,601658,邮储银行,2020-09-30 00:00:00,三季报,11133942000000.0,5452224000000.0,10006331000000.0,657179000000.0,658242000000.0
601658,邮储银行,601658,邮储银行,2020-06-30 00:00:00,中报,10966186000000.0,5287494000000.0,9866583000000.0,640689000000.0,641716000000.0
601658,邮储银行,601658,邮储银行,2020-03-31 00:00:00,一季报,10798624000000.0,5068206000000.0,9762687000000.0,650038000000.0,651061000000.0
601658,邮储银行,601658,邮储银行,2019-12-31 00:00:00,年报,10216706000000.0,4808062000000.0,9314066000000.0,543867000000.0,544879000000.0
601658,邮储银行,601658,邮储银行,2019-09-30 00:00:00,三季报,10110524000000.0,4690788000000.0,9165526000000.0,510630000000.0,511595000000.0
601658,邮储银行,601658,邮储银行,2019-06-30 00:00:00,中报,10067175000000.0,4550381000000.0,9101191000000.0,493109000000.0,494059000000.0
601658,邮储银行,601658,邮储银行,2019-03-31 00:00:00,一季报,10143800000000.0,,9142684000000.0,492752000000.0,493691000000.0
601658,邮储银行,601658,邮储银行,2018-12-31 00:00:00,年报,9516211000000.0,4149538000000.0,8627440000000.0,474404000000.0,475313000000.0
601658,邮储银行,601658,邮储银行,2018-09-30 00:00:00,三季报,9350857000000.0,4044759000000.0,8349929000000.0,469093000000.0,469936000000.0
601658,邮储银行,601658,邮储银行,2018-06-30 00:00:00,中报,9326163000000.0,,0.0,452638000000.0,453498000000.0
601658,邮储银行,601658,邮储银行,2018-03-31 00:00:00,一季报,9227353000000.0,,0.0,448249000000.0,449102000000.0
601658,邮储银行,601658,邮储银行,2017-12-31 00:00:00,年报,9012551000000.0,3541571000000.0,8062659000000.0,430973000000.0,431357000000.0
601658,邮储银行,601658,邮储银行,2017-06-30 00:00:00,中报,8543826000000.0,3261436000000.0,7806235000000.0,364432000000.0,364782000000.0
601658,邮储银行,601658,邮储银行,2016-12-31 00:00:00,年报,8265622000000.0,2939217000000.0,7286311000000.0,346530000000.0,346888000000.0
601658,邮储银行,601658,邮储银行,2016-06-30 00:00:00,中报,7974475000000.0,2696744000000.0,6896142000000.0,283304000000.0,283674000000.0
601658,邮储银行,601658,邮储银行,2015-12-31 00:00:00,年报,7296364000000.0,2412595000000.0,6305014000000.0,270448000000.0,270831000000.0
601658,邮储银行,601658,邮储银行,2015-09-30 00:00:00,三季报,6767203310000.0,2364499700000.0,6124037660000.0,219585640000.0,219585640000.0
601658,邮储银行,601658,邮储银行,2014-12-31 00:00:00,年报,6298325000000.0,1832067000000.0,5802946000000.0,187909000000.0,187909000000.0
601658,邮储银行,601658,邮储银行,2013-12-31 00:00:00,年报,5574451000000.0,1463260000000.0,5206468000000.0,141047000000.0,141047000000.0
601658,邮储银行,601658,邮储银行,2012-12-31 00:00:00,年报,4903103000000.0,1208262000000.0,4659299000000.0,114869000000.0,114869000000.0
601658,邮储银行,601658,邮储银行,2011-12-31 00:00:00,年报,4107880000000.0,1035989000000.0,3915156000000.0,89279000000.0,89279000000.0
601658,邮储银行,601658,邮储银行,2010-12-31 00:00:00,年报,3390690000000.0,840929000000.0,3237670000000.0,55941000000.0,55941000000.0
601665,齐鲁银行,601665,齐鲁银行,2026-03-31 00:00:00,一季报,840527812000.0,400245895000.0,529798630000.0,52582623000.0,52736922000.0
601665,齐鲁银行,601665,齐鲁银行,2025-12-31 00:00:00,年报,804380922000.0,369593252000.0,497960186000.0,53512805000.0,53664163000.0
601665,齐鲁银行,601665,齐鲁银行,2025-09-30 00:00:00,三季报,778703005000.0,369416718000.0,493054112000.0,52609642000.0,52758876000.0
601665,齐鲁银行,601665,齐鲁银行,2025-06-30 00:00:00,中报,751305135000.0,358583380000.0,486471790000.0,50301164000.0,50446708000.0
601665,齐鲁银行,601665,齐鲁银行,2025-03-31 00:00:00,一季报,716396975000.0,345489290000.0,470512725000.0,48073004000.0,48262537000.0
601665,齐鲁银行,601665,齐鲁银行,2024-12-31 00:00:00,年报,689539360000.0,325538837000.0,449034240000.0,48107511000.0,48335127000.0
601665,齐鲁银行,601665,齐鲁银行,2024-09-30 00:00:00,三季报,668130433000.0,320832573000.0,445443141000.0,45148525000.0,45398123000.0
601665,齐鲁银行,601665,齐鲁银行,2024-06-30 00:00:00,中报,647543775000.0,315188797000.0,432264657000.0,43980072000.0,44247440000.0
601665,齐鲁银行,601665,齐鲁银行,2024-03-31 00:00:00,一季报,624846988000.0,306698691000.0,411852878000.0,43555935000.0,43826645000.0
601665,齐鲁银行,601665,齐鲁银行,2023-12-31 00:00:00,年报,604815988000.0,289838373000.0,408105603000.0,41554348000.0,41823490000.0
601665,齐鲁银行,601665,齐鲁银行,2023-09-30 00:00:00,三季报,568490652000.0,282846450000.0,413456272000.0,37461037000.0,37775642000.0
601665,齐鲁银行,601665,齐鲁银行,2023-06-30 00:00:00,中报,550364879000.0,273453366000.0,396364398000.0,36889512000.0,37193269000.0
601665,齐鲁银行,601665,齐鲁银行,2023-03-31 00:00:00,一季报,529015457000.0,265260646000.0,384782554000.0,36296428000.0,36589455000.0
601665,齐鲁银行,601665,齐鲁银行,2022-12-31 00:00:00,年报,506013306000.0,248913805000.0,357426230000.0,35302409000.0,35589185000.0
601665,齐鲁银行,601665,齐鲁银行,2022-09-30 00:00:00,三季报,490821363000.0,245459990000.0,341228109000.0,33724117000.0,33998612000.0
601665,齐鲁银行,601665,齐鲁银行,2022-06-30 00:00:00,中报,472254985000.0,234155736000.0,334464081000.0,32942108000.0,33206427000.0
601665,齐鲁银行,601665,齐鲁银行,2022-03-31 00:00:00,一季报,453130202000.0,225584649000.0,316105319000.0,33004228000.0,33258643000.0
601665,齐鲁银行,601665,齐鲁银行,2021-12-31 00:00:00,年报,433413706000.0,210221216000.0,298458056000.0,32356625000.0,32604776000.0
601665,齐鲁银行,601665,齐鲁银行,2021-09-30 00:00:00,三季报,416630652000.0,206500104000.0,287496602000.0,31316660000.0,31555730000.0
601665,齐鲁银行,601665,齐鲁银行,2021-06-30 00:00:00,中报,402953580000.0,198459186000.0,281381462000.0,33628832000.0,33858200000.0
601665,齐鲁银行,601665,齐鲁银行,2021-03-31 00:00:00,一季报,383473612000.0,183586334000.0,268946110000.0,30370424000.0,30592525000.0
601665,齐鲁银行,601665,齐鲁银行,2020-12-31 00:00:00,年报,360232214000.0,167496315000.0,249018048000.0,27082211000.0,27298665000.0
601665,齐鲁银行,601665,齐鲁银行,2020-09-30 00:00:00,三季报,339287626087.0,161360986877.0,247267053322.0,26108864243.0,26319671955.0
601665,齐鲁银行,601665,齐鲁银行,2020-06-30 00:00:00,中报,328679180620.0,155379540867.0,233900254885.0,23054465684.0,23256673142.0
601665,齐鲁银行,601665,齐鲁银行,2020-03-31 00:00:00,一季报,314165960183.0,148109789455.0,223692019346.0,23443975290.0,23645589884.0
601665,齐鲁银行,601665,齐鲁银行,2019-12-31 00:00:00,年报,307520304000.0,136551038000.0,211273551000.0,22460628000.0,22656388000.0
601665,齐鲁银行,601665,齐鲁银行,2019-09-30 00:00:00,三季报,287465042698.0,132277824271.0,209704292490.0,21930248263.0,22122418221.0
601665,齐鲁银行,601665,齐鲁银行,2019-06-30 00:00:00,中报,283086315000.0,128592689000.0,204491415000.0,21421619000.0,21608395000.0
601665,齐鲁银行,601665,齐鲁银行,2019-03-31 00:00:00,一季报,274347794404.0,122500948483.0,194054221592.0,21624447823.0,21810099577.0
601665,齐鲁银行,601665,齐鲁银行,2018-12-31 00:00:00,年报,265737063000.0,114880260000.0,183977894000.0,20695256000.0,20877138000.0
601665,齐鲁银行,601665,齐鲁银行,2018-09-30 00:00:00,三季报,254906834240.0,111553585628.0,171801151935.0,19671972947.0,19849649658.0
601665,齐鲁银行,601665,齐鲁银行,2018-06-30 00:00:00,中报,251731154981.0,108009413744.0,168045750682.0,19124590083.0,19297912756.0
601665,齐鲁银行,601665,齐鲁银行,2018-03-31 00:00:00,一季报,243985136422.0,101648569614.0,159679042721.0,19064226232.0,19238865366.0
601665,齐鲁银行,601665,齐鲁银行,2017-12-31 00:00:00,年报,236295240000.0,97454082000.0,163845124000.0,18265375000.0,18435420000.0
601665,齐鲁银行,601665,齐鲁银行,2017-09-30 00:00:00,三季报,226025966169.0,92315088763.0,152174573472.0,13230958250.0,13334220329.0
601665,齐鲁银行,601665,齐鲁银行,2017-06-30 00:00:00,中报,215237091775.0,88985313052.0,146933154467.0,12993532318.0,13093699396.0
601665,齐鲁银行,601665,齐鲁银行,2017-03-31 00:00:00,一季报,210038944867.0,87860968266.0,145195132798.0,13043240761.0,13144864939.0
601665,齐鲁银行,601665,齐鲁银行,2016-12-31 00:00:00,年报,207167871000.0,83540597000.0,147883996000.0,12779716000.0,12878613000.0
601665,齐鲁银行,601665,齐鲁银行,2016-09-30 00:00:00,三季报,186380962353.0,77781458046.0,141112116914.0,12860598211.0,12957412316.0
601665,齐鲁银行,601665,齐鲁银行,2016-06-30 00:00:00,中报,173313899329.0,73684367225.0,134011663918.0,10295254925.0,10388997631.0
601665,齐鲁银行,601665,齐鲁银行,2015-12-31 00:00:00,年报,152881492371.0,66983584489.0,123327192639.0,9959573493.0,10051516419.0
601665,齐鲁银行,601665,齐鲁银行,2015-06-30 00:00:00,中报,132001900185.0,63303378196.0,108527989201.0,9310023188.0,9342181890.0
601665,齐鲁银行,601665,齐鲁银行,2014-12-31 00:00:00,年报,122881290798.0,59109584660.0,101134932996.0,7195231580.0,7223803042.0
601665,齐鲁银行,601665,齐鲁银行,2013-12-31 00:00:00,年报,94003628220.0,51431892077.0,83284922839.0,5977972470.0,6001598563.0
601665,齐鲁银行,601665,齐鲁银行,2012-12-31 00:00:00,年报,83679664705.0,45061030833.0,70401197244.0,5305995165.0,5327536053.0
601665,齐鲁银行,601665,齐鲁银行,2011-12-31 00:00:00,年报,77279390875.0,40917701935.0,65122846863.0,4378649244.0,4401377146.0
601665,齐鲁银行,601665,齐鲁银行,2010-12-31 00:00:00,年报,85805774569.0,42629240324.0,70104534452.0,3626262101.0,3626262101.0
601665,齐鲁银行,601665,齐鲁银行,2010-03-31 00:00:00,一季报,68069000000.0,35969000000.0,50897000000.0,3082000000.0,3082000000.0
601665,齐鲁银行,601665,齐鲁银行,2009-12-31 00:00:00,年报,61359430268.0,32938577845.0,53660400002.0,1341516241.0,1341516241.0
601665,齐鲁银行,601665,齐鲁银行,2009-09-30 00:00:00,三季报,59137841545.0,34245452423.0,51180151782.0,2696916290.0,2696916290.0
601665,齐鲁银行,601665,齐鲁银行,2009-03-31 00:00:00,一季报,56047740000.0,33997300000.0,47518130000.0,2589530000.0,2589530000.0
601665,齐鲁银行,601665,齐鲁银行,2008-12-31 00:00:00,年报,49544576773.0,27783390355.0,43891473082.0,2670548634.0,2670548634.0
601665,齐鲁银行,601665,齐鲁银行,2007-12-31 00:00:00,年报,37841189000.0,,,1995937000.0,
601665,齐鲁银行,601665,齐鲁银行,2006-12-31 00:00:00,年报,32408597000.0,,,1849133000.0,
601665,齐鲁银行,601665,齐鲁银行,2005-12-31 00:00:00,年报,25123679000.0,,,1357299000.0,
601665,齐鲁银行,601665,齐鲁银行,2004-12-31 00:00:00,年报,23524760000.0,,,1293176000.0,
601818,光大银行,601818,光大银行,2026-03-31 00:00:00,一季报,7201145000000.0,3989008000000.0,4199159000000.0,574423000000.0,577014000000.0
601818,光大银行,601818,光大银行,2025-12-31 00:00:00,年报,7165319000000.0,3911379000000.0,4102458000000.0,604800000000.0,607442000000.0
601818,光大银行,601818,光大银行,2025-09-30 00:00:00,三季报,7217717000000.0,3953830000000.0,4184694000000.0,602273000000.0,604859000000.0
601818,光大银行,601818,光大银行,2025-06-30 00:00:00,中报,7238591000000.0,4008604000000.0,4253182000000.0,594534000000.0,597182000000.0
601818,光大银行,601818,光大银行,2025-03-31 00:00:00,一季报,7228859000000.0,4034690000000.0,4268443000000.0,586401000000.0,588995000000.0
601818,光大银行,601818,光大银行,2024-12-31 00:00:00,年报,6959021000000.0,3857693000000.0,4035687000000.0,587700000000.0,590231000000.0
601818,光大银行,601818,光大银行,2024-09-30 00:00:00,三季报,6884743000000.0,3826952000000.0,4021320000000.0,580138000000.0,582665000000.0
601818,光大银行,601818,光大银行,2024-06-30 00:00:00,中报,6796694000000.0,3821301000000.0,3919764000000.0,568391000000.0,570865000000.0
601818,光大银行,601818,光大银行,2024-03-31 00:00:00,一季报,6897528000000.0,3828594000000.0,4124619000000.0,565331000000.0,567795000000.0
601818,光大银行,601818,光大银行,2023-12-31 00:00:00,年报,6772796000000.0,3712925000000.0,4094528000000.0,552391000000.0,554785000000.0
601818,光大银行,601818,光大银行,2023-09-30 00:00:00,三季报,6834936000000.0,3684219000000.0,4085395000000.0,548076000000.0,550404000000.0
601818,光大银行,601818,光大银行,2023-06-30 00:00:00,中报,6757928000000.0,3663930000000.0,4156940000000.0,538398000000.0,540677000000.0
601818,光大银行,601818,光大银行,2023-03-31 00:00:00,一季报,6694710000000.0,3637603000000.0,4123082000000.0,536164000000.0,538369000000.0
601818,光大银行,601818,光大银行,2022-12-31 00:00:00,年报,6300510000000.0,3499351000000.0,3917168000000.0,507883000000.0,510013000000.0
601818,光大银行,601818,光大银行,2022-09-30 00:00:00,三季报,6264636000000.0,3491430000000.0,3979517000000.0,501932000000.0,503964000000.0
601818,光大银行,601818,光大银行,2022-06-30 00:00:00,中报,6257247000000.0,3439869000000.0,3947612000000.0,490530000000.0,492535000000.0
601818,光大银行,601818,光大银行,2022-03-31 00:00:00,一季报,6247231000000.0,3382733000000.0,3843925000000.0,490333000000.0,492275000000.0
601818,光大银行,601818,光大银行,2021-12-31 00:00:00,年报,5902069000000.0,3239396000000.0,3675743000000.0,482489000000.0,484366000000.0
601818,光大银行,601818,光大银行,2021-09-30 00:00:00,三季报,5685950000000.0,3215939000000.0,3612445000000.0,474140000000.0,475852000000.0
601818,光大银行,601818,光大银行,2021-06-30 00:00:00,中报,5772796000000.0,3167425000000.0,3692419000000.0,462539000000.0,464138000000.0
601818,光大银行,601818,光大银行,2021-03-31 00:00:00,一季报,5581691000000.0,3089231000000.0,3585545000000.0,462905000000.0,464479000000.0
601818,光大银行,601818,光大银行,2020-12-31 00:00:00,年报,5368163000000.0,2942435000000.0,3480642000000.0,453470000000.0,455040000000.0
601818,光大银行,601818,光大银行,2020-09-30 00:00:00,三季报,5287597000000.0,2889677000000.0,3530089000000.0,439204000000.0,440770000000.0
601818,光大银行,601818,光大银行,2020-06-30 00:00:00,中报,5388434000000.0,2845757000000.0,3672102000000.0,390312000000.0,391443000000.0
601818,光大银行,601818,光大银行,2020-03-31 00:00:00,一季报,5232011000000.0,2822896000000.0,3530589000000.0,397100000000.0,398216000000.0
601818,光大银行,601818,光大银行,2019-12-31 00:00:00,年报,4733431000000.0,2644136000000.0,3017888000000.0,384982000000.0,386054000000.0
601818,光大银行,601818,光大银行,2019-09-30 00:00:00,三季报,4723247000000.0,2594529000000.0,2962741000000.0,379268000000.0,380319000000.0
601818,光大银行,601818,光大银行,2019-06-30 00:00:00,中报,4647020000000.0,2530577000000.0,2958862000000.0,333061000000.0,334085000000.0
601818,光大银行,601818,光大银行,2019-03-31 00:00:00,一季报,4520309000000.0,2447922000000.0,2842135000000.0,331901000000.0,332904000000.0
601818,光大银行,601818,光大银行,2018-12-31 00:00:00,年报,4357332000000.0,2361278000000.0,2571961000000.0,321488000000.0,322473000000.0
601818,光大银行,601818,光大银行,2018-09-30 00:00:00,三季报,4355429000000.0,2311647000000.0,2484985000000.0,314231000000.0,315038000000.0
601818,光大银行,601818,光大银行,2018-06-30 00:00:00,中报,4283277000000.0,2174647000000.0,2435534000000.0,304179000000.0,304865000000.0
601818,光大银行,601818,光大银行,2018-03-31 00:00:00,一季报,4163187000000.0,2058941000000.0,2345911000000.0,305904000000.0,306584000000.0
601818,光大银行,601818,光大银行,2017-12-31 00:00:00,年报,4088243000000.0,1980818000000.0,2272665000000.0,304760000000.0,305436000000.0
601818,光大银行,601818,光大银行,2017-09-30 00:00:00,三季报,4030414000000.0,1962153000000.0,2227244000000.0,273658000000.0,274316000000.0
601818,光大银行,601818,光大银行,2017-06-30 00:00:00,中报,4033546000000.0,1917181000000.0,2271303000000.0,265532000000.0,266175000000.0
601818,光大银行,601818,光大银行,2017-03-31 00:00:00,一季报,4126980000000.0,1850311000000.0,2243298000000.0,263100000000.0,263733000000.0
601818,光大银行,601818,光大银行,2016-12-31 00:00:00,年报,4020042000000.0,1751644000000.0,2120887000000.0,250455000000.0,251068000000.0
601818,光大银行,601818,光大银行,2016-09-30 00:00:00,三季报,3836367000000.0,1711472000000.0,2131891000000.0,248035000000.0,248641000000.0
601818,光大银行,601818,光大银行,2016-06-30 00:00:00,中报,3764912000000.0,1662048000000.0,2177369000000.0,229345000000.0,229928000000.0
601818,光大银行,601818,光大银行,2016-03-31 00:00:00,一季报,3493951000000.0,1589781000000.0,2126783000000.0,232302000000.0,232870000000.0
601818,光大银行,601818,光大银行,2015-12-31 00:00:00,年报,3167710000000.0,1475424000000.0,1993843000000.0,223493000000.0,224047000000.0
601818,光大银行,601818,光大银行,2015-09-30 00:00:00,三季报,3086815000000.0,1433869000000.0,1958935000000.0,216361000000.0,216907000000.0
601818,光大银行,601818,光大银行,2015-06-30 00:00:00,中报,3000336000000.0,1386947000000.0,1894576000000.0,207925000000.0,208456000000.0
601818,光大银行,601818,光大银行,2015-03-31 00:00:00,一季报,2868543000000.0,1342469000000.0,1840453000000.0,187547000000.0,188069000000.0
601818,光大银行,601818,光大银行,2014-12-31 00:00:00,年报,2737010000000.0,1271430000000.0,1785337000000.0,178975000000.0,179483000000.0
601818,光大银行,601818,光大银行,2014-09-30 00:00:00,三季报,2581418000000.0,1245370000000.0,1728279000000.0,172852000000.0,173136000000.0
601818,光大银行,601818,光大银行,2014-06-30 00:00:00,中报,2669578000000.0,1219616000000.0,1796282000000.0,164961000000.0,165231000000.0
601818,光大银行,601818,光大银行,2014-03-31 00:00:00,一季报,2578202000000.0,1197104000000.0,1740844000000.0,163590000000.0,163846000000.0
601818,光大银行,601818,光大银行,2013-12-31 00:00:00,年报,2415086000000.0,1142138000000.0,1605278000000.0,152839000000.0,153052000000.0
601818,光大银行,601818,光大银行,2013-09-30 00:00:00,三季报,2474344000000.0,1115545000000.0,1622107000000.0,132136000000.0,132346000000.0
601818,光大银行,601818,光大银行,2013-06-30 00:00:00,中报,2471168000000.0,1078665000000.0,1554691000000.0,126870000000.0,127066000000.0
601818,光大银行,601818,光大银行,2013-03-31 00:00:00,一季报,2414492000000.0,1050358000000.0,1557569000000.0,122427000000.0,122612000000.0
601818,光大银行,601818,光大银行,2012-12-31 00:00:00,年报,2279295000000.0,997331000000.0,1426941000000.0,114178000000.0,114322000000.0
601818,光大银行,601818,光大银行,2012-09-30 00:00:00,三季报,2217359873000.0,973387001000.0,1414537817000.0,109867646000.0,110006040000.0
601818,光大银行,601818,光大银行,2012-06-30 00:00:00,中报,2093794242000.0,949281555000.0,1383212380000.0,104567340000.0,104698479000.0
601818,光大银行,601818,光大银行,2012-03-31 00:00:00,一季报,2016707624000.0,908758378000.0,1212437950000.0,103139379000.0,103261192000.0
601818,光大银行,601818,光大银行,2011-12-31 00:00:00,年报,1733346000000.0,868782000000.0,1225278000000.0,96035000000.0,96150000000.0
601818,光大银行,601818,光大银行,2011-09-30 00:00:00,三季报,1669994590000.0,844973162000.0,1135596164000.0,90823819000.0,90937324000.0
601818,光大银行,601818,光大银行,2011-06-30 00:00:00,中报,1662127236000.0,830086418000.0,1137299714000.0,86633918000.0,86743085000.0
601818,光大银行,601818,光大银行,2011-03-31 00:00:00,一季报,1685153530000.0,806107159000.0,1086167998000.0,86259979000.0,86363477000.0
601818,光大银行,601818,光大银行,2010-12-31 00:00:00,年报,1483950342000.0,760555236000.0,1029710611000.0,81364467000.0,81462702000.0
601818,光大银行,601818,光大银行,2010-09-30 00:00:00,三季报,1491040539000.0,718652207000.0,990062472000.0,79857973000.0,79953536000.0
601818,光大银行,601818,光大银行,2010-06-30 00:00:00,中报,1426235630000.0,708603023000.0,939643917000.0,55272128000.0,55366586000.0
601818,光大银行,601818,光大银行,2009-12-31 00:00:00,年报,1197696107000.0,632151294000.0,799643627000.0,48106693000.0,48121460000.0
601818,光大银行,601818,光大银行,2008-12-31 00:00:00,年报,851838140000.0,450520669000.0,605170169000.0,33232084000.0,33232084000.0
601818,光大银行,601818,光大银行,2007-12-31 00:00:00,年报,739186456000.0,395103848000.0,540661242000.0,24689093000.0,24689093000.0
601818,光大银行,601818,光大银行,2006-12-31 00:00:00,年报,596116617000.0,334247302000.0,502871485000.0,-182418000.0,-182418000.0
601818,光大银行,601818,光大银行,2005-12-31 00:00:00,年报,515556696000.0,285503948000.0,433403658000.0,-2782626000.0,-2782626000.0
601825,沪农商行,601825,沪农商行,2026-03-31 00:00:00,一季报,1627400498000.0,782376782000.0,1177001995000.0,131685352000.0,136118202000.0
601825,沪农商行,601825,沪农商行,2025-12-31 00:00:00,年报,1587666263000.0,750433414000.0,1156886017000.0,127905738000.0,132280294000.0
601825,沪农商行,601825,沪农商行,2025-09-30 00:00:00,三季报,1558094380000.0,743496001000.0,1155170407000.0,125924448000.0,130212674000.0
601825,沪农商行,601825,沪农商行,2025-06-30 00:00:00,中报,1549418727000.0,750514658000.0,1126680240000.0,126814758000.0,131016404000.0
601825,沪农商行,601825,沪农商行,2025-03-31 00:00:00,一季报,1539928922000.0,747449906000.0,1099213738000.0,124868211000.0,129089711000.0
601825,沪农商行,601825,沪农商行,2024-12-31 00:00:00,年报,1487809495000.0,731185347000.0,1092917510000.0,123836410000.0,127981831000.0
601825,沪农商行,601825,沪农商行,2024-09-30 00:00:00,三季报,1476689143000.0,718678685000.0,1083779693000.0,119574233000.0,123627216000.0
601825,沪农商行,601825,沪农商行,2024-06-30 00:00:00,中报,1454957287000.0,710760524000.0,1067232207000.0,118398248000.0,122393896000.0
601825,沪农商行,601825,沪农商行,2024-03-31 00:00:00,一季报,1441596392000.0,697386734000.0,1040193553000.0,117259717000.0,121274473000.0
601825,沪农商行,601825,沪农商行,2023-12-31 00:00:00,年报,1392213700000.0,684879284000.0,1037738098000.0,112426981000.0,116358495000.0
601825,沪农商行,601825,沪农商行,2023-09-30 00:00:00,三季报,1368423710000.0,674359990000.0,997017383000.0,109940345000.0,113862254000.0
601825,沪农商行,601825,沪农商行,2023-06-30 00:00:00,中报,1359469610000.0,669395610000.0,998049311000.0,106959159000.0,110801167000.0
601825,沪农商行,601825,沪农商行,2023-03-31 00:00:00,一季报,1320958312000.0,654973589000.0,979421729000.0,105438151000.0,109272624000.0
601825,沪农商行,601825,沪农商行,2022-12-31 00:00:00,年报,1281399121000.0,643951491000.0,961369501000.0,101833969000.0,105715647000.0
601825,沪农商行,601825,沪农商行,2022-09-30 00:00:00,三季报,1231089092000.0,624140296000.0,908434691000.0,100507491000.0,104306975000.0
601825,沪农商行,601825,沪农商行,2022-06-30 00:00:00,中报,1200910196000.0,610565995000.0,889393539000.0,96699576000.0,100367815000.0
601825,沪农商行,601825,沪农商行,2022-03-31 00:00:00,一季报,1181435709000.0,602961898000.0,882967151000.0,96701349000.0,100365430000.0
601825,沪农商行,601825,沪农商行,2021-12-31 00:00:00,年报,1158376261000.0,588984441000.0,855366636000.0,93768103000.0,97331437000.0
601825,沪农商行,601825,沪农商行,2021-09-30 00:00:00,三季报,1116328001000.0,570793049000.0,820098370000.0,93996030000.0,97446429000.0
601825,沪农商行,601825,沪农商行,2021-06-30 00:00:00,中报,1099582059000.0,555615914000.0,811700968000.0,82450553000.0,85811468000.0
601825,沪农商行,601825,沪农商行,2021-03-31 00:00:00,一季报,1076847909000.0,537844113000.0,782199074000.0,79535215000.0,82833168000.0
601825,沪农商行,601825,沪农商行,2020-12-31 00:00:00,年报,1056976684000.0,510017410000.0,763616513000.0,77210844000.0,80471896000.0
601825,沪农商行,601825,沪农商行,2020-06-30 00:00:00,中报,993844828000.0,486407949000.0,744990156000.0,74041946000.0,77263307000.0
601825,沪农商行,601825,沪农商行,2020-03-31 00:00:00,一季报,943307795179.75,455386956311.91,672999400062.51,74461251301.14,74461251301.14
601825,沪农商行,601825,沪农商行,2019-12-31 00:00:00,年报,929938101000.0,449782234000.0,692348716000.0,71149880000.0,74206115000.0
601825,沪农商行,601825,沪农商行,2019-09-30 00:00:00,三季报,874450247812.04,425675513213.28,650361176979.78,68653337325.81,68653337325.81
601825,沪农商行,601825,沪农商行,2019-06-30 00:00:00,中报,874033929442.27,415348457452.35,664303070352.73,66103585050.94,66103585050.94
601825,沪农商行,601825,沪农商行,2019-03-31 00:00:00,一季报,839412393475.34,405064480837.54,634995598595.68,66000439197.35,66000439197.35
601825,沪农商行,601825,沪农商行,2018-12-31 00:00:00,年报,833712752000.0,394034412000.0,644907662000.0,63635638000.0,64801605000.0
601825,沪农商行,601825,沪农商行,2018-09-30 00:00:00,三季报,788025642566.82,379888431923.39,606436054599.17,56242551892.82,56242551892.82
601825,沪农商行,601825,沪农商行,2018-06-30 00:00:00,中报,794815305988.09,377785342018.14,594344290998.74,54327284317.12,54327284317.12
601825,沪农商行,601825,沪农商行,2018-03-31 00:00:00,一季报,784083361425.68,359195538423.1,574576997892.48,53369300628.42,53369300628.42
601825,沪农商行,601825,沪农商行,2017-12-31 00:00:00,年报,802057599000.0,361298257000.0,609081222000.0,51682125000.0,53016904000.0
601825,沪农商行,601825,沪农商行,2017-09-30 00:00:00,三季报,768312691098.88,362346378883.68,571267996830.09,50132370853.1,50132370853.1
601825,沪农商行,601825,沪农商行,2017-06-30 00:00:00,中报,778868343604.19,359438154234.5,569895918130.35,48070507121.11,48070507121.11
601825,沪农商行,601825,沪农商行,2017-03-31 00:00:00,一季报,763000158433.09,345583620766.84,543909676704.89,47668788357.97,47668788357.97
601825,沪农商行,601825,沪农商行,2016-12-31 00:00:00,年报,710880558000.0,328430370000.0,553774691000.0,46222920000.0,47693665000.0
601825,沪农商行,601825,沪农商行,2016-09-30 00:00:00,三季报,672051462156.19,313740692589.08,507340912706.68,44456684049.93,44456684049.93
601825,沪农商行,601825,沪农商行,2016-06-30 00:00:00,中报,651518391037.65,309739197366.15,475191504521.96,43091399319.34,43091399319.34
601825,沪农商行,601825,沪农商行,2016-03-31 00:00:00,一季报,629075495935.94,313620415657.26,444074094230.19,43203576052.41,43203576052.41
601825,沪农商行,601825,沪农商行,2015-12-31 00:00:00,年报,629075495935.94,313620415657.26,444074094230.19,43203576052.41,43203576052.41
601825,沪农商行,601825,沪农商行,2014-12-31 00:00:00,年报,485303181000.0,252017627000.0,395678145000.0,36882791000.0,38143511000.0
601825,沪农商行,601825,沪农商行,2013-12-31 00:00:00,年报,406484600000.0,213261360000.0,335230709000.0,31827039000.0,31827039000.0
601825,沪农商行,601825,沪农商行,2012-12-31 00:00:00,年报,361968419000.0,189902581000.0,292100224000.0,28741996000.0,29600068000.0
601825,沪农商行,601825,沪农商行,2012-09-30 00:00:00,三季报,351339526000.0,183392551000.0,277717466000.0,27355513000.0,28210824000.0
601825,沪农商行,601825,沪农商行,2012-06-30 00:00:00,中报,335930311000.0,179420582000.0,267772419000.0,26560288000.0,26806635000.0
601825,沪农商行,601825,沪农商行,2012-03-31 00:00:00,一季报,324752028000.0,169861876000.0,247150512000.0,26026577000.0,26026577000.0
601825,沪农商行,601825,沪农商行,2011-12-31 00:00:00,年报,309927083000.0,162279879000.0,247548151000.0,24992860000.0,25066345000.0
601825,沪农商行,601825,沪农商行,2011-09-30 00:00:00,三季报,289106088000.0,156408731000.0,235061141000.0,24964703000.0,24964703000.0
601825,沪农商行,601825,沪农商行,2011-06-30 00:00:00,中报,287809171000.0,155507707000.0,228159617000.0,24098465000.0,24098465000.0
601825,沪农商行,601825,沪农商行,2010-12-31 00:00:00,年报,252100924000.0,138785598000.0,211834300000.0,23172783000.0,23225810000.0
601825,沪农商行,601825,沪农商行,2009-12-31 00:00:00,年报,212115474000.0,116579757000.0,179234051000.0,13022069000.0,13068881000.0
601825,沪农商行,601825,沪农商行,2009-06-30 00:00:00,中报,200623078415.61,118100873170.59,171710317047.04,11876584216.11,11876584216.11
601825,沪农商行,601825,沪农商行,2008-12-31 00:00:00,年报,173327345413.25,,,11643112015.45,
601825,沪农商行,601825,沪农商行,2007-12-31 00:00:00,年报,157472751944.16,,,8626538331.61,
601825,沪农商行,601825,沪农商行,2006-12-31 00:00:00,年报,136149322066.14,,,6486962306.63,
601825,沪农商行,601825,沪农商行,2005-12-31 00:00:00,年报,127416876076.24,,,6153529508.78,
601838,成都银行,601838,成都银行,2026-03-31 00:00:00,一季报,1475162673000.0,868629941000.0,1038023847000.0,102987062000.0,102987062000.0
601838,成都银行,601838,成都银行,2025-12-31 00:00:00,年报,1398472688000.0,834753169000.0,988556678000.0,99343175000.0,99343175000.0
601838,成都银行,601838,成都银行,2025-09-30 00:00:00,三季报,1385255000000.0,822639948000.0,986432034000.0,101812208000.0,101812208000.0
601838,成都银行,601838,成都银行,2025-06-30 00:00:00,中报,1372224705000.0,809857434000.0,983480964000.0,88532405000.0,88532405000.0
601838,成都银行,601838,成都银行,2025-03-31 00:00:00,一季报,1334807829000.0,783251353000.0,964771178000.0,88648460000.0,88648460000.0
601838,成都银行,601838,成都银行,2024-12-31 00:00:00,年报,1250116154000.0,719144831000.0,885859340000.0,85855452000.0,85904447000.0
601838,成都银行,601838,成都银行,2024-09-30 00:00:00,三季报,1221637564000.0,698611070000.0,874672477000.0,76978802000.0,77063772000.0
601838,成都银行,601838,成都银行,2024-06-30 00:00:00,中报,1200305422000.0,684586794000.0,856672340000.0,74136181000.0,74220827000.0
601838,成都银行,601838,成都银行,2024-03-31 00:00:00,一季报,1178625991000.0,667959905000.0,834594253000.0,74510993000.0,74595551000.0
601838,成都银行,601838,成都银行,2023-12-31 00:00:00,年报,1091243069000.0,604370622000.0,780421289000.0,71235227000.0,71319610000.0
601838,成都银行,601838,成都银行,2023-09-30 00:00:00,三季报,1063039090000.0,569491647000.0,768828127000.0,67814312000.0,67898672000.0
601838,成都银行,601838,成都银行,2023-06-30 00:00:00,中报,1028250661000.0,555469659000.0,747608915000.0,68227356000.0,68311298000.0
601838,成都银行,601838,成都银行,2023-03-31 00:00:00,一季报,985145481000.0,524462329000.0,714680465000.0,63917177000.0,63999803000.0
601838,成都银行,601838,成都银行,2022-12-31 00:00:00,年报,917650305000.0,468886159000.0,654652022000.0,61342713000.0,61426281000.0
601838,成都银行,601838,成都银行,2022-09-30 00:00:00,三季报,907543103000.0,451262656000.0,641548825000.0,57818263000.0,57901314000.0
601838,成都银行,601838,成都银行,2022-06-30 00:00:00,中报,893917654000.0,439048238000.0,642339442000.0,54537766000.0,54620775000.0
601838,成都银行,601838,成都银行,2022-03-31 00:00:00,一季报,837798470000.0,403803812000.0,601182606000.0,54603469000.0,54685807000.0
601838,成都银行,601838,成都银行,2021-12-31 00:00:00,年报,768346337000.0,374309834000.0,544142238000.0,51939271000.0,52022143000.0
601838,成都银行,601838,成都银行,2021-09-30 00:00:00,三季报,746529713000.0,343605006000.0,554743119000.0,49527601000.0,49611432000.0
601838,成都银行,601838,成都银行,2021-06-30 00:00:00,中报,736183217000.0,330664113000.0,526862779000.0,47694486000.0,47778057000.0
601838,成都银行,601838,成都银行,2021-03-31 00:00:00,一季报,713740529000.0,302810114000.0,490733169000.0,47688067000.0,47771467000.0
601838,成都银行,601838,成都银行,2020-12-31 00:00:00,年报,652433674000.0,272725935000.0,444987703000.0,46032614000.0,46114825000.0
601838,成都银行,601838,成都银行,2020-09-30 00:00:00,三季报,639092853000.0,258326569000.0,472752801000.0,38126168000.0,38207630000.0
601838,成都银行,601838,成都银行,2020-06-30 00:00:00,中报,614655065000.0,245353672000.0,437502511000.0,36822251000.0,36903323000.0
601838,成都银行,601838,成都银行,2020-03-31 00:00:00,一季报,573029642000.0,235807685000.0,404674049000.0,37100339000.0,37179798000.0
601838,成都银行,601838,成都银行,2019-12-31 00:00:00,年报,558385733000.0,223510709000.0,386719261000.0,35550897000.0,35630086000.0
601838,成都银行,601838,成都银行,2019-09-30 00:00:00,三季报,543124042000.0,214979303000.0,379723357000.0,33954274000.0,34034560000.0
601838,成都银行,601838,成都银行,2019-06-30 00:00:00,中报,534153068000.0,207482644000.0,380542123000.0,32423380000.0,32502570000.0
601838,成都银行,601838,成都银行,2019-03-31 00:00:00,一季报,508886062000.0,191334096000.0,358443497000.0,32521625000.0,32599370000.0
601838,成都银行,601838,成都银行,2018-12-31 00:00:00,年报,492284962000.0,179066462000.0,352292279000.0,31199444000.0,31276070000.0
601838,成都银行,601838,成都银行,2018-09-30 00:00:00,三季报,484009792000.0,167116759000.0,352465241000.0,29900295000.0,29975369000.0
601838,成都银行,601838,成都银行,2018-06-30 00:00:00,中报,473757049000.0,156714566000.0,344842596000.0,28540679000.0,28613652000.0
601838,成都银行,601838,成都银行,2018-03-31 00:00:00,一季报,454379305000.0,148817122000.0,317386366000.0,28441796000.0,28513662000.0
601838,成都银行,601838,成都银行,2017-12-31 00:00:00,年报,434539478000.0,143588667000.0,312797150000.0,24952212000.0,25024442000.0
601838,成都银行,601838,成都银行,2017-09-30 00:00:00,三季报,409916588000.0,140881502000.0,295883063000.0,23900518000.0,23972217000.0
601838,成都银行,601838,成都银行,2017-06-30 00:00:00,中报,378223163000.0,139151959000.0,285351847000.0,22716891000.0,22787885000.0
601838,成都银行,601838,成都银行,2016-12-31 00:00:00,年报,360946757000.0,131811720000.0,271007607000.0,21912521000.0,21983763000.0
601838,成都银行,601838,成都银行,2015-12-31 00:00:00,年报,321445339000.0,129352040000.0,240646720000.0,20211078000.0,20279083000.0
601838,成都银行,601838,成都银行,2014-12-31 00:00:00,年报,300229738000.0,121143924000.0,219554974000.0,18136280000.0,18199293000.0
601838,成都银行,601838,成都银行,2013-12-31 00:00:00,年报,261252795000.0,107922259000.0,195021523000.0,15150553000.0,15209360000.0
601838,成都银行,601838,成都银行,2012-12-31 00:00:00,年报,240299293000.0,91799733000.0,164191646000.0,12880947000.0,12900021000.0
601838,成都银行,601838,成都银行,2011-12-31 00:00:00,年报,181394189000.0,78475234000.0,134798556000.0,10929299000.0,10948331000.0
601838,成都银行,601838,成都银行,2010-12-31 00:00:00,年报,151319811000.0,66106163000.0,122480124000.0,9012806000.0,9012806000.0
601838,成都银行,601838,成都银行,2010-06-30 00:00:00,中报,106542615000.0,62772515000.0,90439422000.0,8142673000.0,8142673000.0
601838,成都银行,601838,成都银行,2009-12-31 00:00:00,年报,105119815000.0,56618880000.0,91429241000.0,7778142000.0,7778142000.0
601838,成都银行,601838,成都银行,2008-12-31 00:00:00,年报,73308440000.0,42112606000.0,63039876000.0,6696086000.0,6696086000.0
601838,成都银行,601838,成都银行,2007-12-31 00:00:00,年报,51444070000.0,28994105000.0,48825312000.0,699020000.0,699020000.0
601838,成都银行,601838,成都银行,2006-12-31 00:00:00,年报,37445259306.55,,,1357253666.34,
601838,成都银行,601838,成都银行,2004-12-31 00:00:00,年报,23597077686.55,,,1115182701.56,
601838,成都银行,601838,成都银行,2003-12-31 00:00:00,年报,21804626682.79,,,1117924955.44,
601838,成都银行,601838,成都银行,2002-12-31 00:00:00,年报,19863580777.36,,,241688417.3,
601860,紫金银行,601860,紫金银行,2026-03-31 00:00:00,一季报,294991639000.0,194130204000.0,232687196000.0,20774302000.0,20774302000.0
601860,紫金银行,601860,紫金银行,2025-12-31 00:00:00,年报,290343059000.0,190461756000.0,230042619000.0,20300789000.0,20300789000.0
601860,紫金银行,601860,紫金银行,2025-09-30 00:00:00,三季报,286034409000.0,187845008000.0,228670423000.0,20428468000.0,20428468000.0
601860,紫金银行,601860,紫金银行,2025-06-30 00:00:00,中报,272089995000.0,187316570000.0,219935430000.0,20381258000.0,20381258000.0
601860,紫金银行,601860,紫金银行,2025-03-31 00:00:00,一季报,280253743000.0,186694006000.0,226092424000.0,19997239000.0,19997239000.0
601860,紫金银行,601860,紫金银行,2024-12-31 00:00:00,年报,269944211000.0,184527361000.0,215297447000.0,19936160000.0,19936160000.0
601860,紫金银行,601860,紫金银行,2024-09-30 00:00:00,三季报,270962071000.0,182846443000.0,216925968000.0,19604813000.0,19604813000.0
601860,紫金银行,601860,紫金银行,2024-06-30 00:00:00,中报,269304373000.0,180743881000.0,219541931000.0,19162882000.0,19162882000.0
601860,紫金银行,601860,紫金银行,2024-03-31 00:00:00,一季报,261597774000.0,178341336000.0,216518699000.0,18970351000.0,18970351000.0
601860,紫金银行,601860,紫金银行,2023-12-31 00:00:00,年报,247664435000.0,172527155000.0,201465582000.0,18471919000.0,18471919000.0
601860,紫金银行,601860,紫金银行,2023-09-30 00:00:00,三季报,246186395000.0,170098794000.0,199822177000.0,18164100000.0,18164100000.0
601860,紫金银行,601860,紫金银行,2023-06-30 00:00:00,中报,248092842000.0,165966422000.0,199406322000.0,17751260000.0,17751260000.0
601860,紫金银行,601860,紫金银行,2023-03-31 00:00:00,一季报,255274901000.0,163315626000.0,202087035000.0,17491335000.0,17491335000.0
601860,紫金银行,601860,紫金银行,2022-12-31 00:00:00,年报,224722133000.0,155889460000.0,179727730000.0,17097152000.0,17097152000.0
601860,紫金银行,601860,紫金银行,2022-09-30 00:00:00,三季报,223223825000.0,153186285000.0,178258951000.0,16943323000.0,16943323000.0
601860,紫金银行,601860,紫金银行,2022-06-30 00:00:00,中报,227571989000.0,149792908000.0,180473516000.0,16443459000.0,16443459000.0
601860,紫金银行,601860,紫金银行,2022-03-31 00:00:00,一季报,227999694000.0,145137730000.0,177797925000.0,16255940000.0,16255940000.0
601860,紫金银行,601860,紫金银行,2021-12-31 00:00:00,年报,206666030000.0,135679601000.0,159519829000.0,15999196000.0,15999196000.0
601860,紫金银行,601860,紫金银行,2021-09-30 00:00:00,三季报,217837797000.0,133410020000.0,157497570000.0,15805494000.0,15805494000.0
601860,紫金银行,601860,紫金银行,2021-06-30 00:00:00,中报,227955787000.0,129910068000.0,157253331000.0,15308194000.0,15308194000.0
601860,紫金银行,601860,紫金银行,2021-03-31 00:00:00,一季报,228384658000.0,122885157000.0,164602149000.0,15194343000.0,15194343000.0
601860,紫金银行,601860,紫金银行,2020-12-31 00:00:00,年报,217664378000.0,116490695000.0,150614368000.0,14815100000.0,14815100000.0
601860,紫金银行,601860,紫金银行,2020-09-30 00:00:00,三季报,217525616000.0,113277957000.0,151308106000.0,14594746000.0,14594746000.0
601860,紫金银行,601860,紫金银行,2020-06-30 00:00:00,中报,211226117000.0,111254517000.0,145232437000.0,13803093000.0,13803093000.0
601860,紫金银行,601860,紫金银行,2020-03-31 00:00:00,一季报,205430401000.0,103697061000.0,141704505000.0,14205313000.0,14205313000.0
601860,紫金银行,601860,紫金银行,2019-12-31 00:00:00,年报,201318675000.0,98160821000.0,133512338000.0,13749160000.0,13749160000.0
601860,紫金银行,601860,紫金银行,2019-09-30 00:00:00,三季报,200004464000.0,97179721000.0,130203091000.0,13376497000.0,13376497000.0
601860,紫金银行,601860,紫金银行,2019-06-30 00:00:00,中报,204254252000.0,96241213000.0,129754153000.0,12946616000.0,12946616000.0
601860,紫金银行,601860,紫金银行,2019-03-31 00:00:00,一季报,209427384000.0,94438101000.0,128867841000.0,12768328000.0,12768328000.0
601860,紫金银行,601860,紫金银行,2018-12-31 00:00:00,年报,193165488000.0,83758500000.0,114709933000.0,12293871000.0,12293871000.0
601860,紫金银行,601860,紫金银行,2018-09-30 00:00:00,三季报,190377130945.54,80278205230.3,115225057079.4,10743852600.6,10743852600.6
601860,紫金银行,601860,紫金银行,2018-06-30 00:00:00,中报,189478989403.77,76550672827.18,113727648418.72,10331731199.57,10331731199.57
601860,紫金银行,601860,紫金银行,2018-03-31 00:00:00,一季报,189539913500.0,72560870300.0,0.0,10367879400.0,10367879400.0
601860,紫金银行,601860,紫金银行,2017-12-31 00:00:00,年报,170949276968.55,69449322514.12,101833509721.0,9954831116.95,9954831116.95
601860,紫金银行,601860,紫金银行,2017-09-30 00:00:00,三季报,167080556000.0,68893989400.0,0.0,9787563000.0,9787563000.0
601860,紫金银行,601860,紫金银行,2017-06-30 00:00:00,中报,160588335000.0,67189776000.0,101661019000.0,9413450000.0,9413450000.0
601860,紫金银行,601860,紫金银行,2017-03-31 00:00:00,一季报,160832829700.0,64760025700.0,,9586301500.0,9586301500.0
601860,紫金银行,601860,紫金银行,2016-12-31 00:00:00,年报,133802768620.99,59803663148.34,86229649994.2,9314085964.61,9314085964.61
601860,紫金银行,601860,紫金银行,2016-09-30 00:00:00,三季报,134166032500.0,58259737600.0,53185227800.0,9216320100.0,9216320100.0
601860,紫金银行,601860,紫金银行,2016-06-30 00:00:00,中报,119509305000.0,57242196000.0,92859353000.0,6413309000.0,6413309000.0
601860,紫金银行,601860,紫金银行,2016-03-31 00:00:00,一季报,116462364580.68,55273666571.6,91710350789.46,6314662572.51,6314662572.51
601860,紫金银行,601860,紫金银行,2015-12-31 00:00:00,年报,101791436674.48,50051203438.54,73909143860.08,6025338061.77,6025338061.77
601860,紫金银行,601860,紫金银行,2015-06-30 00:00:00,中报,90929590466.69,50376932387.38,74155531540.46,5710923863.45,5710923863.45
601860,紫金银行,601860,紫金银行,2014-12-31 00:00:00,年报,70806853000.0,40906572000.0,59649024000.0,5384002000.0,5384001000.0
601860,紫金银行,601860,紫金银行,2013-12-31 00:00:00,年报,60523960000.0,35762435000.0,51106147000.0,4628174000.0,4628174000.0
601860,紫金银行,601860,紫金银行,2012-12-31 00:00:00,年报,51089633011.66,31039008153.74,44803507562.36,4267129608.08,4267129608.08
601860,紫金银行,601860,紫金银行,2011-12-31 00:00:00,年报,59303191988.22,30562149784.02,53046830021.29,3721131606.13,3721131606.13
601860,紫金银行,601860,紫金银行,2010-12-31 00:00:00,年报,54645694082.93,26546454580.58,43053553771.91,2269326390.93,2269326390.93
601916,浙商银行,601916,浙商银行,2026-03-31 00:00:00,一季报,3712344000000.0,1971767000000.0,2154561000000.0,208567000000.0,213210000000.0
601916,浙商银行,601916,浙商银行,2025-12-31 00:00:00,年报,3481092000000.0,1883237000000.0,2043466000000.0,202868000000.0,207335000000.0
601916,浙商银行,601916,浙商银行,2025-09-30 00:00:00,三季报,3389012000000.0,1856263000000.0,2059773000000.0,202407000000.0,206734000000.0
601916,浙商银行,601916,浙商银行,2025-06-30 00:00:00,中报,3346485000000.0,1846175000000.0,2065814000000.0,200238000000.0,204382000000.0
601916,浙商银行,601916,浙商银行,2025-03-31 00:00:00,一季报,3443117000000.0,1847384000000.0,2006368000000.0,201780000000.0,205783000000.0
601916,浙商银行,601916,浙商银行,2024-12-31 00:00:00,年报,3325539000000.0,1812684000000.0,1922289000000.0,198903000000.0,202743000000.0
601916,浙商银行,601916,浙商银行,2024-09-30 00:00:00,三季报,3276188000000.0,1781982000000.0,1913992000000.0,195386000000.0,199136000000.0
601916,浙商银行,601916,浙商银行,2024-06-30 00:00:00,中报,3246610000000.0,1767957000000.0,1938479000000.0,190798000000.0,194374000000.0
601916,浙商银行,601916,浙商银行,2024-03-31 00:00:00,一季报,3161691000000.0,1726368000000.0,1892221000000.0,192425000000.0,195872000000.0
601916,浙商银行,601916,浙商银行,2023-12-31 00:00:00,年报,3143879000000.0,1673272000000.0,1868659000000.0,186245000000.0,189577000000.0
601916,浙商银行,601916,浙商银行,2023-09-30 00:00:00,三季报,2956881000000.0,1655002000000.0,1793417000000.0,183515000000.0,186760000000.0
601916,浙商银行,601916,浙商银行,2023-06-30 00:00:00,中报,2912260000000.0,1611322000000.0,1822985000000.0,176355000000.0,179465000000.0
601916,浙商银行,601916,浙商银行,2023-03-31 00:00:00,一季报,2746969000000.0,1554555000000.0,1710064000000.0,167943000000.0,171053000000.0
601916,浙商银行,601916,浙商银行,2022-12-31 00:00:00,年报,2621930000000.0,1486291000000.0,1681443000000.0,162933000000.0,165930000000.0
601916,浙商银行,601916,浙商银行,2022-09-30 00:00:00,三季报,2543151000000.0,1467483000000.0,1721516000000.0,159892000000.0,162805000000.0
601916,浙商银行,601916,浙商银行,2022-06-30 00:00:00,中报,2521244000000.0,1434565000000.0,1640464000000.0,155527000000.0,158352000000.0
601916,浙商银行,601916,浙商银行,2022-03-31 00:00:00,一季报,2481669000000.0,1389673000000.0,1514411000000.0,153483000000.0,156301000000.0
601916,浙商银行,601916,浙商银行,2021-12-31 00:00:00,年报,2286723000000.0,1311889000000.0,1415705000000.0,164169000000.0,166883000000.0
601916,浙商银行,601916,浙商银行,2021-09-30 00:00:00,三季报,2176207000000.0,1274881000000.0,1360275000000.0,137149000000.0,139337000000.0
601916,浙商银行,601916,浙商银行,2021-06-30 00:00:00,中报,2154397000000.0,1238083000000.0,1367287000000.0,133024000000.0,135117000000.0
601916,浙商银行,601916,浙商银行,2021-03-31 00:00:00,一季报,2060155000000.0,1211909000000.0,1272792000000.0,134201000000.0,136313000000.0
601916,浙商银行,601916,浙商银行,2020-12-31 00:00:00,年报,2048225000000.0,1165875000000.0,1335636000000.0,130512000000.0,132543000000.0
601916,浙商银行,601916,浙商银行,2020-09-30 00:00:00,三季报,2053099000000.0,1129624000000.0,1363800000000.0,128408000000.0,130395000000.0
601916,浙商银行,601916,浙商银行,2020-06-30 00:00:00,中报,1990606000000.0,1097410000000.0,1354290000000.0,127003000000.0,128921000000.0
601916,浙商银行,601916,浙商银行,2020-03-31 00:00:00,一季报,1827566138000.0,1046380785000.0,1236888356000.0,130986597000.0,132848925000.0
601916,浙商银行,601916,浙商银行,2019-12-31 00:00:00,年报,1800786000000.0,998933000000.0,1143741000000.0,126246000000.0,128027000000.0
601916,浙商银行,601916,浙商银行,2019-09-30 00:00:00,三季报,1720482675000.0,937652409000.0,1089787160000.0,112445863000.0,114178165000.0
601916,浙商银行,601916,浙商银行,2019-06-30 00:00:00,中报,1737269251000.0,902027393000.0,1049944951000.0,107427802000.0,109086865000.0
601916,浙商银行,601916,浙商银行,2019-03-31 00:00:00,一季报,1701285542000.0,871897125000.0,995228779000.0,104306048000.0,105896155000.0
601916,浙商银行,601916,浙商银行,2018-12-31 00:00:00,年报,1646694744000.0,837075890000.0,974770403000.0,100885498000.0,102448537000.0
601916,浙商银行,601916,浙商银行,2018-09-30 00:00:00,三季报,1620293544000.0,800143265000.0,958726625000.0,98880570000.0,100410988000.0
601916,浙商银行,601916,浙商银行,2018-06-30 00:00:00,中报,1632171684000.0,770709631000.0,905959253000.0,94641881000.0,96158238000.0
601916,浙商银行,601916,浙商银行,2018-03-31 00:00:00,一季报,1565537535000.0,705396943000.0,863575837000.0,93807125000.0,95312821000.0
601916,浙商银行,601916,浙商银行,2017-12-31 00:00:00,年报,1536752102000.0,649816717000.0,860619457000.0,88194636000.0,89687754000.0
601916,浙商银行,601916,浙商银行,2017-09-30 00:00:00,三季报,1488968523000.0,538930667000.0,819272569000.0,87800607000.0,89282891000.0
601916,浙商银行,601916,浙商银行,2017-06-30 00:00:00,中报,1453290294000.0,512472020000.0,803067535000.0,84355390000.0,85814202000.0
601916,浙商银行,601916,浙商银行,2017-03-31 00:00:00,一季报,1418599356000.0,479660802000.0,747406898000.0,85399798000.0,86845320000.0
601916,浙商银行,601916,浙商银行,2016-12-31 00:00:00,年报,1354854519000.0,443668657000.0,736243698000.0,67475378000.0,67475378000.0
601916,浙商银行,601916,浙商银行,2016-09-30 00:00:00,三季报,1260015217000.0,417596196000.0,689363031000.0,66730682000.0,66730682000.0
601916,浙商银行,601916,浙商银行,2016-06-30 00:00:00,中报,1181634463000.0,398067529000.0,644554993000.0,63126584000.0,63126584000.0
601916,浙商银行,601916,浙商银行,2015-12-31 00:00:00,年报,1031650386000.0,335228940000.0,516026296000.0,49657064000.0,49657064000.0
601916,浙商银行,601916,浙商银行,2015-09-30 00:00:00,三季报,1004314777000.0,329725939000.0,500345095000.0,47614870000.0,47614870000.0
601916,浙商银行,601916,浙商银行,2014-12-31 00:00:00,年报,669957446000.0,252312436000.0,363279888000.0,33150172000.0,33150172000.0
601916,浙商银行,601916,浙商银行,2013-12-31 00:00:00,年报,488116994000.0,212570983000.0,319794777000.0,27808497000.0,27808497000.0
601916,浙商银行,601916,浙商银行,2013-06-30 00:00:00,中报,422777489000.0,198508372000.0,303874044000.0,25388954000.0,25388954000.0
601916,浙商银行,601916,浙商银行,2012-12-31 00:00:00,年报,393839270000.0,178740176000.0,266887919000.0,22709399000.0,22709399000.0
601916,浙商银行,601916,浙商银行,2011-12-31 00:00:00,年报,301857656000.0,146425993000.0,214682333000.0,20685837000.0,20685837000.0
601916,浙商银行,601916,浙商银行,2011-06-30 00:00:00,中报,256531062000.0,132008078000.0,188858628000.0,19155044000.0,19155044000.0
601916,浙商银行,601916,浙商银行,2010-12-31 00:00:00,年报,217311982000.0,111332089000.0,156808932000.0,17815732000.0,17815732000.0
601916,浙商银行,601916,浙商银行,2010-06-30 00:00:00,中报,186507241367.0,98154750566.0,133583837333.0,9527465256.0,9527465256.0
601916,浙商银行,601916,浙商银行,2009-12-31 00:00:00,年报,163417700772.0,86432195142.0,121381413278.0,8700192381.0,8700192381.0
601916,浙商银行,601916,浙商银行,2009-06-30 00:00:00,中报,115516327880.0,74723501780.0,97950973204.0,4437290527.0,4437290527.0
601916,浙商银行,601916,浙商银行,2008-12-31 00:00:00,年报,83802601524.0,50766563097.0,71467529732.0,4302493286.0,4302493286.0
601916,浙商银行,601916,浙商银行,2008-06-30 00:00:00,中报,70640127484.0,42127930802.0,55106646857.0,3816470371.0,3816470371.0
601916,浙商银行,601916,浙商银行,2007-12-31 00:00:00,年报,57522799479.0,,,2155682951.0,
601916,浙商银行,601916,浙商银行,2007-06-30 00:00:00,中报,53334053650.0,,,1997769137.0,
601916,浙商银行,601916,浙商银行,2006-12-31 00:00:00,年报,36612695148.0,,,1806031386.0,
601916,浙商银行,601916,浙商银行,2006-06-30 00:00:00,中报,33128561941.0,,,1649254143.0,
601916,浙商银行,601916,浙商银行,2005-12-31 00:00:00,年报,21846295484.0,,,1526951766.0,
601916,浙商银行,601916,浙商银行,2004-12-31 00:00:00,年报,10307310156.0,,,1461803800.0,
601916,浙商银行,601916,浙商银行,2003-12-31 00:00:00,年报,1181870504.67,,,395546911.88,
601916,浙商银行,601916,浙商银行,2002-12-31 00:00:00,年报,892614446.64,,,392773520.24,
601939,建设银行,601939,建设银行,2026-03-31 00:00:00,一季报,47133062000000.0,28064829000000.0,32416646000000.0,3747307000000.0,3770305000000.0
601939,建设银行,601939,建设银行,2025-12-31 00:00:00,年报,45631818000000.0,26926790000000.0,30835574000000.0,3663411000000.0,3686077000000.0
601939,建设银行,601939,建设银行,2025-09-30 00:00:00,三季报,45369094000000.0,26823394000000.0,30653161000000.0,3633387000000.0,3656141000000.0
601939,建设银行,601939,建设银行,2025-06-30 00:00:00,中报,44432848000000.0,26575492000000.0,30469491000000.0,3563298000000.0,3584859000000.0
601939,建设银行,601939,建设银行,2025-03-31 00:00:00,一季报,42794715000000.0,26173792000000.0,30433298000000.0,3388936000000.0,3411328000000.0
601939,建设银行,601939,建设银行,2024-12-31 00:00:00,年报,40571149000000.0,25040400000000.0,28713870000000.0,3322127000000.0,3343965000000.0
601939,建设银行,601939,建设银行,2024-09-30 00:00:00,三季报,40923042000000.0,24931618000000.0,28555264000000.0,3320914000000.0,3343325000000.0
601939,建设银行,601939,建设银行,2024-06-30 00:00:00,中报,40294387000000.0,24629185000000.0,28707067000000.0,3234661000000.0,3255476000000.0
601939,建设银行,601939,建设银行,2024-03-31 00:00:00,一季报,39729281000000.0,24224226000000.0,29365822000000.0,3242148000000.0,3262528000000.0
601939,建设银行,601939,建设银行,2023-12-31 00:00:00,年报,38324826000000.0,23083377000000.0,27654011000000.0,3150145000000.0,3172074000000.0
601939,建设银行,601939,建设银行,2023-09-30 00:00:00,三季报,37845287000000.0,22875344000000.0,27871559000000.0,3076304000000.0,3097122000000.0
601939,建设银行,601939,建设银行,2023-06-30 00:00:00,中报,38254706000000.0,22360543000000.0,27628473000000.0,2935258000000.0,2956228000000.0
601939,建设银行,601939,建设银行,2023-03-31 00:00:00,一季报,36941947000000.0,21782344000000.0,27476786000000.0,2942274000000.0,2963680000000.0
601939,建设银行,601939,建设银行,2022-12-31 00:00:00,年报,34600711000000.0,20493042000000.0,25020807000000.0,2855450000000.0,2876244000000.0
601939,建设银行,601939,建设银行,2022-09-30 00:00:00,三季报,34299695000000.0,20210786000000.0,24791600000000.0,2791212000000.0,2813337000000.0
601939,建设银行,601939,建设银行,2022-06-30 00:00:00,中报,33689078000000.0,19694042000000.0,24184466000000.0,2659227000000.0,2681852000000.0
601939,建设银行,601939,建设银行,2022-03-31 00:00:00,一季报,32012252000000.0,19067190000000.0,23880522000000.0,2673273000000.0,2698180000000.0
601939,建设银行,601939,建设银行,2021-12-31 00:00:00,年报,30253979000000.0,18170492000000.0,22378814000000.0,2588231000000.0,2614122000000.0
601939,建设银行,601939,建设银行,2021-09-30 00:00:00,三季报,30135551000000.0,17830481000000.0,22536436000000.0,2522495000000.0,2548209000000.0
601939,建设银行,601939,建设银行,2021-06-30 00:00:00,中报,29833188000000.0,17493902000000.0,22317969000000.0,2436972000000.0,2462341000000.0
601939,建设银行,601939,建设银行,2021-03-31 00:00:00,一季报,29378083000000.0,17082523000000.0,22129890000000.0,2444774000000.0,2469249000000.0
601939,建设银行,601939,建设银行,2020-12-31 00:00:00,年报,28132254000000.0,16231369000000.0,20614976000000.0,2364808000000.0,2389353000000.0
601939,建设银行,601939,建设银行,2020-09-30 00:00:00,三季报,28298121000000.0,16157174000000.0,20941183000000.0,2322319000000.0,2345870000000.0
601939,建设银行,601939,建设银行,2020-06-30 00:00:00,中报,27655247000000.0,15927785000000.0,20402162000000.0,2281066000000.0,2301317000000.0
601939,建设银行,601939,建设银行,2020-03-31 00:00:00,一季报,27110165000000.0,15465343000000.0,19706793000000.0,2316047000000.0,2335055000000.0
601939,建设银行,601939,建设银行,2019-12-31 00:00:00,年报,25436261000000.0,14542001000000.0,18366293000000.0,2216257000000.0,2235127000000.0
601939,建设银行,601939,建设银行,2019-09-30 00:00:00,三季报,24517730000000.0,14412293000000.0,18463826000000.0,2136034000000.0,2152966000000.0
601939,建设银行,601939,建设银行,2019-06-30 00:00:00,中报,24383151000000.0,14087296000000.0,18214072000000.0,2055756000000.0,2072038000000.0
601939,建设银行,601939,建设银行,2019-03-31 00:00:00,一季报,24190914000000.0,13783611000000.0,18053818000000.0,2053093000000.0,2069023000000.0
601939,建设银行,601939,建设银行,2018-12-31 00:00:00,年报,23222693000000.0,13365430000000.0,17108678000000.0,1976463000000.0,1991594000000.0
601939,建设银行,601939,建设银行,2018-09-30 00:00:00,三季报,23354078000000.0,13371737000000.0,17228192000000.0,1922123000000.0,1938849000000.0
601939,建设银行,601939,建设银行,2018-06-30 00:00:00,中报,22805182000000.0,13068482000000.0,16965489000000.0,1848266000000.0,1864577000000.0
601939,建设银行,601939,建设银行,2018-03-31 00:00:00,一季报,22848740000000.0,12780050000000.0,16899661000000.0,1837377000000.0,1853616000000.0
601939,建设银行,601939,建设银行,2017-12-31 00:00:00,年报,22124383000000.0,12574473000000.0,16363754000000.0,1779760000000.0,1795827000000.0
601939,建设银行,601939,建设银行,2017-09-30 00:00:00,三季报,22053943000000.0,12446044000000.0,16502595000000.0,1692138000000.0,1708626000000.0
601939,建设银行,601939,建设银行,2017-06-30 00:00:00,中报,21692067000000.0,12204730000000.0,16274393000000.0,1628445000000.0,1644602000000.0
601939,建设银行,601939,建设银行,2017-03-31 00:00:00,一季报,21695204000000.0,11877235000000.0,16232198000000.0,1637408000000.0,1650607000000.0
601939,建设银行,601939,建设银行,2016-12-31 00:00:00,年报,20963705000000.0,11488355000000.0,15402915000000.0,1576500000000.0,1589654000000.0
601939,建设银行,601939,建设银行,2016-09-30 00:00:00,三季报,20500683000000.0,11248007000000.0,15277178000000.0,1559403000000.0,1571448000000.0
601939,建设银行,601939,建设银行,2016-06-30 00:00:00,中报,19760148000000.0,10861990000000.0,14675541000000.0,1494865000000.0,1505960000000.0
601939,建设银行,601939,建设银行,2016-03-31 00:00:00,一季报,19143791000000.0,10560189000000.0,14582213000000.0,1499405000000.0,1510224000000.0
601939,建设银行,601939,建设银行,2015-12-31 00:00:00,年报,18349489000000.0,10234523000000.0,13668533000000.0,1434020000000.0,1445083000000.0
601939,建设银行,601939,建设银行,2015-09-30 00:00:00,三季报,18321375000000.0,10091195000000.0,13827713000000.0,1363375000000.0,1374400000000.0
601939,建设银行,601939,建设银行,2015-06-30 00:00:00,中报,18219186000000.0,9889596000000.0,13696977000000.0,1301430000000.0,1312450000000.0
601939,建设银行,601939,建设银行,2015-03-31 00:00:00,一季报,17475900000000.0,9548449000000.0,13666492000000.0,1305859000000.0,1316263000000.0
601939,建设银行,601939,建设银行,2014-12-31 00:00:00,年报,16744093000000.0,9222897000000.0,12899153000000.0,1241510000000.0,1251848000000.0
601939,建设银行,601939,建设银行,2014-09-30 00:00:00,三季报,16735863000000.0,9102547000000.0,12982406000000.0,1197823000000.0,1208179000000.0
601939,建设银行,601939,建设银行,2014-06-30 00:00:00,中报,16399790000000.0,8952511000000.0,12956956000000.0,1137914000000.0,1147012000000.0
601939,建设银行,601939,建设银行,2014-03-31 00:00:00,一季报,16141448000000.0,8684839000000.0,12858602000000.0,1139141000000.0,1147719000000.0
601939,建设银行,601939,建设银行,2013-12-31 00:00:00,年报,15363210000000.0,8361361000000.0,12223037000000.0,1065951000000.0,1074329000000.0
601939,建设银行,601939,建设银行,2013-09-30 00:00:00,三季报,14995769000000.0,8157319000000.0,12116073000000.0,1041367000000.0,1049612000000.0
601939,建设银行,601939,建设银行,2013-06-30 00:00:00,中报,14859214000000.0,7882071000000.0,12149438000000.0,992374000000.0,1000511000000.0
601939,建设银行,601939,建设银行,2013-03-31 00:00:00,一季报,14676634000000.0,7649339000000.0,12004634000000.0,1002812000000.0,1010825000000.0
601939,建设银行,601939,建设银行,2012-12-31 00:00:00,年报,13972828000000.0,7309879000000.0,11343079000000.0,941668000000.0,949545000000.0
601939,建设银行,601939,建设银行,2012-09-30 00:00:00,三季报,13296482000000.0,7074190000000.0,11058503000000.0,908760000000.0,917684000000.0
601939,建设银行,601939,建设银行,2012-06-30 00:00:00,中报,13505745000000.0,6876580000000.0,10940837000000.0,863526000000.0,869405000000.0
601939,建设银行,601939,建设银行,2012-03-31 00:00:00,一季报,13277382000000.0,6650656000000.0,10611560000000.0,863454000000.0,869161000000.0
601939,建设银行,601939,建设银行,2011-12-31 00:00:00,年报,12281834000000.0,6325194000000.0,9987450000000.0,811141000000.0,816661000000.0
601939,建设银行,601939,建设银行,2011-09-30 00:00:00,三季报,11772330000000.0,6180906000000.0,9735580000000.0,773545000000.0,779024000000.0
601939,建设银行,601939,建设银行,2011-06-30 00:00:00,中报,11754766000000.0,5985218000000.0,9892108000000.0,733598000000.0,738676000000.0
601939,建设银行,601939,建设银行,2011-03-31 00:00:00,一季报,11312516000000.0,5762394000000.0,9459058000000.0,744886000000.0,749077000000.0
601939,建设银行,601939,建设银行,2010-12-31 00:00:00,年报,10810317000000.0,5526026000000.0,9075369000000.0,696792000000.0,700905000000.0
601939,建设银行,601939,建设银行,2010-09-30 00:00:00,三季报,10579050000000.0,5368023000000.0,8969226000000.0,620509000000.0,624494000000.0
601939,建设银行,601939,建设银行,2010-06-30 00:00:00,中报,10235981000000.0,5215973000000.0,8591701000000.0,576326000000.0,580198000000.0
601939,建设银行,601939,建设银行,2010-03-31 00:00:00,一季报,10124382000000.0,4932780000000.0,8447439000000.0,592099000000.0,595699000000.0
601939,建设银行,601939,建设银行,2009-12-31 00:00:00,年报,9623355000000.0,4692947000000.0,8001323000000.0,555475000000.0,559020000000.0
601939,建设银行,601939,建设银行,2009-09-30 00:00:00,三季报,9353972000000.0,4563208000000.0,7791445000000.0,533592000000.0,537025000000.0
601939,建设银行,601939,建设银行,2009-06-30 00:00:00,中报,9110171000000.0,4409152000000.0,7610022000000.0,504776000000.0,506534000000.0
601939,建设银行,601939,建设银行,2009-03-31 00:00:00,一季报,8674633000000.0,4204266000000.0,7214358000000.0,492563000000.0,494185000000.0
601939,建设银行,601939,建设银行,2008-12-31 00:00:00,年报,7555452000000.0,3683575000000.0,6375915000000.0,465966000000.0,467562000000.0
601939,建设银行,601939,建设银行,2008-09-30 00:00:00,三季报,7323631000000.0,3533204000000.0,6111850000000.0,478158000000.0,479534000000.0
601939,建设银行,601939,建设银行,2008-06-30 00:00:00,中报,7057706000000.0,3445965000000.0,5781573000000.0,454030000000.0,455398000000.0
601939,建设银行,601939,建设银行,2008-03-31 00:00:00,一季报,6875030000000.0,3344660000000.0,5638618000000.0,447015000000.0,448369000000.0
601939,建设银行,601939,建设银行,2007-12-31 00:00:00,年报,6598177000000.0,3183229000000.0,5329507000000.0,420977000000.0,422281000000.0
601939,建设银行,601939,建设银行,2007-09-30 00:00:00,三季报,6406041000000.0,3173102000000.0,5193800000000.0,389753000000.0,389922000000.0
601939,建设银行,601939,建设银行,2007-06-30 00:00:00,中报,6117791000000.0,3080676000000.0,5048285000000.0,325609000000.0,325738000000.0
601939,建设银行,601939,建设银行,2006-12-31 00:00:00,年报,5448511000000.0,2795883000000.0,4721256000000.0,330109000000.0,330204000000.0
601939,建设银行,601939,建设银行,2005-12-31 00:00:00,年报,4585742000000.0,2395313000000.0,4006046000000.0,287579000000.0,287677000000.0
601939,建设银行,601939,建设银行,2004-12-31 00:00:00,年报,3909920000000.0,2173562000000.0,3491121000000.0,195516000000.0,195551000000.0
601939,建设银行,601939,建设银行,2003-12-31 00:00:00,年报,3553070000000.0,2043096000000.0,2971280000000.0,186230000000.0,186230000000.0
601939,建设银行,601939,建设银行,2002-12-31 00:00:00,年报,3083195000000.0,1739199000000.0,2599652000000.0,107236000000.0,107236000000.0
601939,建设银行,601939,建设银行,2001-12-31 00:00:00,年报,2752372000000.0,1482930000000.0,2265536000000.0,107567000000.0,107567000000.0
601939,建设银行,601939,建设银行,2000-12-31 00:00:00,年报,2531695000000.0,1375777000000.0,2010284000000.0,114850000000.0,114850000000.0
601963,重庆银行,601963,重庆银行,2026-03-31 00:00:00,一季报,1108129550000.0,547486115000.0,614900909000.0,66436921000.0,69564438000.0
601963,重庆银行,601963,重庆银行,2025-12-31 00:00:00,年报,1033725681000.0,516486516000.0,565704384000.0,62972107000.0,65998842000.0
601963,重庆银行,601963,重庆银行,2025-09-30 00:00:00,三季报,1022749648000.0,505779026000.0,554245210000.0,63113583000.0,66001905000.0
601963,重庆银行,601963,重庆银行,2025-06-30 00:00:00,中报,983365338000.0,486191966000.0,544135783000.0,62715881000.0,65492231000.0
601963,重庆银行,601963,重庆银行,2025-03-31 00:00:00,一季报,931698877000.0,459505541000.0,523824019000.0,61688209000.0,64463777000.0
601963,重庆银行,601963,重庆银行,2024-12-31 00:00:00,年报,856641840000.0,427263845000.0,474116904000.0,61070973000.0,63763918000.0
601963,重庆银行,601963,重庆银行,2024-09-30 00:00:00,三季报,824144121000.0,419681391000.0,463587122000.0,60407017000.0,62974998000.0
601963,重庆银行,601963,重庆银行,2024-06-30 00:00:00,中报,805967923000.0,406908533000.0,449999935000.0,59352093000.0,61826633000.0
601963,重庆银行,601963,重庆银行,2024-03-31 00:00:00,一季报,780803934000.0,394969053000.0,439221765000.0,58921894000.0,61380541000.0
601963,重庆银行,601963,重庆银行,2023-12-31 00:00:00,年报,759883870000.0,380795540000.0,414812696000.0,56917734000.0,59299427000.0
601963,重庆银行,601963,重庆银行,2023-09-30 00:00:00,三季报,741481553000.0,374678531000.0,408486197000.0,53210346000.0,55521558000.0
601963,重庆银行,601963,重庆银行,2023-06-30 00:00:00,中报,727060949000.0,366978912000.0,406176828000.0,51738550000.0,53966936000.0
601963,重庆银行,601963,重庆银行,2023-03-31 00:00:00,一季报,709116608000.0,356127245000.0,402223224000.0,51286743000.0,53507237000.0
601963,重庆银行,601963,重庆银行,2022-12-31 00:00:00,年报,684712563000.0,342446291000.0,382594480000.0,49336512000.0,51495477000.0
601963,重庆银行,601963,重庆银行,2022-09-30 00:00:00,三季报,670317628000.0,331860660000.0,381683844000.0,50997109000.0,53102790000.0
601963,重庆银行,601963,重庆银行,2022-06-30 00:00:00,中报,663635024000.0,328094482000.0,376739949000.0,49476913000.0,51499549000.0
601963,重庆银行,601963,重庆银行,2022-03-31 00:00:00,一季报,643150436000.0,318308540000.0,357755633000.0,49622266000.0,51642546000.0
601963,重庆银行,601963,重庆银行,2021-12-31 00:00:00,年报,618953620000.0,306883598000.0,338695343000.0,47273188000.0,49246695000.0
601963,重庆银行,601963,重庆银行,2021-09-30 00:00:00,三季报,612740988000.0,303221389000.0,336567592000.0,46815448000.0,48737693000.0
601963,重庆银行,601963,重庆银行,2021-06-30 00:00:00,中报,606552941000.0,299867341000.0,339823749000.0,45135770000.0,47005800000.0
601963,重庆银行,601963,重庆银行,2021-03-31 00:00:00,一季报,586058847000.0,287251904000.0,325784002000.0,45076182000.0,46939606000.0
601963,重庆银行,601963,重庆银行,2020-12-31 00:00:00,年报,561641397000.0,272259348000.0,314500257000.0,40174997000.0,41994214000.0
601963,重庆银行,601963,重庆银行,2020-09-30 00:00:00,三季报,546941032000.0,257703443000.0,311232518000.0,40039758000.0,41788582000.0
601963,重庆银行,601963,重庆银行,2020-06-30 00:00:00,中报,532221715000.0,255231236000.0,302850600000.0,38758143000.0,40469001000.0
601963,重庆银行,601963,重庆银行,2019-12-31 00:00:00,年报,501231864000.0,238626834000.0,281048911000.0,36949429000.0,38613669000.0
601963,重庆银行,601963,重庆银行,2019-09-30 00:00:00,三季报,469310979000.0,229181310000.0,273333645000.0,36735493000.0,38374026000.0
601963,重庆银行,601963,重庆银行,2019-06-30 00:00:00,中报,461852800000.0,221936764000.0,272127426000.0,35384965000.0,37002269000.0
601963,重庆银行,601963,重庆银行,2018-12-31 00:00:00,年报,450368973000.0,205923212000.0,256394193000.0,33051012000.0,34611573000.0
601963,重庆银行,601963,重庆银行,2018-06-30 00:00:00,中报,435819398000.0,187124160000.0,251314390000.0,31290462000.0,32820666000.0
601963,重庆银行,601963,重庆银行,2017-12-31 00:00:00,年报,422763025000.0,172162090000.0,238704678000.0,30951596000.0,32459912000.0
601963,重庆银行,601963,重庆银行,2016-12-31 00:00:00,年报,373103734000.0,146789046000.0,229593793000.0,23811912000.0,23811912000.0
601963,重庆银行,601963,重庆银行,2016-09-30 00:00:00,三季报,354752378000.0,143118371000.0,,23619450000.0,23619450000.0
601963,重庆银行,601963,重庆银行,2016-06-30 00:00:00,中报,343316009000.0,139206093000.0,223715624000.0,22501755000.0,22501755000.0
601963,重庆银行,601963,重庆银行,2016-03-31 00:00:00,一季报,335248124000.0,130357415000.0,,22378636000.0,22378636000.0
601963,重庆银行,601963,重庆银行,2015-12-31 00:00:00,年报,319807987000.0,121816452000.0,199298705000.0,21292995000.0,21292995000.0
601963,重庆银行,601963,重庆银行,2015-06-30 00:00:00,中报,282809565000.0,112994966000.0,181479175000.0,17189041000.0,17189041000.0
601963,重庆银行,601963,重庆银行,2014-12-31 00:00:00,年报,274531145176.18,104114756438.79,167932435529.32,15903023157.0,15903023157.0
601963,重庆银行,601963,重庆银行,2013-12-31 00:00:00,年报,206787015000.0,88637824000.0,148801045000.0,13479271000.0,13479271000.0
601963,重庆银行,601963,重庆银行,2013-06-30 00:00:00,中报,188428314000.0,83468787000.0,,9529287000.0,9529287000.0
601963,重庆银行,601963,重庆银行,2012-12-31 00:00:00,年报,156148492000.0,75256873000.0,114043185000.0,8247109000.0,8247109000.0
601963,重庆银行,601963,重庆银行,2011-12-31 00:00:00,年报,127336599000.0,62824926000.0,89306554000.0,6450676000.0,6450676000.0
601963,重庆银行,601963,重庆银行,2010-12-31 00:00:00,年报,108239384000.0,51954951000.0,73856470000.0,4990970000.0,4990970000.0
601963,重庆银行,601963,重庆银行,2009-12-31 00:00:00,年报,80866380000.0,41495207000.0,59248215000.0,4036115000.0,4036115000.0
601963,重庆银行,601963,重庆银行,2008-12-31 00:00:00,年报,56441685000.0,28124577000.0,42243780000.0,3291162000.0,3291162000.0
601963,重庆银行,601963,重庆银行,2008-06-30 00:00:00,中报,57196707000.0,27039692000.0,38357170000.0,3030642000.0,3030642000.0
601963,重庆银行,601963,重庆银行,2007-12-31 00:00:00,年报,44631315000.0,23269455000.0,35331044000.0,2628748000.0,2628748000.0
601963,重庆银行,601963,重庆银行,2006-12-31 00:00:00,年报,32548265000.0,18517885000.0,28815225000.0,2172782000.0,2172782000.0
601963,重庆银行,601963,重庆银行,2005-12-31 00:00:00,年报,30157432000.0,14519621000.0,22700972000.0,1546464000.0,1546464000.0
601963,重庆银行,601963,重庆银行,2004-12-31 00:00:00,年报,23731644527.75,,,1784832489.89,
601963,重庆银行,601963,重庆银行,2003-12-31 00:00:00,年报,24443245593.01,,,1709883024.32,
601963,重庆银行,601963,重庆银行,2002-12-31 00:00:00,年报,14866069452.86,,,449123751.65,
601963,重庆银行,601963,重庆银行,2001-12-31 00:00:00,年报,10810022066.02,,,426523020.18,
601963,重庆银行,601963,重庆银行,2000-12-31 00:00:00,年报,9297951879.86,,,411082157.8,
601963,重庆银行,601963,重庆银行,1999-12-31 00:00:00,年报,7015244755.15,,,408393539.32,
601988,中国银行,601988,中国银行,2026-03-31 00:00:00,一季报,39594197000000.0,23848346000000.0,27171877000000.0,3103358000000.0,3247732000000.0
601988,中国银行,601988,中国银行,2025-12-31 00:00:00,年报,38358076000000.0,22876769000000.0,26182431000000.0,3064044000000.0,3208124000000.0
601988,中国银行,601988,中国银行,2025-09-30 00:00:00,三季报,37550163000000.0,22785895000000.0,25678840000000.0,3093682000000.0,3237314000000.0
601988,中国银行,601988,中国银行,2025-06-30 00:00:00,中报,36790613000000.0,22488178000000.0,25638312000000.0,2987590000000.0,3125665000000.0
601988,中国银行,601988,中国银行,2025-03-31 00:00:00,一季报,35987147000000.0,22052439000000.0,25610499000000.0,2826343000000.0,2967733000000.0
601988,中国银行,601988,中国银行,2024-12-31 00:00:00,年报,35061299000000.0,21055282000000.0,24202588000000.0,2816231000000.0,2952964000000.0
601988,中国银行,601988,中国银行,2024-09-30 00:00:00,三季报,34068988000000.0,20899320000000.0,23710630000000.0,2742107000000.0,2873983000000.0
601988,中国银行,601988,中国银行,2024-06-30 00:00:00,中报,33907267000000.0,20616140000000.0,23630706000000.0,2648821000000.0,2778976000000.0
601988,中国银行,601988,中国银行,2024-03-31 00:00:00,一季报,33659046000000.0,20366172000000.0,24105988000000.0,2653487000000.0,2784192000000.0
601988,中国银行,601988,中国银行,2023-12-31 00:00:00,年报,32432166000000.0,19476871000000.0,22907050000000.0,2629510000000.0,2756815000000.0
601988,中国银行,601988,中国银行,2023-09-30 00:00:00,三季报,31764820000000.0,19259526000000.0,22689045000000.0,2565509000000.0,2690107000000.0
601988,中国银行,601988,中国银行,2023-06-30 00:00:00,中报,31085240000000.0,18799939000000.0,22449314000000.0,2515464000000.0,2661763000000.0
601988,中国银行,601988,中国银行,2023-03-31 00:00:00,一季报,30385693000000.0,18139672000000.0,21918116000000.0,2476898000000.0,2617624000000.0
601988,中国银行,601988,中国银行,2022-12-31 00:00:00,年报,28893548000000.0,17116005000000.0,20201825000000.0,2423973000000.0,2563301000000.0
601988,中国银行,601988,中国银行,2022-09-30 00:00:00,三季报,28639287000000.0,16977548000000.0,19959134000000.0,2382270000000.0,2518958000000.0
601988,中国银行,601988,中国银行,2022-06-30 00:00:00,中报,28052758000000.0,16537489000000.0,19548227000000.0,2315234000000.0,2444752000000.0
601988,中国银行,601988,中国银行,2022-03-31 00:00:00,一季报,27459038000000.0,16105641000000.0,19178123000000.0,2269549000000.0,2394771000000.0
601988,中国银行,601988,中国银行,2021-12-31 00:00:00,年报,26722408000000.0,15322484000000.0,18142887000000.0,2225153000000.0,2350553000000.0
601988,中国银行,601988,中国银行,2021-09-30 00:00:00,三季报,26229920000000.0,15167691000000.0,17940807000000.0,2160500000000.0,2286316000000.0
601988,中国银行,601988,中国银行,2021-06-30 00:00:00,中报,26317327000000.0,15047714000000.0,18227771000000.0,2105347000000.0,2230348000000.0
601988,中国银行,601988,中国银行,2021-03-31 00:00:00,一季报,25834286000000.0,14608286000000.0,17910574000000.0,2059661000000.0,2186711000000.0
601988,中国银行,601988,中国银行,2020-12-31 00:00:00,年报,24402659000000.0,13848304000000.0,16879171000000.0,2038419000000.0,2162837000000.0
601988,中国银行,601988,中国银行,2020-09-30 00:00:00,三季报,24703889000000.0,13932743000000.0,17384991000000.0,1979259000000.0,2105893000000.0
601988,中国银行,601988,中国银行,2020-06-30 00:00:00,中报,24152855000000.0,13670820000000.0,17090217000000.0,1958442000000.0,2088613000000.0
601988,中国银行,601988,中国银行,2020-03-31 00:00:00,一季报,24024645000000.0,13452380000000.0,16783492000000.0,1929661000000.0,2058514000000.0
601988,中国银行,601988,中国银行,2019-12-31 00:00:00,年报,22769744000000.0,12743425000000.0,15817548000000.0,1851701000000.0,1976696000000.0
601988,中国银行,601988,中国银行,2019-09-30 00:00:00,三季报,22608164000000.0,12567355000000.0,15772547000000.0,1866315000000.0,1987726000000.0
601988,中国银行,601988,中国银行,2019-06-30 00:00:00,中报,22266024000000.0,12257784000000.0,15644634000000.0,1790418000000.0,1907452000000.0
601988,中国银行,601988,中国银行,2019-03-31 00:00:00,一季报,21616555000000.0,11941096000000.0,15645212000000.0,1703552000000.0,1817655000000.0
601988,中国银行,601988,中国银行,2018-12-31 00:00:00,年报,21267275000000.0,11515764000000.0,14883596000000.0,1612980000000.0,1725397000000.0
601988,中国银行,601988,中国银行,2018-09-30 00:00:00,三季报,20925662000000.0,11416978000000.0,14607864000000.0,1578658000000.0,1689080000000.0
601988,中国银行,601988,中国银行,2018-06-30 00:00:00,中报,20294918000000.0,11135605000000.0,14352853000000.0,1526978000000.0,1610661000000.0
601988,中国银行,601988,中国银行,2018-03-31 00:00:00,一季报,20159826000000.0,10863269000000.0,14351098000000.0,1504277000000.0,1583670000000.0
601988,中国银行,601988,中国银行,2017-12-31 00:00:00,年报,19467424000000.0,10644304000000.0,13657924000000.0,1496016000000.0,1576679000000.0
601988,中国银行,601988,中国银行,2017-09-30 00:00:00,三季报,19422438000000.0,10573570000000.0,13836476000000.0,1481233000000.0,1561779000000.0
601988,中国银行,601988,中国银行,2017-06-30 00:00:00,中报,19425980000000.0,10426548000000.0,13732059000000.0,1451378000000.0,1527872000000.0
601988,中国银行,601988,中国银行,2017-03-31 00:00:00,一季报,18917549000000.0,10124969000000.0,13759960000000.0,1451448000000.0,1528632000000.0
601988,中国银行,601988,中国银行,2016-12-31 00:00:00,年报,18148889000000.0,9735646000000.0,12939748000000.0,1411682000000.0,1487092000000.0
601988,中国银行,601988,中国银行,2016-09-30 00:00:00,三季报,17857503000000.0,9648243000000.0,12974479000000.0,1389595000000.0,1464901000000.0
601988,中国银行,601988,中国银行,2016-06-30 00:00:00,中报,17601267000000.0,9506567000000.0,12551850000000.0,1348236000000.0,1420303000000.0
601988,中国银行,601988,中国银行,2016-03-31 00:00:00,一季报,17039969000000.0,9272248000000.0,12234691000000.0,1348157000000.0,1402957000000.0
601988,中国银行,601988,中国银行,2015-12-31 00:00:00,年报,16815597000000.0,8935195000000.0,11729171000000.0,1304946000000.0,1357605000000.0
601988,中国银行,601988,中国银行,2015-09-30 00:00:00,三季报,16672018000000.0,8837177000000.0,11548697000000.0,1258847000000.0,1309061000000.0
601988,中国银行,601988,中国银行,2015-06-30 00:00:00,中报,16298593000000.0,8700360000000.0,11536547000000.0,1220085000000.0,1267149000000.0
601988,中国银行,601988,中国银行,2015-03-31 00:00:00,一季报,16019205000000.0,8607317000000.0,11555978000000.0,1227509000000.0,1272042000000.0
601988,中国银行,601988,中国银行,2014-12-31 00:00:00,年报,15251382000000.0,8294744000000.0,10885223000000.0,1140859000000.0,1183428000000.0
601988,中国银行,601988,中国银行,2014-09-30 00:00:00,三季报,15427957000000.0,8256032000000.0,11047285000000.0,1005374000000.0,1046257000000.0
601988,中国银行,601988,中国银行,2014-06-30 00:00:00,中报,15469096000000.0,8238260000000.0,11190569000000.0,965733000000.0,1006456000000.0
601988,中国银行,601988,中国银行,2014-03-31 00:00:00,一季报,15105367000000.0,7976137000000.0,11014196000000.0,972542000000.0,1012369000000.0
601988,中国银行,601988,中国银行,2013-12-31 00:00:00,年报,13874299000000.0,7439742000000.0,10097786000000.0,923916000000.0,961477000000.0
601988,中国银行,601988,中国银行,2013-09-30 00:00:00,三季报,13624793000000.0,7367550000000.0,10045534000000.0,889259000000.0,925661000000.0
601988,中国银行,601988,中国银行,2013-06-30 00:00:00,中报,13256206000000.0,7273636000000.0,9876196000000.0,849978000000.0,886333000000.0
601988,中国银行,601988,中国银行,2013-03-31 00:00:00,一季报,13242378000000.0,7164086000000.0,9875422000000.0,864056000000.0,902470000000.0
601988,中国银行,601988,中国银行,2012-12-31 00:00:00,年报,12680615000000.0,6710040000000.0,9173995000000.0,824677000000.0,861542000000.0
601988,中国银行,601988,中国银行,2012-09-30 00:00:00,三季报,12743685000000.0,6766371000000.0,9343145000000.0,791703000000.0,827729000000.0
601988,中国银行,601988,中国银行,2012-06-30 00:00:00,中报,12825590000000.0,6605842000000.0,9482564000000.0,756195000000.0,791617000000.0
601988,中国银行,601988,中国银行,2012-03-31 00:00:00,一季报,12894015000000.0,6444892000000.0,9517098000000.0,761472000000.0,796102000000.0
601988,中国银行,601988,中国银行,2011-12-31 00:00:00,年报,11829789000000.0,6203138000000.0,8817961000000.0,723914000000.0,757137000000.0
601988,中国银行,601988,中国银行,2011-09-30 00:00:00,三季报,11529912000000.0,6110332000000.0,7970846000000.0,694061000000.0,725787000000.0
601988,中国银行,601988,中国银行,2011-06-30 00:00:00,中报,11483498000000.0,6081932000000.0,8096431000000.0,669838000000.0,703125000000.0
601988,中国银行,601988,中国银行,2011-03-31 00:00:00,一季报,11246243000000.0,5829192000000.0,7998074000000.0,678329000000.0,711539000000.0
601988,中国银行,601988,中国银行,2010-12-31 00:00:00,年报,10459865000000.0,5537765000000.0,7733537000000.0,644165000000.0,676150000000.0
601988,中国银行,601988,中国银行,2010-09-30 00:00:00,三季报,10102435000000.0,5433533000000.0,7482506000000.0,566455000000.0,597945000000.0
601988,中国银行,601988,中国银行,2010-06-30 00:00:00,中报,9685812000000.0,5270161000000.0,7262064000000.0,536384000000.0,567316000000.0
601988,中国银行,601988,中国银行,2010-03-31 00:00:00,一季报,9721673000000.0,5193787000000.0,7341168000000.0,541960000000.0,573490000000.0
601988,中国银行,601988,中国银行,2009-12-31 00:00:00,年报,8751943000000.0,4797408000000.0,6685049000000.0,514992000000.0,545394000000.0
601988,中国银行,601988,中国银行,2009-09-30 00:00:00,三季报,8342336000000.0,4592321000000.0,6451928000000.0,495349000000.0,524334000000.0
601988,中国银行,601988,中国银行,2009-06-30 00:00:00,中报,8211259000000.0,4205797000000.0,6301658000000.0,474694000000.0,502981000000.0
601988,中国银行,601988,中国银行,2009-03-31 00:00:00,一季报,7927609000000.0,3699615000000.0,5920840000000.0,485149000000.0,511531000000.0
601988,中国银行,601988,中国银行,2008-12-31 00:00:00,年报,6955694000000.0,3189652000000.0,5173352000000.0,468272000000.0,493901000000.0
601988,中国银行,601988,中国银行,2008-09-30 00:00:00,三季报,6596615000000.0,3186875000000.0,5007543000000.0,454034000000.0,480095000000.0
601988,中国银行,601988,中国银行,2008-06-30 00:00:00,中报,6487313000000.0,3141972000000.0,4927841000000.0,435263000000.0,463862000000.0
601988,中国银行,601988,中国银行,2008-03-31 00:00:00,一季报,6344612000000.0,2980358000000.0,4655306000000.0,444151000000.0,473738000000.0
601988,中国银行,601988,中国银行,2007-12-31 00:00:00,年报,5995553000000.0,2754493000000.0,4480585000000.0,424766000000.0,454993000000.0
601988,中国银行,601988,中国银行,2007-09-30 00:00:00,三季报,6020209000000.0,2741743000000.0,4349232000000.0,420707000000.0,450393000000.0
601988,中国银行,601988,中国银行,2007-06-30 00:00:00,中报,5838591000000.0,2572198000000.0,4351067000000.0,400209000000.0,430162000000.0
601988,中国银行,601988,中国银行,2007-03-31 00:00:00,一季报,5603637000000.0,2490593000000.0,4301240000000.0,398665000000.0,429344000000.0
601988,中国银行,601988,中国银行,2006-12-31 00:00:00,年报,5332025000000.0,2337726000000.0,4091118000000.0,387286000000.0,417325000000.0
601988,中国银行,601988,中国银行,2006-09-30 00:00:00,三季报,5268846000000.0,2350729000000.0,4050027000000.0,378349000000.0,378349000000.0
601988,中国银行,601988,中国银行,2006-06-30 00:00:00,中报,5226933000000.0,2317408000000.0,4053024000000.0,357641000000.0,386453000000.0
601988,中国银行,601988,中国银行,2005-12-31 00:00:00,年报,4742806000000.0,2151893000000.0,3703777000000.0,233842000000.0,262620000000.0
601988,中国银行,601988,中国银行,2004-12-31 00:00:00,年报,4270443000000.0,2146462000000.0,3342477000000.0,205351000000.0,232738000000.0
601988,中国银行,601988,中国银行,2003-12-31 00:00:00,年报,3979965000000.0,1921131000000.0,3035956000000.0,203752000000.0,229476000000.0
601997,贵阳银行,601997,贵阳银行,2026-03-31 00:00:00,一季报,767119743000.0,345355590000.0,470042432000.0,70996968000.0,73278672000.0
601997,贵阳银行,601997,贵阳银行,2025-12-31 00:00:00,年报,743461942000.0,340163369000.0,456355666000.0,69309728000.0,71568397000.0
601997,贵阳银行,601997,贵阳银行,2025-09-30 00:00:00,三季报,746588675000.0,335675061000.0,446669679000.0,68168065000.0,70402978000.0
601997,贵阳银行,601997,贵阳银行,2025-06-30 00:00:00,中报,741536147000.0,332235790000.0,444549785000.0,67327459000.0,69550729000.0
601997,贵阳银行,601997,贵阳银行,2025-03-31 00:00:00,一季报,745007011000.0,332863200000.0,446375137000.0,67084223000.0,69278364000.0
601997,贵阳银行,601997,贵阳银行,2024-12-31 00:00:00,年报,705669175000.0,326728764000.0,430376347000.0,66870321000.0,69039655000.0
601997,贵阳银行,601997,贵阳银行,2024-09-30 00:00:00,三季报,719598976000.0,333293066000.0,429522546000.0,64936749000.0,67035326000.0
601997,贵阳银行,601997,贵阳银行,2024-06-30 00:00:00,中报,713891639000.0,327779219000.0,419038150000.0,63629925000.0,65689813000.0
601997,贵阳银行,601997,贵阳银行,2024-03-31 00:00:00,一季报,723944485000.0,319406081000.0,413919287000.0,63418951000.0,65446989000.0
601997,贵阳银行,601997,贵阳银行,2023-12-31 00:00:00,年报,688068214000.0,312480555000.0,409531371000.0,61520854000.0,63533589000.0
601997,贵阳银行,601997,贵阳银行,2023-09-30 00:00:00,三季报,670650377000.0,307062129000.0,402646440000.0,60008950000.0,62038428000.0
601997,贵阳银行,601997,贵阳银行,2023-06-30 00:00:00,中报,670005334000.0,301503525000.0,395909098000.0,58739927000.0,60730497000.0
601997,贵阳银行,601997,贵阳银行,2023-03-31 00:00:00,一季报,664364299000.0,286020293000.0,408803321000.0,58363086000.0,60369498000.0
601997,贵阳银行,601997,贵阳银行,2022-12-31 00:00:00,年报,645998467000.0,275426004000.0,393013273000.0,56667172000.0,58652574000.0
601997,贵阳银行,601997,贵阳银行,2022-09-30 00:00:00,三季报,639517172000.0,265893130000.0,384440659000.0,55546672000.0,57473945000.0
601997,贵阳银行,601997,贵阳银行,2022-06-30 00:00:00,中报,629522400000.0,258715497000.0,381037343000.0,54192031000.0,56108055000.0
601997,贵阳银行,601997,贵阳银行,2022-03-31 00:00:00,一季报,623627623000.0,251226150000.0,377499291000.0,53930244000.0,55819838000.0
601997,贵阳银行,601997,贵阳银行,2021-12-31 00:00:00,年报,608686846000.0,245830565000.0,367428387000.0,52347880000.0,54060101000.0
601997,贵阳银行,601997,贵阳银行,2021-09-30 00:00:00,三季报,597126174000.0,237443502000.0,362760360000.0,50953834000.0,52566101000.0
601997,贵阳银行,601997,贵阳银行,2021-06-30 00:00:00,中报,596816871000.0,237137656000.0,363375237000.0,49373035000.0,50970474000.0
601997,贵阳银行,601997,贵阳银行,2021-03-31 00:00:00,一季报,598330405000.0,229605849000.0,366385316000.0,44443298000.0,46009264000.0
601997,贵阳银行,601997,贵阳银行,2020-12-31 00:00:00,年报,590680344000.0,222113548000.0,360885494000.0,42944130000.0,44451621000.0
601997,贵阳银行,601997,贵阳银行,2020-09-30 00:00:00,三季报,576239835000.0,207837341000.0,341704411000.0,41535514000.0,42964612000.0
601997,贵阳银行,601997,贵阳银行,2020-06-30 00:00:00,中报,571800785000.0,205663669000.0,334153674000.0,40510563000.0,41907509000.0
601997,贵阳银行,601997,贵阳银行,2020-03-31 00:00:00,一季报,564930845000.0,203951753000.0,337007490000.0,40686494000.0,42048265000.0
601997,贵阳银行,601997,贵阳银行,2019-12-31 00:00:00,年报,560399290000.0,196474943000.0,337582433000.0,39028717000.0,40327183000.0
601997,贵阳银行,601997,贵阳银行,2019-09-30 00:00:00,三季报,552718354000.0,192232875000.0,331710036000.0,37739009000.0,38970335000.0
601997,贵阳银行,601997,贵阳银行,2019-06-30 00:00:00,中报,548306582000.0,186683938000.0,332893026000.0,36065793000.0,37125682000.0
601997,贵阳银行,601997,贵阳银行,2019-03-31 00:00:00,一季报,526662418000.0,178989429000.0,324206493000.0,35495083000.0,36455991000.0
601997,贵阳银行,601997,贵阳银行,2018-12-31 00:00:00,年报,503326324000.0,164169850000.0,312478883000.0,34829517000.0,35843274000.0
601997,贵阳银行,601997,贵阳银行,2018-09-30 00:00:00,三季报,491960111000.0,154691117000.0,310844150000.0,28085321000.0,29068043000.0
601997,贵阳银行,601997,贵阳银行,2018-06-30 00:00:00,中报,477366417000.0,134620274000.0,305379979000.0,27289530000.0,28245271000.0
601997,贵阳银行,601997,贵阳银行,2018-03-31 00:00:00,一季报,460328397000.0,127723393000.0,290154272000.0,26029732000.0,26962176000.0
601997,贵阳银行,601997,贵阳银行,2017-12-31 00:00:00,年报,464106363000.0,120978518000.0,297530647000.0,24712394000.0,25630018000.0
601997,贵阳银行,601997,贵阳银行,2017-09-30 00:00:00,三季报,432932139000.0,113696936000.0,275440759000.0,23551474000.0,24448488000.0
601997,贵阳银行,601997,贵阳银行,2017-06-30 00:00:00,中报,414191366000.0,105646165000.0,273256206000.0,22265101000.0,23133030000.0
601997,贵阳银行,601997,贵阳银行,2017-03-31 00:00:00,一季报,392400651000.0,101229155000.0,271482438000.0,21997033000.0,22865780000.0
601997,贵阳银行,601997,贵阳银行,2016-12-31 00:00:00,年报,372253194000.0,99078894000.0,262998070000.0,21137231000.0,21999708000.0
601997,贵阳银行,601997,贵阳银行,2016-09-30 00:00:00,三季报,327319736000.0,95259200000.0,255667275000.0,20532704000.0,21371599000.0
601997,贵阳银行,601997,贵阳银行,2016-06-30 00:00:00,中报,284926885000.0,89018402000.0,224807276000.0,15359880000.0,15539214000.0
601997,贵阳银行,601997,贵阳银行,2016-03-31 00:00:00,一季报,248357566000.0,84665521000.0,192654993000.0,14764256000.0,14947323000.0
601997,贵阳银行,601997,贵阳银行,2015-12-31 00:00:00,年报,238196550000.0,80213867000.0,180987014000.0,13954060000.0,14133883000.0
601997,贵阳银行,601997,贵阳银行,2014-12-31 00:00:00,年报,156099533000.0,67785686000.0,130451820000.0,10549504000.0,10711213000.0
601997,贵阳银行,601997,贵阳银行,2013-12-31 00:00:00,年报,122549115000.0,55285233000.0,109639654000.0,7911832000.0,7958038000.0
601997,贵阳银行,601997,贵阳银行,2012-12-31 00:00:00,年报,105719379000.0,45384663000.0,88241025000.0,6636425000.0,6677748000.0
601997,贵阳银行,601997,贵阳银行,2012-09-30 00:00:00,三季报,100151814389.53,43812755357.88,82462697371.61,6342345020.89,6385351888.21
601997,贵阳银行,601997,贵阳银行,2011-12-31 00:00:00,年报,82066462000.0,36505726000.0,71524228000.0,5293043000.0,5339234000.0
601997,贵阳银行,601997,贵阳银行,2010-12-31 00:00:00,年报,63444255000.0,29976317000.0,57722527000.0,3733606000.0,3733606000.0
601997,贵阳银行,601997,贵阳银行,2009-12-31 00:00:00,年报,49459266249.58,24277688506.47,45946648786.67,2683495953.6,2683495953.6
601997,贵阳银行,601997,贵阳银行,2009-06-30 00:00:00,中报,43189710000.0,22995608000.0,39077800000.0,2231284000.0,2231284000.0
601997,贵阳银行,601997,贵阳银行,2008-12-31 00:00:00,年报,38872089682.19,20233985667.53,36363291107.28,1620873323.25,1620873323.25
601997,贵阳银行,601997,贵阳银行,2007-12-31 00:00:00,年报,33247137356.18,18462726375.0,30590739823.36,1091215815.13,1091215815.13
601997,贵阳银行,601997,贵阳银行,2006-12-31 00:00:00,年报,28381886000.0,16716991000.0,25913617000.0,852476000.0,852476000.0
601998,中信银行,601998,中信银行,2026-03-31 00:00:00,一季报,10241209000000.0,5882188000000.0,6253842000000.0,847725000000.0,866733000000.0
601998,中信银行,601998,中信银行,2025-12-31 00:00:00,年报,10131028000000.0,5746871000000.0,6127012000000.0,828813000000.0,847630000000.0
601998,中信银行,601998,中信银行,2025-09-30 00:00:00,三季报,9898128000000.0,5667134000000.0,6150003000000.0,823315000000.0,842192000000.0
601998,中信银行,601998,中信银行,2025-06-30 00:00:00,中报,9858466000000.0,5683258000000.0,6192094000000.0,814301000000.0,832965000000.0
601998,中信银行,601998,中信银行,2025-03-31 00:00:00,一季报,9855268000000.0,5747735000000.0,6111779000000.0,808432000000.0,826841000000.0
601998,中信银行,601998,中信银行,2024-12-31 00:00:00,年报,9532722000000.0,5601450000000.0,5864311000000.0,789264000000.0,807365000000.0
601998,中信银行,601998,中信银行,2024-09-30 00:00:00,三季报,9259247000000.0,5510658000000.0,5692815000000.0,811795000000.0,829952000000.0
601998,中信银行,601998,中信银行,2024-06-30 00:00:00,中报,9104623000000.0,5475547000000.0,5592100000000.0,798077000000.0,815751000000.0
601998,中信银行,601998,中信银行,2024-03-31 00:00:00,一季报,9070311000000.0,5466525000000.0,5488529000000.0,767099000000.0,784681000000.0
601998,中信银行,601998,中信银行,2023-12-31 00:00:00,年报,9052484000000.0,5383750000000.0,5467657000000.0,717222000000.0,734675000000.0
601998,中信银行,601998,中信银行,2023-09-30 00:00:00,三季报,8922023000000.0,5345027000000.0,5520407000000.0,702654000000.0,723456000000.0
601998,中信银行,601998,中信银行,2023-06-30 00:00:00,中报,8833297000000.0,5263735000000.0,5591493000000.0,690336000000.0,711013000000.0
601998,中信银行,601998,中信银行,2023-03-31 00:00:00,一季报,8786546000000.0,5228738000000.0,5492958000000.0,685163000000.0,705805000000.0
601998,中信银行,601998,中信银行,2022-12-31 00:00:00,年报,8547543000000.0,5038967000000.0,5157864000000.0,665418000000.0,685830000000.0
601998,中信银行,601998,中信银行,2022-09-30 00:00:00,三季报,8622384000000.0,4983550000000.0,5082971000000.0,657703000000.0,678218000000.0
601998,中信银行,601998,中信银行,2022-06-30 00:00:00,中报,8278016000000.0,4896774000000.0,5154699000000.0,641020000000.0,661289000000.0
601998,中信银行,601998,中信银行,2022-03-31 00:00:00,一季报,8233997000000.0,4844261000000.0,4974800000000.0,640467000000.0,656763000000.0
601998,中信银行,601998,中信银行,2021-12-31 00:00:00,年报,8042884000000.0,4748076000000.0,4789969000000.0,626303000000.0,642626000000.0
601998,中信银行,601998,中信银行,2021-09-30 00:00:00,三季报,7893015000000.0,4634101000000.0,4745480000000.0,613757000000.0,633492000000.0
601998,中信银行,601998,中信银行,2021-06-30 00:00:00,中报,7816329000000.0,4588169000000.0,4711500000000.0,600706000000.0,616406000000.0
601998,中信银行,601998,中信银行,2021-03-31 00:00:00,一季报,7785636000000.0,4526444000000.0,4690576000000.0,560116000000.0,575741000000.0
601998,中信银行,601998,中信银行,2020-12-31 00:00:00,年报,7511161000000.0,4360196000000.0,4572286000000.0,544573000000.0,560038000000.0
601998,中信银行,601998,中信银行,2020-09-30 00:00:00,三季报,7323359000000.0,4227859000000.0,4533045000000.0,534064000000.0,549593000000.0
601998,中信银行,601998,中信银行,2020-06-30 00:00:00,中报,7080616000000.0,4090669000000.0,4484465000000.0,530877000000.0,546366000000.0
601998,中信银行,601998,中信银行,2020-03-31 00:00:00,一季报,7032434000000.0,4034143000000.0,4315990000000.0,536970000000.0,552271000000.0
601998,中信银行,601998,中信银行,2019-12-31 00:00:00,年报,6750433000000.0,3892602000000.0,4073258000000.0,517311000000.0,532524000000.0
601998,中信银行,601998,中信银行,2019-09-30 00:00:00,三季报,6461910000000.0,3847393000000.0,4050290000000.0,470808000000.0,486005000000.0
601998,中信银行,601998,中信银行,2019-06-30 00:00:00,中报,6398803000000.0,3735763000000.0,4034436000000.0,457005000000.0,471958000000.0
601998,中信银行,601998,中信银行,2019-03-31 00:00:00,一季报,6241410000000.0,3626001000000.0,3821218000000.0,453310000000.0,470015000000.0
601998,中信银行,601998,中信银行,2018-12-31 00:00:00,年报,6066714000000.0,3515650000000.0,3649611000000.0,436661000000.0,453086000000.0
601998,中信银行,601998,中信银行,2018-09-30 00:00:00,三季报,5864796000000.0,3410074000000.0,3578398000000.0,424148000000.0,437147000000.0
601998,中信银行,601998,中信银行,2018-06-30 00:00:00,中报,5807444000000.0,3287321000000.0,3587994000000.0,410983000000.0,423761000000.0
601998,中信银行,601998,中信银行,2018-03-31 00:00:00,一季报,5624705000000.0,3193307000000.0,3477528000000.0,406762000000.0,419542000000.0
601998,中信银行,601998,中信银行,2017-12-31 00:00:00,年报,5677691000000.0,3105984000000.0,3407636000000.0,399638000000.0,412433000000.0
601998,中信银行,601998,中信银行,2017-09-30 00:00:00,三季报,5536973000000.0,3083676000000.0,3316743000000.0,395944000000.0,401222000000.0
601998,中信银行,601998,中信银行,2017-06-30 00:00:00,中报,5651216000000.0,3012896000000.0,3453476000000.0,387425000000.0,392698000000.0
601998,中信银行,601998,中信银行,2017-03-31 00:00:00,一季报,5751862000000.0,2871468000000.0,3430435000000.0,387896000000.0,393166000000.0
601998,中信银行,601998,中信银行,2016-12-31 00:00:00,年报,5931050000000.0,2802384000000.0,3639290000000.0,379224000000.0,384496000000.0
601998,中信银行,601998,中信银行,2016-09-30 00:00:00,三季报,5541535000000.0,2772772000000.0,3392444000000.0,342159000000.0,347428000000.0
601998,中信银行,601998,中信银行,2016-06-30 00:00:00,中报,5606778000000.0,2688755000000.0,3455161000000.0,329929000000.0,331870000000.0
601998,中信银行,601998,中信银行,2016-03-31 00:00:00,一季报,5477758000000.0,2603911000000.0,3368747000000.0,328620000000.0,330569000000.0
601998,中信银行,601998,中信银行,2015-12-31 00:00:00,年报,5122292000000.0,2468283000000.0,3182775000000.0,317740000000.0,319686000000.0
601998,中信银行,601998,中信银行,2015-09-30 00:00:00,三季报,4653138000000.0,2317329000000.0,3148587000000.0,294184000000.0,296136000000.0
601998,中信银行,601998,中信银行,2015-06-30 00:00:00,中报,4561277000000.0,2253593000000.0,3081463000000.0,283001000000.0,291082000000.0
601998,中信银行,601998,中信银行,2015-03-31 00:00:00,一季报,4430215000000.0,2188398000000.0,2904331000000.0,270812000000.0,278749000000.0
601998,中信银行,601998,中信银行,2014-12-31 00:00:00,年报,4138815000000.0,2136332000000.0,2849574000000.0,259677000000.0,267346000000.0
601998,中信银行,601998,中信银行,2014-09-30 00:00:00,三季报,4045887000000.0,2070721000000.0,2875725000000.0,250091000000.0,257685000000.0
601998,中信银行,601998,中信银行,2014-06-30 00:00:00,中报,4311187000000.0,2070500000000.0,3053213000000.0,239287000000.0,246698000000.0
601998,中信银行,601998,中信银行,2014-03-31 00:00:00,一季报,3981514000000.0,1998369000000.0,2798070000000.0,237953000000.0,243354000000.0
601998,中信银行,601998,中信银行,2013-12-31 00:00:00,年报,3641193000000.0,1899921000000.0,2651678000000.0,225601000000.0,230725000000.0
601998,中信银行,601998,中信银行,2013-09-30 00:00:00,三季报,3401408000000.0,1843604000000.0,2632476000000.0,219824000000.0,224810000000.0
601998,中信银行,601998,中信银行,2013-06-30 00:00:00,中报,3436945000000.0,1787895000000.0,2613911000000.0,211107000000.0,215977000000.0
601998,中信银行,601998,中信银行,2013-03-31 00:00:00,一季报,3119084000000.0,1718027000000.0,2457010000000.0,207965000000.0,212796000000.0
601998,中信银行,601998,中信银行,2012-12-31 00:00:00,年报,2959939000000.0,1627576000000.0,2255141000000.0,198356000000.0,203086000000.0
601998,中信银行,601998,中信银行,2012-09-30 00:00:00,三季报,2911945000000.0,1572281000000.0,2237168000000.0,194923000000.0,199669000000.0
601998,中信银行,601998,中信银行,2012-06-30 00:00:00,中报,2916365000000.0,1509692000000.0,2188820000000.0,187892000000.0,192480000000.0
601998,中信银行,601998,中信银行,2012-03-31 00:00:00,一季报,2657376000000.0,1451369000000.0,2041981000000.0,183299000000.0,187796000000.0
601998,中信银行,601998,中信银行,2011-12-31 00:00:00,年报,2765881000000.0,1410779000000.0,1968051000000.0,174496000000.0,178781000000.0
601998,中信银行,601998,中信银行,2011-09-30 00:00:00,三季报,2270843000000.0,1363554000000.0,1869559000000.0,169270000000.0,173362000000.0
601998,中信银行,601998,中信银行,2011-06-30 00:00:00,中报,2245218000000.0,1334724000000.0,1873227000000.0,135116000000.0,139657000000.0
601998,中信银行,601998,中信银行,2011-03-31 00:00:00,一季报,2144398000000.0,1278008000000.0,1800265000000.0,126900000000.0,131326000000.0
601998,中信银行,601998,中信银行,2010-12-31 00:00:00,年报,2081314000000.0,1246026000000.0,1730816000000.0,120175000000.0,124538000000.0
601998,中信银行,601998,中信银行,2010-09-30 00:00:00,三季报,1947615000000.0,1183276000000.0,1638068000000.0,116662000000.0,121040000000.0
601998,中信银行,601998,中信银行,2010-06-30 00:00:00,中报,1940168000000.0,1176347000000.0,1629302000000.0,109951000000.0,114222000000.0
601998,中信银行,601998,中信银行,2010-03-31 00:00:00,一季报,1752802000000.0,1116505000000.0,1453867000000.0,107502000000.0,111869000000.0
601998,中信银行,601998,中信银行,2009-12-31 00:00:00,年报,1775031000000.0,1050479000000.0,1341927000000.0,102798000000.0,107008000000.0
601998,中信银行,601998,中信银行,2009-09-30 00:00:00,三季报,1428861000000.0,975970000000.0,1193362000000.0,103423000000.0,103428000000.0
601998,中信银行,601998,中信银行,2009-06-30 00:00:00,中报,1401477000000.0,974055000000.0,1173347000000.0,99059000000.0,99063000000.0
601998,中信银行,601998,中信银行,2009-03-31 00:00:00,一季报,1255569000000.0,822085000000.0,1060136000000.0,98277000000.0,98280000000.0
601998,中信银行,601998,中信银行,2008-12-31 00:00:00,年报,1319255000000.0,716386000000.0,1027325000000.0,119051000000.0,129059000000.0
601998,中信银行,601998,中信银行,2008-09-30 00:00:00,三季报,1088675000000.0,641242000000.0,862814000000.0,94372000000.0,94377000000.0
601998,中信银行,601998,中信银行,2008-06-30 00:00:00,中报,1117208000000.0,623192000000.0,849464000000.0,90191000000.0,90196000000.0
601998,中信银行,601998,中信银行,2008-03-31 00:00:00,一季报,1076058000000.0,596406000000.0,812275000000.0,86054000000.0,86059000000.0
601998,中信银行,601998,中信银行,2007-12-31 00:00:00,年报,1011236000000.0,565866000000.0,787211000000.0,84136000000.0,84141000000.0
601998,中信银行,601998,中信银行,2007-09-30 00:00:00,三季报,928918000000.0,537808000000.0,711608000000.0,81036000000.0,81041000000.0
601998,中信银行,601998,中信银行,2007-06-30 00:00:00,中报,868549000000.0,527142000000.0,666424000000.0,78971000000.0,78976000000.0
601998,中信银行,601998,中信银行,2006-12-31 00:00:00,年报,706859000000.0,453381000000.0,618412000000.0,31825000000.0,31830000000.0
601998,中信银行,601998,中信银行,2005-12-31 00:00:00,年报,594993000000.0,358024000000.0,530573000000.0,23713000000.0,23718000000.0
601998,中信银行,601998,中信银行,2004-12-31 00:00:00,年报,493402000000.0,291613000000.0,435020000000.0,8716000000.0,8720000000.0
601998,中信银行,601998,中信银行,2003-12-31 00:00:00,年报,419802970000.0,258763689000.0,347533231000.0,16844926000.0,16844926000.0
601998,中信银行,601998,中信银行,2002-12-31 00:00:00,年报,335162592000.0,,,9336882000.0,9336882000.0
603323,苏农银行,603323,苏农银行,2026-03-31 00:00:00,一季报,239730780000.0,143353983000.0,184983849000.0,19366134000.0,19379913000.0
603323,苏农银行,603323,苏农银行,2025-12-31 00:00:00,年报,230907250000.0,135245418000.0,182959207000.0,18877363000.0,18891318000.0
603323,苏农银行,603323,苏农银行,2025-09-30 00:00:00,三季报,226749201000.0,133928050000.0,182301644000.0,18687702000.0,18701295000.0
603323,苏农银行,603323,苏农银行,2025-06-30 00:00:00,中报,223248834000.0,131961313000.0,178047945000.0,18555219000.0,18569128000.0
603323,苏农银行,603323,苏农银行,2025-03-31 00:00:00,一季报,221889802000.0,128738465000.0,179082319000.0,18361448000.0,18375274000.0
603323,苏农银行,603323,苏农银行,2024-12-31 00:00:00,年报,213987100000.0,124850814000.0,170249035000.0,18041841000.0,18055700000.0
603323,苏农银行,603323,苏农银行,2024-09-30 00:00:00,三季报,210061665000.0,122362598000.0,169830713000.0,17120433000.0,17133860000.0
603323,苏农银行,603323,苏农银行,2024-06-30 00:00:00,中报,217502290000.0,125914994000.0,170344557000.0,16703287000.0,16717651000.0
603323,苏农银行,603323,苏农银行,2024-03-31 00:00:00,一季报,211759374000.0,124056976000.0,162127338000.0,16123271000.0,16137292000.0
603323,苏农银行,603323,苏农银行,2023-12-31 00:00:00,年报,202564681000.0,117774987000.0,157598488000.0,15782791000.0,15796762000.0
603323,苏农银行,603323,苏农银行,2023-09-30 00:00:00,三季报,201115263000.0,116661806000.0,155039971000.0,15421247000.0,15554159000.0
603323,苏农银行,603323,苏农银行,2023-06-30 00:00:00,中报,199192992000.0,115730252000.0,154438803000.0,15100927000.0,15234953000.0
603323,苏农银行,603323,苏农银行,2023-03-31 00:00:00,一季报,190515670000.0,107520175000.0,149114225000.0,14697891000.0,14827312000.0
603323,苏农银行,603323,苏农银行,2022-12-31 00:00:00,年报,180277961000.0,104886674000.0,139804680000.0,14199989000.0,14328226000.0
603323,苏农银行,603323,苏农银行,2022-09-30 00:00:00,三季报,176155399000.0,102651838000.0,133792483000.0,14391593000.0,14516502000.0
603323,苏农银行,603323,苏农银行,2022-06-30 00:00:00,中报,170268083000.0,100480319000.0,130198451000.0,13676805000.0,13801895000.0
603323,苏农银行,603323,苏农银行,2022-03-31 00:00:00,一季报,163942607000.0,94810717000.0,124758492000.0,13516897000.0,13640512000.0
603323,苏农银行,603323,苏农银行,2021-12-31 00:00:00,年报,158724694000.0,91696604000.0,122636757000.0,13147222000.0,13268267000.0
603323,苏农银行,603323,苏农银行,2021-09-30 00:00:00,三季报,153429402000.0,88790713000.0,118912221000.0,13038592000.0,13165758000.0
603323,苏农银行,603323,苏农银行,2021-06-30 00:00:00,中报,150731353000.0,83563789000.0,116026692000.0,12477000000.0,12598045000.0
603323,苏农银行,603323,苏农银行,2021-03-31 00:00:00,一季报,142820651000.0,78004541000.0,113646129000.0,12362755000.0,12484674000.0
603323,苏农银行,603323,苏农银行,2020-12-31 00:00:00,年报,139440364000.0,75804405000.0,106725338000.0,12020228000.0,12140188000.0
603323,苏农银行,603323,苏农银行,2020-09-30 00:00:00,三季报,133720169000.0,73820767000.0,105051870000.0,11999899000.0,12114615000.0
603323,苏农银行,603323,苏农银行,2020-06-30 00:00:00,中报,132810840000.0,71341787000.0,103212736000.0,11699361000.0,11809346000.0
603323,苏农银行,603323,苏农银行,2020-03-31 00:00:00,一季报,131860836000.0,68129619000.0,95886084000.0,11861354000.0,11975162000.0
603323,苏农银行,603323,苏农银行,2019-12-31 00:00:00,年报,125955321000.0,66246320000.0,95955987000.0,11512247000.0,11624839000.0
603323,苏农银行,603323,苏农银行,2019-09-30 00:00:00,三季报,126178287000.0,65228662000.0,91355444000.0,11360131000.0,11473309000.0
603323,苏农银行,603323,苏农银行,2019-06-30 00:00:00,中报,121242149000.0,61051282000.0,87562245000.0,11033352000.0,11145511000.0
603323,苏农银行,603323,苏农银行,2019-03-31 00:00:00,一季报,119786123000.0,59992859000.0,85282373000.0,11183260000.0,11295523000.0
603323,苏农银行,603323,苏农银行,2018-12-31 00:00:00,年报,116782012000.0,57453570000.0,82747957000.0,9410567000.0,9521359000.0
603323,苏农银行,603323,苏农银行,2018-09-30 00:00:00,三季报,110508369000.0,55661442000.0,79849995000.0,9220589000.0,9328954000.0
603323,苏农银行,603323,苏农银行,2018-06-30 00:00:00,中报,104247150000.0,51576636000.0,75041124000.0,8712722000.0,8819316000.0
603323,苏农银行,603323,苏农银行,2018-03-31 00:00:00,一季报,101905116000.0,49150546000.0,70160529000.0,8577583000.0,8687057000.0
603323,苏农银行,603323,苏农银行,2017-12-31 00:00:00,年报,95270884000.0,47462696000.0,71464870000.0,8366341000.0,8472803000.0
603323,苏农银行,603323,苏农银行,2017-09-30 00:00:00,三季报,87432998000.0,46747850000.0,68239534000.0,8295282000.0,8400287000.0
603323,苏农银行,603323,苏农银行,2017-06-30 00:00:00,中报,84663595000.0,46071957000.0,68469655000.0,8124960000.0,8226476000.0
603323,苏农银行,603323,苏农银行,2017-03-31 00:00:00,一季报,82558870000.0,45251682000.0,65757434000.0,7931538000.0,8034445000.0
603323,苏农银行,603323,苏农银行,2016-12-31 00:00:00,年报,81348355000.0,43926752000.0,65387774000.0,7776203000.0,7878785000.0
603323,苏农银行,603323,苏农银行,2016-09-30 00:00:00,三季报,77855790000.0,43474068000.0,64039505000.0,7032379000.0,7136207000.0
603323,苏农银行,603323,苏农银行,2016-06-30 00:00:00,中报,77874049000.0,42171676000.0,61872840000.0,6843120000.0,6941755000.0
603323,苏农银行,603323,苏农银行,2015-12-31 00:00:00,年报,71452538000.0,39550476000.0,57188278000.0,6561922000.0,6659750000.0
603323,苏农银行,603323,苏农银行,2015-06-30 00:00:00,中报,66673091000.0,37510370000.0,53514302000.0,6288134000.0,6383948000.0
603323,苏农银行,603323,苏农银行,2014-12-31 00:00:00,年报,61945498000.0,36684318000.0,51917552000.0,6010676000.0,6105607000.0
603323,苏农银行,603323,苏农银行,2013-12-31 00:00:00,年报,62483467000.0,32748444000.0,51540408000.0,5435257000.0,5522189000.0
603323,苏农银行,603323,苏农银行,2012-12-31 00:00:00,年报,57176676000.0,29145969000.0,46903997000.0,4740476000.0,4820075000.0
603323,苏农银行,603323,苏农银行,2011-12-31 00:00:00,年报,54003176000.0,25333922000.0,40020216000.0,4264060000.0,4337096000.0
603323,苏农银行,603323,苏农银行,2009-12-31 00:00:00,年报,31558773000.0,19318881000.0,28657070000.0,1917021000.0,1977080000.0
603323,苏农银行,603323,苏农银行,2008-12-31 00:00:00,年报,25906905000.0,15118217000.0,23308397000.0,1653271000.0,1658114000.0
603323,苏农银行,603323,苏农银行,2007-12-31 00:00:00,年报,21218891000.0,13206601000.0,19328562000.0,1335371000.0,1340095000.0
603323,苏农银行,603323,苏农银行,2006-12-31 00:00:00,年报,20229022000.0,10664110000.0,18733866000.0,1034049000.0,1034049000.0
603323,苏农银行,603323,苏农银行,2005-12-31 00:00:00,年报,17967090368.57,,,929640580.25,
603323,苏农银行,603323,苏农银行,2004-12-31 00:00:00,年报,13039300085.96,,,716948976.44,
