银行代码,银行名称,报告期,净利润,净利润同比增长率,扣非净利润,扣非净利润同比增长率,营业总收入,营业总收入同比增长率,基本每股收益,每股净资产,每股资本公积金,每股未分配利润,每股经营现金流,销售净利率,净资产收益率,净资产收益率-摊薄,营业周期,应收账款周转天数,流动比率,速动比率,保守速动比率,产权比率,资产负债率
000001,平安银行,1989-12-31,4302.00万,False,False,False,False,False,False,2.97,False,1.46,False,False,False,29.86%,False,False,9.61,9.61,9.61,0.28,2.37%
000001,平安银行,1990-12-31,7087.50万,64.75%,False,False,False,False,False,3.51,False,1.13,False,False,False,2.43%,False,False,14.29,14.29,14.29,0.24,1.93%
000001,平安银行,1991-12-31,1.13亿,58.94%,False,False,3.35亿,False,False,5.68,2.94,1.67,False,33.66%,False,2.59%,False,False,0.43,0.43,0.43,0.13,1.77%
000001,平安银行,1992-12-31,1.72亿,52.78%,False,False,4.76亿,42.08%,False,5.15,2.95,1.63,False,36.19%,False,73.94%,False,False,0.32,0.32,0.32,0.36,2.60%
000001,平安银行,1993-06-30,1.37亿,False,False,False,2.66亿,False,False,False,False,False,False,51.58%,False,1.62%,False,False,False,False,False,False,False
000001,平安银行,1993-12-31,2.73亿,58.80%,False,False,6.19亿,30.14%,1.0600,4.47,1.85,0.97,False,44.16%,False,28.82%,False,False,1.08,1.02,0.02,6.74,87.03%
000001,平安银行,1994-06-30,2.08亿,51.24%,False,False,4.84亿,81.80%,False,5.62,1.85,1.86,False,42.91%,13.08%,11.68%,14.69,14.69,1.14,1.14,0.10,7.24,87.86%
000001,平安银行,1994-12-31,3.56亿,30.38%,False,False,13.90亿,124.66%,0.8600,3.84,1.28,0.87,False,25.63%,False,24.92%,15.41,15.41,1.13,1.09,0.05,8.35,89.28%
000001,平安银行,1995-06-30,2.17亿,4.13%,False,False,8.42亿,73.89%,False,4.32,1.28,1.36,False,25.70%,False,12.30%,24.50,24.50,1.15,1.11,0.07,8.35,89.29%
000001,平安银行,1995-12-31,4.35亿,22.11%,False,False,21.05亿,51.43%,False,3.78,0.71,0.20,False,20.67%,False,22.25%,15.45,15.45,1.22,1.19,0.06,9.39,90.35%
000001,平安银行,1996-06-30,3.64亿,68.23%,False,False,11.45亿,35.90%,False,2.24,0.28,0.50,False,31.81%,False,15.70%,24.13,24.13,1.18,1.15,0.07,9.47,90.43%
000001,平安银行,1996-12-31,7.87亿,80.98%,False,False,26.10亿,23.99%,False,2.45,0.28,0.59,False,30.17%,False,31.07%,21.55,21.55,1.27,1.24,0.08,10.84,91.54%
000001,平安银行,1997-06-30,4.44亿,21.83%,False,False,13.14亿,14.77%,False,2.88,0.28,1.02,False,33.77%,False,14.90%,25.30,25.30,1.20,1.17,0.05,9.25,90.23%
000001,平安银行,1997-12-31,8.62亿,9.50%,False,False,27.95亿,7.09%,0.5560,2.19,0.19,0.62,False,30.85%,29.08%,25.39%,26.30,26.30,1.19,1.17,0.06,8.36,89.31%
000001,平安银行,1998-06-30,3.78亿,-14.81%,False,False,12.94亿,-1.49%,False,2.43,0.19,0.86,1.02,29.20%,False,10.02%,36.23,36.23,1.06,1.03,0.07,8.24,89.17%
000001,平安银行,1998-12-31,7.14亿,-17.21%,False,False,28.04亿,0.30%,False,2.37,0.19,0.64,1.48,27.26%,False,20.79%,37.69,37.69,1.06,1.04,0.06,9.72,90.67%
000001,平安银行,1999-06-30,2.41亿,-36.27%,False,False,11.35亿,-12.34%,False,2.52,0.19,0.79,0.27,21.23%,False,6.15%,67.19,67.19,0.94,0.92,0.08,8.88,89.88%
000001,平安银行,1999-12-31,2.24亿,-68.69%,5.55亿,False,22.03亿,-16.20%,False,1.87,0.19,0.11,3.01,23.63%,False,19.13%,False,False,0.93,0.91,0.06,14.81,93.68%
000001,平安银行,2000-06-30,1.40亿,-41.97%,1.78亿,False,10.41亿,-16.01%,False,1.98,0.19,0.22,0.11,18.67%,False,5.78%,False,False,0.89,0.88,0.04,15.15,93.81%
000001,平安银行,2000-12-31,4.63亿,107.11%,5.00亿,-10.00%,27.89亿,26.62%,0.3200,2.44,1.44,False,0.82,18.16%,30.65%,10.68%,False,False,1.00,1.00,0.02,13.19,92.95%
000001,平安银行,2001-03-31,1.39亿,False,False,False,7.25亿,False,False,False,False,False,False,19.15%,False,False,False,False,False,False,False,False,False
000001,平安银行,2001-06-30,2.23亿,59.65%,2.26亿,27.19%,15.70亿,70.01%,0.1150,2.55,1.44,0.11,0.63,12.62%,4.60%,4.50%,2.27,2.27,1.08,1.08,0.02,16.17,94.18%
000001,平安银行,2001-09-30,3.65亿,False,False,False,25.80亿,False,False,False,False,False,False,14.15%,False,False,False,False,False,False,False,False,False
000001,平安银行,2001-12-31,4.02亿,-13.09%,4.05亿,-18.92%,38.86亿,55.21%,0.2100,1.86,0.81,0.03,7.52,9.29%,10.82%,11.09%,0.93,0.93,1.02,1.02,0.01,32.11,96.98%
000001,平安银行,2002-03-31,1.84亿,32.50%,False,False,10.95亿,51.10%,False,1.96,0.81,0.12,False,16.79%,False,4.83%,4.31,4.31,0.95,0.95,0.02,28.04,96.56%
000001,平安银行,2002-06-30,3.14亿,40.74%,3.20亿,41.26%,24.13亿,53.66%,0.1600,2.03,0.81,0.19,-5.33,13.02%,7.71%,7.97%,1.75,1.75,0.90,0.90,0.01,33.17,97.07%
000001,平安银行,2002-09-30,3.66亿,0.37%,4.19亿,False,38.89亿,52.80%,False,2.09,0.81,0.25,False,10.64%,False,10.34%,False,False,0.99,0.99,0.02,38.43,97.46%
000001,平安银行,2002-12-31,3.13亿,-22.27%,4.45亿,9.82%,54.00亿,42.01%,0.2200,1.94,0.81,0.02,4.39,7.83%,11.24%,11.47%,False,False,0.93,0.93,0.02,43.10,97.73%
000001,平安银行,2003-03-31,1.53亿,-16.66%,False,False,13.53亿,23.46%,False,2.02,0.81,0.10,-4.58,11.34%,False,3.91%,False,False,0.84,0.84,0.01,40.43,97.59%
000001,平安银行,2003-06-30,2.70亿,-13.94%,2.70亿,-15.45%,28.22亿,16.97%,0.1400,2.23,0.81,0.31,-1.99,9.58%,6.44%,6.24%,2.88,2.88,0.94,0.94,0.02,39.52,97.53%
000001,平安银行,2003-09-30,3.15亿,-14.05%,3.20亿,-23.69%,41.41亿,6.46%,False,2.05,0.81,0.13,-3.78,7.61%,False,7.91%,False,False,0.92,0.92,0.02,47.57,97.94%
000001,平安银行,2003-12-31,4.25亿,35.92%,3.19亿,-28.22%,59.93亿,10.99%,0.2200,2.04,0.81,0.09,-0.86,7.09%,9.66%,7.98%,False,False,0.91,0.91,0.0087,47.64,97.94%
000001,平安银行,2004-03-31,1.58亿,2.76%,2.15亿,False,19.09亿,41.47%,False,2.15,0.81,0.20,1.59,11.20%,False,5.13%,False,False,0.78,0.78,0.04,49.85,98.03%
000001,平安银行,2004-06-30,2.17亿,-19.72%,2.56亿,-5.33%,40.83亿,44.66%,0.1500,2.18,0.81,0.23,-1.48,7.00%,6.96%,6.72%,2.56,2.56,0.76,0.76,0.03,46.80,97.91%
000001,平安银行,2004-09-30,3.38亿,7.43%,4.04亿,26.55%,60.86亿,46.98%,False,2.25,0.81,0.30,-2.12,6.69%,False,9.31%,False,False,0.74,0.74,0.03,44.48,97.80%
000001,平安银行,2004-12-31,2.95亿,-30.70%,2.77亿,-13.19%,83.46亿,38.88%,0.1500,2.41,0.81,0.33,3.62,3.48%,6.38%,6.19%,False,False,0.75,0.75,0.07,42.61,97.71%
000001,平安银行,2005-03-31,1.54亿,-2.17%,1.53亿,-28.62%,19.76亿,3.50%,False,2.49,0.81,0.41,-0.98,7.80%,False,3.19%,False,False,0.74,0.74,0.05,40.58,97.60%
000001,平安银行,2005-06-30,1.68亿,-22.65%,1.46亿,-42.86%,26.41亿,2.85%,0.0800,2.51,0.81,0.43,-0.70,3.76%,3.28%,3.23%,False,False,0.75,0.75,0.04,42.03,97.68%
000001,平安银行,2005-09-30,3.00亿,-11.36%,2.99亿,-26.15%,40.39亿,4.34%,False,2.58,0.81,0.51,-2.04,5.77%,False,7.31%,False,False,0.76,0.76,0.04,42.97,97.73%
000001,平安银行,2005-12-31,3.11亿,5.58%,3.35亿,20.72%,54.51亿,2.04%,0.1600,2.59,0.81,0.39,-2.20,4.13%,7.16%,6.97%,9.70,9.70,0.78,0.78,0.04,44.45,97.80%
000001,平安银行,2006-03-31,2.33亿,51.29%,2.21亿,44.31%,15.97亿,-19.19%,0.1200,2.71,0.81,0.51,7.02,14.60%,False,4.19%,13.83,13.83,0.77,0.77,0.10,44.51,97.80%
000001,平安银行,2006-06-30,5.18亿,208.47%,4.17亿,185.11%,34.53亿,18.06%,0.2500,2.87,0.85,0.64,1.40,14.87%,8.77%,8.29%,False,False,False,False,False,42.42,97.70%
000001,平安银行,2006-09-30,9.72亿,224.21%,8.22亿,175.27%,55.85亿,25.71%,0.4700,3.11,0.87,0.86,3.21,17.54%,21.40%,14.71%,False,False,False,False,False,39.67,97.54%
000001,平安银行,2006-12-31,14.12亿,353.99%,12.27亿,266.58%,78.18亿,30.91%,0.6800,3.33,0.85,0.38,3.81,18.26%,22.83%,20.12%,False,False,False,False,False,39.25,97.52%
000001,平安银行,2007-03-31,5.35亿,129.47%,5.32亿,140.61%,23.53亿,47.31%,0.2600,3.65,0.83,0.72,1.91,22.75%,False,7.53%,False,False,False,False,False,39.48,97.53%
000001,平安银行,2007-06-30,11.24亿,117.05%,11.17亿,167.90%,48.91亿,41.63%,0.5400,3.69,0.79,0.40,6.31,22.98%,16.00%,15.00%,False,False,False,False,False,39.79,97.55%
000001,平安银行,2007-09-30,18.74亿,92.69%,18.67亿,127.11%,77.67亿,39.08%,0.9000,4.01,0.74,0.76,9.86,24.12%,False,22.40%,False,False,False,False,False,39.72,97.54%
000001,平安银行,2007-12-31,26.50亿,87.68%,26.08亿,112.52%,108.08亿,38.24%,0.9700,5.67,2.27,0.90,7.44,24.52%,33.41%,20.37%,False,False,False,False,False,26.11,96.31%
000001,平安银行,2008-03-31,10.04亿,87.67%,10.02亿,88.20%,35.53亿,51.03%,0.3400,6.12,2.29,1.34,1.67,28.26%,6.69%,7.15%,False,False,False,False,False,28.16,96.57%
000001,平安银行,2008-06-30,21.44亿,90.74%,21.56亿,93.04%,71.15亿,45.48%,0.7100,7.09,2.89,1.42,3.89,30.13%,15.23%,12.65%,False,False,False,False,False,25.08,96.17%
000001,平安银行,2008-09-30,33.17亿,77.04%,33.58亿,79.83%,107.41亿,38.29%,1.0900,7.69,3.00,1.91,16.55,30.88%,22.61%,17.98%,False,False,False,False,False,23.03,95.84%
000001,平安银行,2008-12-31,6.14亿,-76.83%,6.24亿,-76.07%,145.13亿,34.29%,0.2000,5.28,2.57,0.31,7.84,4.23%,4.32%,3.74%,False,False,False,False,False,27.93,96.54%
000001,平安银行,2009-03-31,11.22亿,11.74%,11.20亿,11.80%,37.61亿,5.84%,0.3600,5.50,2.42,0.67,0.87,29.84%,18.05%,6.57%,False,False,False,False,False,29.57,96.73%
000001,平安银行,2009-06-30,23.11亿,7.82%,23.06亿,6.95%,74.91亿,5.28%,0.7400,5.79,2.34,1.05,1.24,30.86%,13.17%,12.85%,False,False,False,False,False,29.09,96.68%
000001,平安银行,2009-09-30,36.37亿,9.66%,36.22亿,7.88%,111.14亿,3.47%,1.1700,6.15,2.26,1.48,-0.08,32.73%,19.96%,19.06%,False,False,False,False,False,28.04,96.56%
000001,平安银行,2009-12-31,50.31亿,719.29%,49.40亿,691.67%,151.14亿,4.14%,1.6200,6.59,2.26,1.41,10.37,33.28%,26.59%,24.58%,False,False,False,False,False,27.72,96.52%
000001,平安银行,2010-03-31,15.78亿,40.64%,15.77亿,40.75%,40.84亿,8.61%,0.5100,7.12,2.28,1.92,2.77,38.64%,False,7.13%,False,False,False,False,False,27.04,96.43%
000001,平安银行,2010-06-30,30.33亿,31.23%,29.77亿,29.06%,84.96亿,13.42%,0.9800,8.73,4.37,2.39,-0.98,35.70%,13.80%,9.97%,False,False,False,False,False,19.53,95.13%
000001,平安银行,2010-09-30,47.18亿,29.71%,46.56亿,28.54%,131.37亿,18.41%,1.4600,9.22,3.90,2.62,3.04,35.97%,False,14.73%,False,False,False,False,False,20.00,95.24%
000001,平安银行,2010-12-31,62.47亿,24.17%,61.44亿,24.38%,179.72亿,19.24%,1.9000,9.62,3.84,2.51,6.24,34.87%,23.22%,18.75%,False,False,False,False,False,20.71,95.39%
000001,平安银行,2011-03-31,24.02亿,52.22%,23.95亿,51.91%,58.15亿,42.38%,0.6900,10.32,3.85,3.20,6.13,41.31%,6.92%,6.68%,False,False,False,False,False,21.46,95.55%
000001,平安银行,2011-06-30,47.31亿,55.98%,47.18亿,58.51%,121.37亿,42.90%,1.3600,10.95,3.82,3.87,9.06,38.97%,13.19%,12.40%,False,False,False,False,False,21.33,95.52%
000001,平安银行,2011-09-30,76.87亿,62.93%,76.04亿,63.32%,207.01亿,57.58%,2.0100,13.61,7.91,3.16,3.49,37.41%,17.64%,11.03%,False,False,False,False,False,16.29,94.06%
000001,平安银行,2011-12-31,102.79亿,64.55%,101.79亿,65.69%,296.43亿,64.94%,2.4700,14.31,8.11,3.10,-2.82,35.05%,20.32%,14.02%,False,False,False,False,False,16.13,94.01%
000001,平安银行,2012-03-31,34.29亿,42.74%,34.20亿,42.80%,97.24亿,67.22%,0.6700,14.99,8.12,3.77,15.00,35.95%,4.57%,4.46%,False,False,False,False,False,16.78,94.23%
000001,平安银行,2012-06-30,67.61亿,42.90%,67.29亿,42.63%,196.26亿,61.70%,0.8200,15.58,8.06,3.67,28.11,35.00%,8.82%,8.47%,False,False,False,False,False,17.67,94.65%
000001,平安银行,2012-09-30,102.37亿,33.17%,101.87亿,33.98%,295.31亿,42.66%,1.2500,15.95,7.85,4.24,16.16,35.03%,13.05%,12.53%,False,False,False,False,False,17.08,94.47%
000001,平安银行,2012-12-31,134.03亿,30.40%,133.85亿,31.49%,397.49亿,34.09%,1.6400,16.55,7.83,4.50,36.27,33.99%,16.78%,15.81%,False,False,False,False,False,17.95,94.72%
000001,平安银行,2013-03-31,35.89亿,4.67%,35.88亿,4.91%,108.02亿,11.09%,0.4400,17.33,7.91,5.20,2.76,33.23%,4.14%,4.04%,False,False,False,False,False,19.41,95.10%
000001,平安银行,2013-06-30,75.31亿,11.39%,75.22亿,11.78%,234.26亿,19.36%,0.7700,11.17,4.91,3.25,3.51,32.15%,8.52%,8.23%,False,False,False,False,False,18.96,94.99%
000001,平安银行,2013-09-30,116.96亿,14.25%,116.37亿,14.23%,373.45亿,26.46%,1.1900,11.58,4.81,3.76,12.30,31.32%,12.96%,12.32%,False,False,False,False,False,18.55,94.89%
000001,平安银行,2013-12-31,152.31亿,13.64%,151.66亿,13.30%,521.89亿,31.30%,1.5500,11.77,6.31,3.66,9.63,29.18%,16.57%,13.59%,False,False,False,False,False,15.88,94.08%
000001,平安银行,2014-03-31,50.54亿,40.82%,50.65亿,41.16%,161.00亿,49.05%,0.3700,12.32,5.45,3.68,6.31,31.39%,4.41%,4.31%,False,False,False,False,False,16.88,94.41%
000001,平安银行,2014-06-30,100.72亿,33.74%,100.85亿,34.07%,347.33亿,48.27%,0.7300,10.59,4.39,3.37,4.68,29.00%,8.62%,8.33%,False,False,False,False,False,16.67,94.34%
000001,平安银行,2014-09-30,156.94亿,34.18%,157.11亿,35.01%,546.51亿,46.34%,1.1400,11.09,4.58,3.86,-0.45,28.72%,13.16%,12.38%,False,False,False,False,False,15.92,94.09%
000001,平安银行,2014-12-31,198.02亿,30.01%,198.41亿,30.83%,734.07亿,40.66%,1.4400,11.46,4.58,3.82,2.22,26.98%,16.35%,15.12%,False,False,False,False,False,15.70,94.01%
000001,平安银行,2015-03-31,56.29亿,11.38%,56.37亿,11.29%,206.71亿,28.39%,0.4100,9.97,4.58,4.31,0.84,27.23%,4.21%,4.12%,False,False,False,False,False,15.86,94.07%
000001,平安银行,2015-06-30,115.85亿,15.02%,115.91亿,14.93%,465.75亿,34.09%,0.7000,10.54,4.15,3.72,12.76,24.87%,8.41%,7.68%,False,False,False,False,False,16.04,94.13%
000001,平安银行,2015-09-30,177.40亿,13.04%,177.54亿,13.00%,711.52亿,30.19%,1.0600,10.98,4.15,4.15,6.43,24.93%,12.39%,11.29%,False,False,False,False,False,15.54,93.95%
000001,平安银行,2015-12-31,218.65亿,10.42%,219.02亿,10.39%,961.63亿,31.00%,1.3000,11.29,4.15,3.70,-0.13,22.74%,14.94%,13.54%,False,False,False,False,False,14.52,93.56%
000001,平安银行,2016-03-31,60.86亿,8.12%,60.75亿,7.77%,275.32亿,33.19%,0.3500,11.71,4.15,4.12,4.14,22.11%,3.70%,3.24%,False,False,False,False,False,13.29,93.00%
000001,平安银行,2016-06-30,122.92亿,6.10%,122.94亿,6.07%,547.69亿,17.59%,0.7200,10.00,3.29,3.67,-1.93,22.44%,7.35%,6.41%,False,False,False,False,False,13.61,93.16%
000001,平安银行,2016-09-30,187.19亿,5.52%,187.07亿,5.37%,819.68亿,15.20%,1.0900,10.38,3.29,4.05,-8.91,22.84%,11.02%,9.44%,False,False,False,False,False,13.08,92.90%
000001,平安银行,2016-12-31,225.99亿,3.36%,226.06亿,3.21%,1077.15亿,12.01%,1.3200,10.61,3.29,3.74,0.64,20.98%,13.18%,11.18%,False,False,False,False,False,13.61,93.15%
000001,平安银行,2017-03-31,62.14亿,2.10%,62.12亿,2.26%,277.26亿,0.65%,0.3100,10.94,3.29,4.05,-6.70,22.42%,2.89%,2.99%,False,False,False,False,False,13.47,93.09%
000001,平安银行,2017-06-30,125.54亿,2.13%,125.12亿,1.77%,540.69亿,-1.27%,0.6800,11.15,3.29,4.26,-7.47,23.22%,6.21%,6.10%,False,False,False,False,False,13.62,93.16%
000001,平安银行,2017-09-30,191.53亿,2.32%,191.30亿,2.26%,798.32亿,-2.60%,1.0600,11.54,3.29,4.64,-9.20,23.99%,9.60%,8.78%,False,False,False,False,False,13.38,93.05%
000001,平安银行,2017-12-31,231.89亿,2.61%,231.62亿,2.46%,1057.86亿,-1.79%,1.3000,11.77,3.29,4.64,-6.92,21.92%,11.62%,11.04%,False,False,False,False,False,13.63,93.16%
000001,平安银行,2018-03-31,65.95亿,6.13%,65.55亿,5.52%,280.26亿,1.08%,0.3300,11.85,3.29,4.69,2.41,23.53%,2.79%,2.95%,False,False,False,False,False,13.95,93.31%
000001,平安银行,2018-06-30,133.72亿,6.52%,133.26亿,6.51%,572.41亿,5.87%,0.7300,12.13,3.29,4.94,0.43,23.36%,6.13%,6.00%,False,False,False,False,False,13.76,93.23%
000001,平安银行,2018-09-30,204.56亿,6.80%,203.47亿,6.36%,866.64亿,8.56%,1.1400,12.54,3.29,5.36,-0.66,23.60%,9.48%,8.70%,False,False,False,False,False,13.25,92.98%
000001,平安银行,2018-12-31,248.18亿,7.02%,247.00亿,6.64%,1167.16亿,10.33%,1.3900,12.82,3.29,5.53,-3.34,21.26%,11.49%,10.88%,False,False,False,False,False,13.24,92.98%
000001,平安银行,2019-03-31,74.46亿,12.90%,74.22亿,13.23%,324.76亿,15.88%,0.3800,13.45,3.29,5.92,3.10,22.93%,2.91%,2.97%,False,False,False,False,False,13.07,92.89%
000001,平安银行,2019-06-30,154.03亿,15.19%,153.16亿,14.93%,678.29亿,18.50%,0.8500,13.78,3.29,6.24,1.54,22.71%,6.32%,6.14%,False,False,False,False,False,12.99,92.85%
000001,平安银行,2019-09-30,236.21亿,15.47%,235.27亿,15.63%,1029.58亿,18.80%,1.3200,13.82,4.16,5.94,4.35,22.94%,9.71%,8.20%,False,False,False,False,False,11.87,92.23%
000001,平安银行,2019-12-31,281.95亿,13.61%,280.86亿,13.71%,1379.58亿,18.20%,1.5400,14.07,4.16,5.84,-2.06,20.44%,11.30%,10.01%,False,False,False,False,False,11.59,92.05%
000001,平安银行,2020-03-31,85.48亿,14.80%,85.06亿,14.61%,379.26亿,16.78%,0.4000,14.55,4.16,6.24,0.93,22.54%,2.77%,2.43%,False,False,False,False,False,10.73,91.47%
000001,平安银行,2020-06-30,136.78亿,-11.20%,135.86亿,-11.30%,783.28亿,15.48%,0.6600,14.50,4.16,6.28,-1.32,17.46%,4.59%,4.55%,False,False,False,False,False,10.89,91.59%
000001,平安银行,2020-09-30,223.98亿,-5.18%,223.16亿,-5.15%,1165.64亿,13.22%,1.1100,14.88,4.16,6.73,1.58,19.22%,7.63%,6.24%,False,False,False,False,False,11.12,91.75%
000001,平安银行,2020-12-31,289.28亿,2.60%,288.40亿,2.68%,1535.42亿,11.30%,1.4000,15.16,4.16,6.76,-0.83,18.84%,9.58%,9.26%,False,False,False,False,False,11.27,91.85%
000001,平安银行,2021-03-31,101.32亿,18.53%,101.11亿,18.87%,417.88亿,10.18%,0.4200,15.60,4.16,7.18,-0.60,24.25%,2.72%,2.72%,False,False,False,False,False,11.27,91.85%
000001,平安银行,2021-06-30,175.83亿,28.55%,175.11亿,28.89%,846.80亿,8.11%,0.8000,15.83,4.16,7.38,-5.98,20.76%,5.17%,4.66%,False,False,False,False,False,11.52,92.01%
000001,平安银行,2021-09-30,291.35亿,30.08%,289.92亿,29.92%,1271.90亿,9.12%,1.4000,16.43,4.16,7.94,-6.48,22.91%,8.86%,7.49%,False,False,False,False,False,11.48,91.99%
000001,平安银行,2021-12-31,363.36亿,25.61%,362.30亿,25.62%,1693.83亿,10.32%,1.7300,16.77,4.16,7.96,-9.93,21.45%,10.85%,10.29%,False,False,False,False,False,11.45,91.96%
000001,平安银行,2022-03-31,128.50亿,26.83%,128.73亿,27.32%,462.07亿,10.57%,0.5600,17.33,4.16,8.49,7.58,27.81%,3.27%,3.16%,False,False,False,False,False,11.60,92.06%
000001,平安银行,2022-06-30,220.88亿,25.62%,220.42亿,25.88%,920.22亿,8.67%,1.0300,17.63,4.16,8.73,7.75,24.00%,5.97%,5.36%,False,False,False,False,False,11.40,91.93%
000001,平安银行,2022-09-30,366.59亿,25.82%,365.97亿,26.23%,1382.65亿,8.71%,1.7800,18.32,4.16,9.46,4.77,26.51%,10.15%,8.62%,False,False,False,False,False,11.21,91.81%
000001,平安银行,2022-12-31,455.16亿,25.26%,454.07亿,25.33%,1798.95亿,6.21%,2.2000,18.80,4.16,9.60,6.93,25.30%,12.36%,10.47%,False,False,False,False,False,11.24,91.83%
000001,平安银行,2023-03-31,146.02亿,13.63%,144.69亿,12.40%,450.98亿,-2.40%,0.6500,19.42,4.16,10.25,5.62,32.38%,3.39%,3.27%,False,False,False,False,False,11.21,91.81%
000001,平安银行,2023-06-30,253.87亿,14.94%,252.16亿,14.40%,886.10亿,-3.71%,1.2000,19.69,4.16,10.52,2.28,28.65%,6.22%,5.62%,False,False,False,False,False,11.17,91.78%
000001,平安银行,2023-09-30,396.35亿,8.12%,395.68亿,8.12%,1276.34亿,-7.69%,1.9400,20.40,4.16,11.25,5.97,31.05%,9.88%,8.51%,False,False,False,False,False,10.84,91.56%
000001,平安银行,2023-12-31,464.55亿,2.06%,464.31亿,2.26%,1646.99亿,-8.45%,2.2500,20.74,4.16,11.40,4.76,28.21%,11.38%,9.84%,False,False,False,False,False,10.83,91.55%
000001,平安银行,2024-03-31,149.32亿,2.26%,149.06亿,3.02%,387.70亿,-14.03%,0.6600,21.42,4.16,12.06,-1.10,38.51%,3.15%,3.08%,False,False,False,False,False,10.80,91.52%
000001,平安银行,2024-06-30,258.79亿,1.94%,258.80亿,2.63%,771.32亿,-12.95%,1.2300,21.23,4.16,11.90,5.86,33.55%,5.79%,5.37%,False,False,False,False,False,10.94,91.63%
000001,平安银行,2024-09-30,397.29亿,0.24%,397.48亿,0.45%,1115.82亿,-12.58%,1.9400,21.67,4.16,12.36,7.07,35.61%,9.10%,8.10%,False,False,False,False,False,10.72,91.46%
000001,平安银行,2024-12-31,445.08亿,-4.19%,448.38亿,-3.43%,1466.95亿,-10.93%,2.1500,21.89,4.16,12.55,3.26,30.34%,10.08%,8.99%,False,False,False,False,False,10.66,91.42%
000001,平安银行,2025-03-31,140.96亿,-5.60%,140.43亿,-5.79%,337.09亿,-13.05%,0.6200,22.48,4.16,13.17,8.40,41.82%,2.80%,2.79%,False,False,False,False,False,10.42,91.24%
000001,平安银行,2025-06-30,248.70亿,-3.90%,249.30亿,-3.67%,693.85亿,-10.04%,1.1800,22.68,4.16,13.36,9.00,35.84%,5.25%,4.88%,False,False,False,False,False,10.52,91.32%
000001,平安银行,2025-09-30,383.39亿,-3.50%,382.69亿,-3.72%,1006.68亿,-9.78%,1.8700,23.08,4.16,13.81,3.70,38.08%,8.28%,7.40%,False,False,False,False,False,10.13,91.02%
000001,平安银行,2025-12-31,426.33亿,-4.21%,426.24亿,-4.94%,1314.42亿,-10.40%,2.0700,23.25,4.16,13.95,16.28,32.43%,9.15%,7.73%,False,False,False,False,False,9.75,90.70%
000001,平安银行,2026-03-31,145.23亿,3.03%,144.88亿,3.17%,352.77亿,4.65%,0.6700,23.91,4.15,14.62,1.95,41.17%,2.83%,2.67%,False,False,False,False,False,10.09,90.98%
001227,兰州银行,2000-12-31,False,False,False,False,False,False,False,False,0.0013,-0.05,False,False,False,False,,,0.82,0.82,0.14,36.38,97.32%
001227,兰州银行,2008-12-31,1.08亿,False,False,False,20.89亿,False,False,False,0.0056,0.08,False,5.16%,False,False,,,1.17,1.15,0.12,19.69,95.17%
001227,兰州银行,2009-12-31,1.64亿,51.93%,False,False,7.81亿,-62.63%,False,False,0.07,0.12,False,20.97%,False,False,,,False,False,False,16.61,94.32%
001227,兰州银行,2010-12-31,3.34亿,104.23%,False,False,14.77亿,89.20%,False,False,0.21,0.13,False,22.64%,False,False,,,False,False,False,15.57,93.95%
001227,兰州银行,2011-06-30,4.55亿,False,False,False,9.31亿,False,False,False,0.21,0.34,False,49.57%,False,False,,,False,False,False,14.98,93.70%
001227,兰州银行,2011-12-31,6.50亿,94.36%,False,False,20.13亿,38.51%,False,False,0.21,0.35,False,32.39%,False,False,,,False,False,False,16.94,94.38%
001227,兰州银行,2012-06-30,8.95亿,96.88%,False,False,18.63亿,100.14%,False,False,0.21,0.53,False,48.22%,False,False,,,False,False,False,30.51,96.77%
001227,兰州银行,2012-12-31,12.85亿,97.65%,False,False,32.43亿,42.98%,0.5000,False,0.21,0.19,False,31.25%,False,False,,,False,False,False,20.31,95.31%
001227,兰州银行,2013-12-31,11.18亿,-13.00%,11.11亿,False,33.00亿,1.78%,0.3500,2.26,0.58,0.21,1.47,33.87%,22.44%,13.64%,,,False,False,False,14.33,93.48%
001227,兰州银行,2014-12-31,14.89亿,33.17%,15.06亿,35.51%,48.05亿,45.58%,0.3700,2.60,0.58,0.33,1.96,30.98%,17.01%,15.81%,,,False,False,False,15.48,93.93%
001227,兰州银行,2015-12-31,17.49亿,17.48%,16.17亿,7.39%,54.17亿,12.75%,0.4300,2.78,0.81,0.28,5.40,32.28%,17.06%,12.26%,,,False,False,False,13.42,93.06%
001227,兰州银行,2016-06-30,10.57亿,False,False,False,28.42亿,False,False,False,0.81,0.30,False,37.19%,False,False,,,False,False,False,13.24,92.98%
001227,兰州银行,2016-09-30,16.86亿,False,False,False,42.83亿,False,False,False,0.81,0.61,False,39.37%,False,False,,,False,False,False,14.55,93.57%
001227,兰州银行,2016-12-31,21.25亿,21.51%,21.32亿,31.88%,60.81亿,12.25%,0.4100,3.17,0.81,0.52,5.43,34.96%,13.93%,13.07%,,,False,False,False,14.82,93.61%
001227,兰州银行,2017-03-31,6.38亿,False,False,False,15.69亿,False,False,False,0.81,0.64,False,40.63%,False,False,,,False,False,False,14.30,93.47%
001227,兰州银行,2017-06-30,12.35亿,16.83%,False,False,32.65亿,14.88%,0.2400,False,0.81,0.76,False,38.09%,False,False,,,False,False,False,14.04,93.28%
001227,兰州银行,2017-12-31,23.61亿,11.11%,23.40亿,9.75%,65.77亿,8.17%,0.4600,3.63,0.81,0.90,-1.91,36.15%,13.54%,12.68%,,,False,False,False,13.54,93.05%
001227,兰州银行,2018-03-31,6.72亿,5.35%,False,False,15.58亿,-0.69%,False,False,0.81,0.90,False,43.10%,False,False,,,False,False,False,13.47,93.09%
001227,兰州银行,2018-06-30,13.07亿,5.87%,False,False,32.59亿,-0.19%,False,False,0.81,1.15,False,40.12%,False,False,,,False,False,False,12.29,92.48%
001227,兰州银行,2018-09-30,18.89亿,False,False,False,50.43亿,False,False,False,0.81,1.26,False,37.46%,False,False,,,False,False,False,12.88,92.79%
001227,兰州银行,2018-12-31,22.48亿,-4.80%,22.39亿,-4.35%,68.00亿,3.38%,0.4400,4.10,0.81,1.27,2.66,33.32%,11.34%,10.70%,,,False,False,False,13.45,93.01%
001227,兰州银行,2019-03-31,7.27亿,8.20%,False,False,18.67亿,19.78%,False,False,0.81,1.38,False,38.93%,False,False,,,False,False,False,13.46,93.08%
001227,兰州银行,2019-06-30,13.67亿,4.56%,False,False,40.78亿,25.15%,0.2700,False,0.81,1.35,False,34.30%,False,False,,,False,False,False,13.97,93.24%
001227,兰州银行,2019-09-30,19.20亿,1.63%,False,False,56.45亿,11.95%,False,False,0.81,1.46,False,34.01%,False,False,,,False,False,False,13.93,93.30%
001227,兰州银行,2019-12-31,14.64亿,-34.85%,10.98亿,-50.96%,76.18亿,12.03%,0.2900,4.19,0.81,1.28,-0.72,19.62%,7.07%,6.82%,,,False,False,False,14.68,93.55%
001227,兰州银行,2020-03-31,6.22亿,-14.43%,False,False,15.68亿,-16.03%,False,False,0.81,1.54,False,39.67%,False,False,,,False,False,False,13.38,93.04%
001227,兰州银行,2020-06-30,10.44亿,-23.60%,False,False,27.38亿,-32.85%,False,False,0.81,1.36,False,38.14%,False,False,,,False,False,False,15.18,93.82%
001227,兰州银行,2020-09-30,6.00亿,-68.73%,5.61亿,False,45.75亿,-18.95%,0.1200,4.25,0.81,1.43,0.47,13.93%,2.88%,2.75%,,,False,False,False,15.56,93.96%
001227,兰州银行,2020-12-31,14.93亿,1.96%,8.85亿,-19.39%,73.04亿,-4.12%,0.2912,4.32,0.81,1.37,-0.91,20.98%,6.86%,5.50%,,,False,False,False,12.33,92.43%
001227,兰州银行,2021-03-31,2.52亿,-59.42%,3.06亿,False,18.14亿,15.73%,0.0400,4.45,0.81,1.49,0.36,14.71%,0.86%,0.91%,,,False,False,False,12.45,92.56%
001227,兰州银行,2021-06-30,7.51亿,-28.12%,8.02亿,False,39.21亿,43.17%,0.1230,4.43,0.81,1.45,0.92,19.73%,2.80%,2.71%,,,False,False,False,13.29,92.93%
001227,兰州银行,2021-09-30,12.54亿,108.86%,13.15亿,134.40%,59.82亿,30.75%,0.2095,4.58,0.81,1.55,1.77,21.62%,4.70%,4.41%,,,False,False,False,13.07,92.82%
001227,兰州银行,2021-12-31,15.66亿,4.90%,16.06亿,81.45%,78.36亿,7.29%,0.2587,4.63,0.81,1.41,2.44,20.45%,5.76%,5.45%,,,False,False,False,12.93,92.75%
001227,兰州银行,2022-03-31,4.90亿,94.05%,5.28亿,72.73%,17.86亿,-1.58%,0.0780,4.58,0.98,1.36,-0.14,28.28%,1.70%,1.57%,,,False,False,False,12.26,92.39%
001227,兰州银行,2022-06-30,8.28亿,10.34%,8.75亿,9.13%,38.04亿,-2.99%,0.1265,4.55,0.98,1.32,1.20,22.32%,2.79%,2.69%,,,False,False,False,13.01,92.79%
001227,兰州银行,2022-09-30,13.46亿,7.36%,14.09亿,7.15%,56.85亿,-4.97%,0.2070,4.68,0.98,1.41,0.74,24.27%,4.51%,4.25%,,,False,False,False,12.79,92.68%
001227,兰州银行,2022-12-31,17.33亿,10.66%,17.86亿,11.24%,74.50亿,-4.92%,0.2643,4.67,0.98,1.32,1.63,23.80%,5.77%,5.48%,,,False,False,False,12.78,92.68%
001227,兰州银行,2023-03-31,5.41亿,10.45%,5.14亿,-2.56%,20.00亿,11.98%,0.0844,4.77,0.98,1.42,0.55,27.76%,1.79%,1.68%,,,False,False,False,13.37,92.98%
001227,兰州银行,2023-06-30,9.58亿,15.68%,8.85亿,1.06%,41.45亿,8.96%,0.1471,4.76,0.98,1.37,0.51,23.83%,3.11%,2.98%,,,False,False,False,13.35,92.96%
001227,兰州银行,2023-09-30,14.81亿,9.98%,14.11亿,0.16%,62.41亿,9.78%,0.2283,4.85,0.98,1.46,0.22,24.41%,4.82%,4.54%,,,False,False,False,13.05,92.82%
001227,兰州银行,2023-12-31,18.64亿,7.55%,17.96亿,0.55%,80.16亿,7.59%,0.2851,4.91,0.98,1.40,0.77,23.86%,5.98%,5.66%,,,False,False,False,12.75,92.66%
001227,兰州银行,2024-03-31,5.46亿,0.89%,5.41亿,5.13%,19.73亿,-1.33%,0.0853,5.07,0.98,1.50,-0.24,28.39%,1.71%,1.61%,,,False,False,False,12.66,92.61%
001227,兰州银行,2024-06-30,9.43亿,-1.53%,9.84亿,11.24%,39.95亿,-3.61%,0.1446,5.09,0.98,1.47,-0.13,24.30%,2.89%,2.78%,,,False,False,False,12.84,92.70%
001227,兰州银行,2024-09-30,14.95亿,0.95%,13.92亿,-1.37%,60.53亿,-3.02%,0.2308,5.16,0.98,1.57,-0.04,25.33%,4.61%,4.35%,,,False,False,False,12.98,92.79%
001227,兰州银行,2024-12-31,18.88亿,1.29%,18.06亿,0.56%,78.54亿,-2.02%,0.2893,5.36,0.98,1.48,2.60,24.73%,5.65%,5.31%,,,False,False,False,12.67,92.62%
001227,兰州银行,2025-03-31,5.59亿,2.36%,5.20亿,-3.76%,20.37亿,3.26%,0.0875,5.28,0.98,1.53,0.23,28.08%,1.65%,1.59%,,,False,False,False,13.03,92.81%
001227,兰州银行,2025-06-30,9.52亿,0.87%,8.96亿,-8.94%,39.21亿,-1.86%,0.1460,5.38,0.98,1.55,2.07,24.87%,2.73%,2.67%,,,False,False,False,13.29,92.93%
001227,兰州银行,2025-09-30,15.04亿,0.65%,14.25亿,2.39%,59.23亿,-2.14%,0.2270,5.34,0.98,1.64,2.48,26.05%,4.27%,3.72%,,,False,False,False,11.94,92.20%
001227,兰州银行,2025-12-31,18.65亿,-1.22%,18.41亿,1.96%,77.95亿,-0.75%,0.2853,5.34,0.98,1.53,4.70,24.51%,5.36%,5.27%,,,False,False,False,13.96,93.25%
001227,兰州银行,2026-03-31,5.32亿,-4.79%,6.27亿,20.45%,20.33亿,-0.20%,0.0934,5.40,0.98,1.57,-0.30,26.95%,1.74%,1.49%,,,False,False,False,14.09,93.30%
002142,宁波银行,2004-12-31,4.38亿,False,4.35亿,False,10.39亿,False,1.0400,4.16,-0.0015,-0.04,2.53,42.15%,301.01%,25.12%,,,,,,18.64,94.91%
002142,宁波银行,2005-12-31,4.72亿,7.75%,4.71亿,8.38%,12.31亿,18.41%,0.2600,1.22,0.0000,0.17,2.55,38.35%,24.08%,21.58%,,,,,,18.40,94.85%
002142,宁波银行,2006-06-30,2.72亿,False,False,False,7.23亿,False,0.1500,False,False,False,False,37.56%,False,False,,,,,,False,False
002142,宁波银行,2006-09-30,4.43亿,False,False,False,11.57亿,False,0.2400,False,False,False,False,38.30%,False,False,,,,,,False,False
002142,宁波银行,2006-12-31,6.32亿,33.93%,6.48亿,37.65%,16.01亿,30.09%,0.3300,1.66,0.16,0.29,0.07,39.49%,23.79%,19.78%,,,,,,16.69,94.35%
002142,宁波银行,2007-03-31,2.13亿,False,False,False,4.86亿,False,0.1000,False,False,False,False,43.92%,False,False,,,,,,False,False
002142,宁波银行,2007-06-30,3.83亿,40.93%,3.81亿,False,9.98亿,38.08%,0.1900,1.65,0.16,0.37,1.81,38.34%,11.53%,11.35%,,,,,,18.84,94.96%
002142,宁波银行,2007-09-30,6.38亿,43.93%,6.36亿,False,15.73亿,35.95%,0.3000,3.06,1.57,0.41,1.13,40.55%,False,8.33%,,,,,,8.59,89.57%
002142,宁波银行,2007-12-31,9.51亿,50.47%,9.50亿,46.51%,22.44亿,40.17%,0.4300,3.21,1.59,0.50,2.25,42.39%,18.15%,11.86%,,,,,,8.41,89.38%
002142,宁波银行,2008-03-31,3.38亿,58.29%,3.37亿,False,8.04亿,65.53%,0.1350,3.33,1.57,0.63,-0.76,42.00%,False,4.06%,,,,,,8.92,89.92%
002142,宁波银行,2008-06-30,7.30亿,90.59%,7.33亿,92.24%,16.06亿,60.82%,0.2900,3.28,1.57,0.46,0.28,45.44%,8.81%,8.89%,,,,,,9.76,90.71%
002142,宁波银行,2008-09-30,11.27亿,76.60%,11.31亿,77.67%,24.90亿,58.27%,0.4500,3.44,1.57,0.62,3.55,45.25%,0.0000%,13.10%,,,,,,10.78,91.51%
002142,宁波银行,2008-12-31,13.32亿,40.02%,13.53亿,42.37%,34.04亿,51.70%,0.5300,3.52,1.57,0.65,2.37,39.13%,15.91%,15.12%,,,,,,10.73,91.47%
002142,宁波银行,2009-03-31,3.54亿,4.82%,2.75亿,-18.50%,9.55亿,18.82%,0.1400,3.65,1.56,0.79,2.47,37.05%,0.0000%,3.87%,,,,,,12.01,92.32%
002142,宁波银行,2009-06-30,7.06亿,-3.22%,6.26亿,-14.60%,18.50亿,15.20%,0.2800,3.60,1.57,0.66,0.34,38.17%,7.78%,7.84%,,,,,,13.42,93.06%
002142,宁波银行,2009-09-30,11.03亿,-2.08%,10.24亿,-9.47%,28.63亿,14.96%,0.4400,3.76,1.56,0.82,1.36,38.54%,0.0000%,11.75%,,,,,,14.39,93.50%
002142,宁波银行,2009-12-31,14.57亿,9.44%,13.57亿,0.32%,41.76亿,22.67%,0.5800,3.90,1.56,0.91,6.62,34.90%,15.79%,14.96%,,,,,,15.77,94.04%
002142,宁波银行,2010-03-31,4.98亿,40.74%,4.93亿,79.24%,13.26亿,38.83%,0.2000,4.10,1.57,1.10,-2.56,37.56%,False,4.86%,,,,,,16.79,94.38%
002142,宁波银行,2010-06-30,12.63亿,78.80%,11.40亿,82.30%,26.97亿,45.78%,0.5100,4.21,1.57,1.05,0.25,46.82%,12.25%,11.98%,,,,,,18.91,94.98%
002142,宁波银行,2010-09-30,18.78亿,70.20%,17.57亿,71.61%,41.55亿,45.13%,0.7500,4.46,1.57,1.29,-1.65,45.20%,17.94%,16.85%,,,,,,20.09,95.26%
002142,宁波银行,2010-12-31,23.22亿,59.32%,21.88亿,61.26%,59.12亿,41.59%,0.9100,5.51,2.71,1.19,19.14,39.28%,20.53%,14.63%,,,,,,15.58,93.97%
002142,宁波银行,2011-03-31,8.15亿,63.63%,6.72亿,36.34%,16.91亿,27.50%,0.2800,5.79,2.72,1.48,-14.95,48.20%,False,4.88%,,,,,,15.25,93.85%
002142,宁波银行,2011-06-30,16.55亿,31.09%,14.57亿,27.71%,36.36亿,34.84%,0.5700,5.87,2.71,1.47,-2.45,45.52%,9.97%,9.77%,,,,,,14.49,93.55%
002142,宁波银行,2011-09-30,25.57亿,36.15%,23.60亿,34.37%,57.06亿,37.35%,0.8900,6.19,2.71,1.78,7.46,44.80%,False,14.33%,,,,,,12.08,92.35%
002142,宁波银行,2011-12-31,32.54亿,40.12%,30.70亿,40.28%,79.66亿,34.75%,1.1300,6.49,2.77,1.91,-8.40,40.84%,18.81%,17.39%,,,,,,12.92,92.82%
002142,宁波银行,2012-03-31,10.34亿,26.83%,10.32亿,53.48%,24.03亿,42.09%,0.3600,6.84,2.76,2.27,-3.09,43.02%,False,5.24%,,,,,,12.46,92.57%
002142,宁波银行,2012-06-30,21.58亿,30.38%,21.56亿,48.05%,49.62亿,36.46%,0.7500,7.06,2.80,2.37,-2.12,43.49%,10.93%,10.59%,,,,,,12.63,92.66%
002142,宁波银行,2012-09-30,33.35亿,30.43%,33.33亿,41.22%,76.25亿,33.63%,1.1600,7.42,2.75,2.78,5.74,43.73%,16.62%,15.58%,,,,,,14.83,93.68%
002142,宁波银行,2012-12-31,40.68亿,25.04%,40.33亿,31.38%,103.42亿,29.82%,1.4100,7.67,2.74,2.89,16.70,39.34%,19.97%,18.39%,,,,,,15.89,94.08%
002142,宁波银行,2013-03-31,12.70亿,22.82%,12.65亿,22.62%,29.37亿,22.25%,0.4400,8.11,2.74,3.33,11.89,43.22%,5.58%,5.43%,,,,,,17.03,94.46%
002142,宁波银行,2013-06-30,26.08亿,20.84%,26.13亿,21.17%,61.24亿,23.41%,0.9000,8.55,2.72,3.33,12.68,42.58%,11.15%,10.57%,,,,,,17.00,94.44%
002142,宁波银行,2013-09-30,39.44亿,18.27%,39.58亿,18.74%,92.77亿,21.66%,1.3700,8.68,2.63,3.54,13.25,42.51%,16.59%,15.76%,,,,,,17.08,94.47%
002142,宁波银行,2013-12-31,48.47亿,19.15%,48.52亿,20.32%,127.61亿,23.40%,1.6800,8.84,2.48,3.69,13.43,37.98%,20.41%,19.00%,,,,,,17.34,94.54%
002142,宁波银行,2014-03-31,15.02亿,18.32%,15.03亿,18.84%,35.30亿,20.17%,0.5200,9.48,2.60,4.21,9.44,42.55%,5.68%,5.49%,,,,,,18.45,94.86%
002142,宁波银行,2014-06-30,30.86亿,18.35%,30.96亿,18.48%,72.94亿,19.12%,0.8900,10.13,2.70,4.34,15.46,42.31%,11.28%,10.57%,,,,,,16.95,94.43%
002142,宁波银行,2014-09-30,45.84亿,16.24%,46.01亿,16.25%,110.86亿,19.50%,1.3300,10.05,3.26,3.96,16.64,41.37%,16.60%,14.04%,,,,,,15.47,93.92%
002142,宁波银行,2014-12-31,56.27亿,16.10%,56.45亿,16.35%,153.57亿,20.34%,1.8900,10.49,3.26,4.11,7.01,36.69%,19.45%,16.51%,,,,,,15.25,93.83%
002142,宁波银行,2015-03-31,17.52亿,16.61%,17.53亿,16.62%,44.02亿,24.70%,0.4500,11.04,3.26,4.65,0.18,39.99%,5.01%,4.88%,,,,,,15.96,94.09%
002142,宁波银行,2015-06-30,35.52亿,15.09%,35.52亿,14.74%,90.07亿,23.49%,0.9100,9.75,3.26,4.89,9.82,39.61%,9.85%,9.34%,,,,,,16.29,94.20%
002142,宁波银行,2015-09-30,53.21亿,16.06%,53.23亿,15.69%,141.24亿,27.40%,1.3600,9.84,2.55,4.16,-1.26,37.84%,14.65%,13.86%,,,,,,16.15,94.16%
002142,宁波银行,2015-12-31,65.44亿,16.29%,65.07亿,15.26%,195.16亿,27.09%,1.6800,10.30,2.55,4.30,5.02,33.65%,17.68%,16.29%,,,,,,14.92,93.71%
002142,宁波银行,2016-03-31,20.30亿,15.90%,20.32亿,15.92%,60.76亿,38.04%,0.5200,10.87,2.55,4.82,20.84,33.47%,4.92%,4.79%,,,,,,16.24,94.19%
002142,宁波银行,2016-06-30,41.39亿,16.53%,41.35亿,16.40%,120.46亿,33.73%,0.8200,11.34,2.55,4.97,23.74,34.42%,9.81%,9.36%,,,,,,15.99,94.10%
002142,宁波银行,2016-09-30,63.43亿,19.22%,63.48亿,19.25%,179.40亿,27.01%,1.2500,11.65,2.55,5.09,21.91,35.42%,14.79%,13.96%,,,,,,15.67,93.99%
002142,宁波银行,2016-12-31,78.10亿,19.35%,78.12亿,20.07%,236.45亿,21.16%,1.5000,11.66,2.55,5.18,28.06,33.08%,17.74%,16.69%,,,,,,16.60,94.31%
002142,宁波银行,2017-03-31,23.59亿,16.20%,23.70亿,16.63%,64.33亿,5.89%,0.4600,12.00,2.55,5.79,3.00,36.71%,5.12%,5.04%,,,,,,16.82,94.38%
002142,宁波银行,2017-06-30,47.65亿,15.14%,47.74亿,15.45%,123.16亿,2.24%,0.9400,9.55,2.55,6.11,-3.99,38.77%,10.15%,9.84%,,,,,,16.61,94.31%
002142,宁波银行,2017-09-30,73.68亿,16.15%,73.87亿,16.37%,186.02亿,3.54%,1.4500,9.69,1.73,4.94,-3.84,39.75%,15.56%,15.01%,,,,,,16.67,94.33%
002142,宁波银行,2017-12-31,93.34亿,19.50%,93.50亿,19.68%,253.14亿,7.06%,1.8000,10.31,1.73,5.10,3.55,36.96%,19.02%,17.43%,,,,,,17.08,94.46%
002142,宁波银行,2018-03-31,28.22亿,19.61%,27.64亿,16.61%,65.81亿,2.30%,0.5600,10.96,1.73,5.66,0.15,43.02%,5.42%,5.08%,,,,,,16.68,94.32%
002142,宁波银行,2018-06-30,57.01亿,19.64%,56.51亿,18.39%,135.22亿,9.79%,1.1200,11.73,1.73,5.98,-7.52,42.30%,10.21%,8.87%,,,,,,15.74,94.00%
002142,宁波银行,2018-09-30,89.24亿,21.12%,88.58亿,19.92%,212.29亿,14.12%,1.7600,12.05,2.15,6.05,-12.74,42.17%,15.77%,13.20%,,,,,,15.06,93.74%
002142,宁波银行,2018-12-31,111.86亿,19.85%,111.37亿,19.10%,289.30亿,14.28%,2.1500,12.68,2.15,6.23,-9.79,38.79%,18.72%,16.59%,,,,,,12.80,92.72%
002142,宁波银行,2019-03-31,33.88亿,20.06%,33.88亿,22.60%,81.24亿,23.43%,0.6500,13.71,2.15,6.98,-7.49,42.10%,4.91%,4.75%,,,,,,12.46,92.54%
002142,宁波银行,2019-06-30,68.43亿,20.03%,68.35亿,20.94%,161.92亿,19.74%,1.3100,14.28,2.64,7.09,1.60,42.55%,9.68%,7.48%,,,,,,12.17,92.37%
002142,宁波银行,2019-09-30,107.12亿,20.04%,107.16亿,20.98%,255.53亿,20.37%,2.0200,14.67,3.34,7.07,4.42,42.17%,19.30%,11.00%,,,,,,11.73,92.11%
002142,宁波银行,2019-12-31,137.15亿,22.60%,137.44亿,23.42%,350.82亿,21.26%,2.4100,15.19,3.34,7.23,7.17,39.31%,17.10%,15.16%,,,,,,12.13,92.36%
002142,宁波银行,2020-03-31,40.02亿,18.12%,40.04亿,18.18%,108.59亿,33.68%,0.7100,16.20,3.34,7.94,10.58,36.98%,4.53%,4.39%,,,,,,12.57,92.60%
002142,宁波银行,2020-06-30,78.43亿,14.61%,78.37亿,14.67%,199.81亿,23.40%,1.3600,16.99,4.39,7.64,16.46,39.51%,8.74%,6.71%,,,,,,11.92,92.23%
002142,宁波银行,2020-09-30,112.71亿,5.22%,112.71亿,5.18%,302.61亿,18.42%,1.9300,16.72,4.39,7.71,6.30,37.55%,12.28%,9.78%,,,,,,12.37,92.49%
002142,宁波银行,2020-12-31,150.50亿,9.73%,149.92亿,9.08%,411.11亿,17.19%,2.4300,17.26,4.39,7.98,10.12,36.82%,14.90%,13.79%,,,,,,12.73,92.69%
002142,宁波银行,2021-03-31,47.35亿,18.32%,47.21亿,17.90%,132.26亿,21.80%,0.7900,18.05,4.39,8.76,1.31,35.83%,4.47%,4.37%,,,,,,12.98,92.82%
002142,宁波银行,2021-06-30,95.19亿,21.37%,94.98亿,21.19%,250.19亿,25.21%,1.5800,18.98,4.39,9.05,1.05,38.21%,8.75%,7.39%,,,,,,13.23,92.94%
002142,宁波银行,2021-09-30,143.07亿,26.94%,142.77亿,26.67%,388.78亿,28.48%,2.3800,19.58,4.39,9.33,-4.06,36.90%,12.92%,10.80%,,,,,,13.40,93.03%
002142,宁波银行,2021-12-31,195.46亿,29.87%,195.11亿,30.14%,527.74亿,28.37%,3.1300,20.38,5.71,8.89,-6.75,37.16%,16.63%,13.96%,,,,,,12.49,92.56%
002142,宁波银行,2022-03-31,57.20亿,20.80%,57.26亿,21.29%,152.63亿,15.40%,0.8700,21.28,5.71,9.71,22.87,37.46%,4.16%,3.68%,,,,,,13.28,92.97%
002142,宁波银行,2022-06-30,112.68亿,18.37%,112.79亿,18.75%,294.12亿,17.56%,1.7100,22.16,5.71,10.00,15.62,38.35%,8.02%,6.99%,,,,,,12.89,92.76%
002142,宁波银行,2022-09-30,171.91亿,20.16%,172.26亿,20.66%,447.92亿,15.21%,2.6000,22.74,5.70,10.39,5.83,38.44%,12.06%,10.42%,,,,,,13.03,92.84%
002142,宁波银行,2022-12-31,230.75亿,18.05%,231.43亿,18.62%,578.79亿,9.67%,3.3800,23.14,5.70,10.83,14.35,39.97%,15.56%,14.60%,,,,,,13.11,92.88%
002142,宁波银行,2023-03-31,65.98亿,15.35%,64.07亿,11.89%,165.53亿,8.45%,1.0000,24.16,5.70,11.82,22.16,39.98%,4.23%,3.78%,,,,,,13.48,93.06%
002142,宁波银行,2023-06-30,129.47亿,14.90%,127.68亿,13.20%,321.44亿,9.29%,1.9600,25.41,5.70,12.32,8.83,40.41%,8.08%,7.09%,,,,,,13.23,92.94%
002142,宁波银行,2023-09-30,193.49亿,12.55%,191.89亿,11.40%,472.35亿,5.45%,2.9300,25.81,5.70,12.77,22.56,41.08%,11.96%,9.91%,,,,,,12.67,92.65%
002142,宁波银行,2023-12-31,255.35亿,10.66%,254.26亿,9.86%,615.85亿,6.40%,3.7500,26.71,5.70,13.20,26.25,41.58%,15.08%,14.05%,,,,,,12.47,92.54%
002142,宁波银行,2024-03-31,70.13亿,6.29%,70.53亿,10.08%,175.09亿,5.78%,1.0600,28.07,5.70,14.19,14.45,40.17%,3.88%,3.34%,,,,,,12.74,92.69%
002142,宁波银行,2024-06-30,136.49亿,5.42%,137.15亿,7.42%,344.37亿,7.13%,2.0700,29.37,5.70,14.66,19.98,39.76%,7.37%,6.24%,,,,,,12.86,92.75%
002142,宁波银行,2024-09-30,207.07亿,7.02%,207.87亿,8.33%,507.53亿,7.45%,3.0800,29.89,5.70,15.05,18.93,40.93%,10.88%,9.32%,,,,,,12.80,92.72%
002142,宁波银行,2024-12-31,271.27亿,6.23%,273.02亿,7.38%,666.31亿,8.19%,3.9500,31.55,5.70,15.56,12.87,40.85%,13.59%,12.53%,,,,,,12.40,92.50%
002142,宁波银行,2025-03-31,74.17亿,5.76%,74.33亿,5.39%,184.95亿,5.63%,1.1200,31.83,5.70,16.63,14.09,40.31%,3.55%,3.16%,,,,,,13.45,93.05%
002142,宁波银行,2025-06-30,147.72亿,8.23%,147.65亿,7.66%,371.60亿,7.91%,2.2400,33.31,5.70,17.11,25.45,39.93%,6.90%,6.03%,,,,,,13.17,92.91%
002142,宁波银行,2025-09-30,224.45亿,8.39%,224.95亿,8.22%,549.76亿,8.32%,3.3500,32.99,5.70,17.30,33.68,41.07%,10.36%,8.88%,,,,,,13.16,92.90%
002142,宁波银行,2025-12-31,293.33亿,8.13%,294.34亿,7.81%,719.69亿,8.01%,4.2900,33.69,5.69,17.56,35.66,41.03%,13.11%,12.72%,,,,,,13.67,93.15%
002142,宁波银行,2026-03-31,81.81亿,10.30%,81.88亿,10.16%,203.84亿,10.21%,1.2400,35.21,5.69,18.72,9.06,40.57%,3.60%,3.18%,,,,,,13.99,93.30%
002807,江阴银行,2008-12-31,5.99亿,False,False,False,13.62亿,False,0.9600,False,-0.0024,0.86,False,43.93%,False,False,,,,,,14.09,93.23%
002807,江阴银行,2009-12-31,6.26亿,4.59%,False,False,12.79亿,-6.09%,False,False,0.0058,1.23,False,49.06%,False,False,,,,,,14.51,93.44%
002807,江阴银行,2010-12-31,8.55亿,36.51%,False,False,16.67亿,30.34%,False,False,-0.04,1.00,False,51.64%,False,False,,,,,,14.59,93.27%
002807,江阴银行,2011-12-31,8.84亿,3.49%,8.74亿,False,19.26亿,15.54%,0.7806,3.73,0.0025,1.24,-3.25,46.73%,23.44%,20.94%,,,,,,12.28,92.16%
002807,江阴银行,2012-12-31,9.81亿,10.92%,9.75亿,11.59%,23.65亿,22.84%,0.7871,4.25,False,1.46,11.63,42.26%,21.90%,20.35%,,,,,,14.18,93.11%
002807,江阴银行,2013-12-31,10.00亿,1.90%,9.78亿,0.28%,22.89亿,-3.24%,0.6417,4.37,False,1.51,-2.04,44.88%,19.64%,18.35%,,,,,,12.91,92.49%
002807,江阴银行,2014-12-31,8.18亿,-18.18%,7.47亿,-23.55%,23.62亿,3.22%,0.5250,5.02,False,1.42,3.22,36.04%,14.12%,13.07%,,,,,,12.31,92.17%
002807,江阴银行,2015-03-31,1.99亿,False,1.96亿,False,6.00亿,False,0.1276,False,False,False,False,34.23%,3.15%,False,,,,,,False,False
002807,江阴银行,2015-06-30,3.72亿,False,3.69亿,False,12.32亿,False,0.2389,4.21,False,1.12,-0.45,31.98%,5.98%,5.83%,,,,,,11.61,91.74%
002807,江阴银行,2015-09-30,5.46亿,False,False,False,18.65亿,False,0.3503,False,False,False,False,29.75%,False,False,,,,,,False,False
002807,江阴银行,2015-12-31,8.14亿,-0.42%,8.06亿,7.87%,25.04亿,6.02%,0.5228,4.64,False,1.35,5.70,32.54%,12.13%,11.26%,,,,,,11.47,91.70%
002807,江阴银行,2016-03-31,1.77亿,-11.09%,1.66亿,-15.34%,6.01亿,0.07%,0.1135,4.74,False,1.27,2.09,29.47%,2.42%,2.39%,,,,,,11.70,91.85%
002807,江阴银行,2016-06-30,3.62亿,-2.80%,3.51亿,-4.94%,11.84亿,-3.91%,0.2322,4.85,False,1.39,1.37,30.53%,4.89%,4.79%,,,,,,11.61,91.81%
002807,江阴银行,2016-09-30,5.10亿,-6.51%,4.99亿,False,18.47亿,-0.97%,0.3227,4.86,0.40,1.31,3.46,28.00%,6.75%,5.94%,,,,,,10.99,91.41%
002807,江阴银行,2016-12-31,7.78亿,-4.49%,7.67亿,-4.92%,24.69亿,-1.39%,0.4779,4.95,0.40,1.41,8.10,31.08%,9.92%,8.89%,,,,,,10.86,91.34%
002807,江阴银行,2017-03-31,1.75亿,-1.16%,1.74亿,5.06%,5.52亿,-8.34%,0.0989,5.00,0.40,1.51,0.17,32.41%,1.99%,1.98%,,,,,,10.78,91.28%
002807,江阴银行,2017-06-30,3.52亿,-2.57%,3.52亿,0.45%,11.75亿,-0.75%,0.1994,4.91,0.40,1.32,0.53,28.99%,4.04%,4.06%,,,,,,11.03,91.47%
002807,江阴银行,2017-09-30,5.12亿,0.40%,4.95亿,-0.83%,17.78亿,-3.73%,0.2899,5.02,0.40,1.41,1.71,28.15%,5.84%,5.77%,,,,,,11.06,91.50%
002807,江阴银行,2017-12-31,8.08亿,3.92%,8.41亿,9.66%,25.07亿,1.53%,0.4574,5.18,0.40,1.53,1.15,30.24%,9.10%,8.84%,,,,,,10.94,91.45%
002807,江阴银行,2018-03-31,1.83亿,4.74%,1.83亿,4.88%,6.24亿,12.95%,0.1036,5.30,0.40,1.63,0.14,29.93%,1.98%,1.87%,,,,,,10.51,91.14%
002807,江阴银行,2018-06-30,3.67亿,4.27%,4.02亿,14.09%,13.96亿,18.84%,0.1733,5.31,0.40,1.44,-4.04,23.38%,3.94%,3.75%,,,,,,10.30,91.02%
002807,江阴银行,2018-09-30,5.40亿,5.38%,5.75亿,16.11%,22.89亿,28.72%,0.2546,5.41,0.40,1.54,-5.36,20.43%,5.76%,5.41%,,,,,,10.40,91.13%
002807,江阴银行,2018-12-31,8.57亿,6.05%,8.98亿,6.86%,31.86亿,27.09%,0.4043,5.72,0.40,1.66,-6.73,24.49%,8.92%,8.15%,,,,,,9.91,90.74%
002807,江阴银行,2019-03-31,1.94亿,5.93%,1.94亿,5.95%,8.81亿,41.15%,0.0914,5.86,0.51,1.71,0.20,22.07%,1.82%,1.77%,,,,,,10.02,90.84%
002807,江阴银行,2019-06-30,4.02亿,9.29%,4.05亿,0.86%,16.47亿,17.94%,0.1874,4.94,0.43,1.15,2.66,23.59%,3.72%,3.62%,,,,,,10.30,91.07%
002807,江阴银行,2019-09-30,6.37亿,17.94%,6.45亿,12.10%,25.84亿,12.89%,0.2957,5.05,0.43,1.26,2.09,24.71%,5.84%,5.62%,,,,,,9.72,90.58%
002807,江阴银行,2019-12-31,10.13亿,18.12%,10.26亿,14.26%,34.04亿,6.86%,0.4971,5.25,0.43,1.39,5.28,29.72%,9.10%,8.61%,,,,,,9.74,90.60%
002807,江阴银行,2020-03-31,2.10亿,8.36%,2.11亿,8.83%,8.51亿,-3.35%,0.0967,5.35,0.43,1.48,-0.41,24.74%,1.77%,1.75%,,,,,,9.98,90.81%
002807,江阴银行,2020-06-30,4.08亿,1.54%,4.12亿,1.74%,16.49亿,0.16%,0.1878,5.19,0.43,1.21,-0.48,24.52%,3.43%,3.50%,,,,,,10.48,91.21%
002807,江阴银行,2020-09-30,6.48亿,1.83%,6.48亿,0.49%,25.00亿,-3.28%,0.2985,5.24,0.43,1.32,-0.34,25.85%,5.43%,5.52%,,,,,,10.50,91.23%
002807,江阴银行,2020-12-31,10.57亿,4.36%,10.37亿,1.05%,33.51亿,-1.56%,0.4866,5.42,0.43,1.46,1.54,31.93%,8.85%,8.71%,,,,,,10.76,91.41%
002807,江阴银行,2021-03-31,2.28亿,8.61%,2.30亿,8.91%,8.15亿,-4.29%,0.1050,5.51,0.43,1.57,1.81,27.38%,1.87%,1.85%,,,,,,10.68,91.36%
002807,江阴银行,2021-06-30,4.71亿,15.40%,4.80亿,16.36%,16.16亿,-1.99%,0.2167,5.47,0.43,1.32,-0.42,29.24%,3.82%,3.85%,,,,,,10.95,91.55%
002807,江阴银行,2021-09-30,7.49亿,15.55%,7.62亿,17.57%,24.33亿,-2.67%,0.3449,5.57,0.43,1.45,-1.20,30.93%,6.08%,6.01%,,,,,,10.66,91.34%
002807,江阴银行,2021-12-31,12.74亿,20.51%,12.66亿,22.03%,33.67亿,0.46%,0.5864,5.83,0.43,1.63,1.88,38.16%,10.15%,9.78%,,,,,,10.75,91.40%
002807,江阴银行,2022-03-31,2.75亿,20.56%,2.66亿,15.92%,9.96亿,22.25%,0.1266,5.93,0.43,1.76,-0.0040,27.62%,2.09%,2.08%,,,,,,10.91,91.52%
002807,江阴银行,2022-06-30,5.75亿,22.10%,5.52亿,15.11%,20.36亿,25.96%,0.2646,5.90,0.43,1.48,0.22,28.18%,4.34%,4.36%,,,,,,11.15,91.69%
002807,江阴银行,2022-09-30,9.17亿,22.38%,8.89亿,16.69%,29.65亿,21.88%,0.4221,6.10,0.43,1.64,0.18,30.91%,6.87%,6.74%,,,,,,11.00,91.59%
002807,江阴银行,2022-12-31,16.16亿,26.88%,15.76亿,24.54%,37.80亿,12.27%,0.7440,6.41,0.43,1.89,0.18,42.78%,11.87%,11.32%,,,,,,10.81,91.46%
002807,江阴银行,2023-03-31,3.10亿,12.78%,3.04亿,14.17%,10.36亿,4.03%,0.1428,6.56,0.43,2.03,-0.15,29.97%,2.15%,2.12%,,,,,,11.05,91.63%
002807,江阴银行,2023-06-30,6.56亿,14.23%,5.65亿,2.19%,20.61亿,1.25%,0.3022,6.56,0.43,1.71,-1.90,35.49%,4.48%,4.49%,,,,,,11.03,91.58%
002807,江阴银行,2023-09-30,10.56亿,15.15%,9.55亿,7.46%,29.78亿,0.44%,0.4861,6.73,0.43,1.90,-1.57,37.99%,7.19%,7.05%,,,,,,10.72,91.36%
002807,江阴银行,2023-12-31,18.88亿,16.83%,17.50亿,11.01%,38.65亿,2.25%,0.8693,7.10,0.42,2.20,-0.18,52.26%,12.55%,11.96%,,,,,,10.76,91.36%
002807,江阴银行,2024-03-31,3.50亿,12.72%,3.37亿,10.66%,10.63亿,2.56%,0.1479,7.03,0.87,2.08,-1.88,33.07%,2.09%,2.02%,,,,,,9.75,90.56%
002807,江阴银行,2024-06-30,7.25亿,10.50%,6.82亿,20.82%,21.74亿,5.46%,0.3006,7.01,0.87,1.62,-0.33,33.46%,4.25%,4.21%,,,,,,9.81,90.61%
002807,江阴银行,2024-09-30,11.28亿,6.79%,10.70亿,11.99%,30.18亿,1.33%,0.4641,7.16,0.87,1.78,1.56,37.31%,6.56%,6.40%,,,,,,9.58,90.41%
002807,江阴银行,2024-12-31,20.37亿,7.88%,19.78亿,13.04%,39.62亿,2.51%,0.8357,7.55,0.87,2.07,1.50,51.04%,11.55%,10.96%,,,,,,9.76,90.58%
002807,江阴银行,2025-03-31,3.57亿,2.22%,3.55亿,5.38%,11.27亿,6.00%,0.1452,7.67,0.87,2.21,1.14,31.28%,1.91%,1.89%,,,,,,9.96,90.76%
002807,江阴银行,2025-06-30,8.46亿,16.63%,8.27亿,21.26%,24.01亿,10.45%,0.3437,7.70,0.87,1.68,-2.38,34.59%,4.49%,4.46%,,,,,,9.94,90.75%
002807,江阴银行,2025-09-30,12.78亿,13.38%,12.29亿,14.94%,32.04亿,6.17%,0.5194,7.78,0.87,1.86,-1.39,39.26%,6.79%,6.68%,,,,,,9.85,90.68%
002807,江阴银行,2025-12-31,20.49亿,0.62%,20.03亿,1.25%,41.25亿,4.11%,0.8326,7.96,0.87,1.99,-0.97,49.05%,10.71%,10.46%,,,,,,10.18,90.96%
002807,江阴银行,2026-03-31,3.66亿,2.50%,3.62亿,2.22%,12.19亿,8.18%,0.1489,8.11,0.87,2.14,-0.65,29.48%,1.85%,1.84%,,,,,,10.13,90.96%
002839,张家港行,2005-12-31,3.07亿,False,False,False,5.31亿,False,0.8600,False,0.09,0.18,False,57.87%,False,False,,,,,,16.17,94.17%
002839,张家港行,2006-12-31,3.12亿,1.55%,False,False,6.21亿,16.92%,0.8100,False,0.07,0.58,False,50.26%,False,False,,,,,,14.88,93.70%
002839,张家港行,2007-12-31,4.68亿,49.84%,False,False,7.96亿,28.08%,1.0000,False,1.58,0.93,False,58.80%,False,False,,,,,,9.00,90.00%
002839,张家港行,2008-12-31,5.01亿,7.13%,False,False,9.40亿,18.13%,0.9200,False,1.59,1.04,False,53.24%,False,False,,,,,,8.47,89.29%
002839,张家港行,2009-12-31,5.19亿,3.54%,False,False,9.90亿,5.29%,0.9600,False,1.63,1.13,False,52.43%,False,False,,,,,,9.12,90.00%
002839,张家港行,2010-12-31,6.80亿,30.96%,False,False,13.49亿,36.27%,0.4200,False,1.60,1.34,False,50.78%,False,False,,,,,,13.20,92.87%
002839,张家港行,2011-12-31,9.09亿,33.72%,9.06亿,False,18.47亿,36.89%,0.5600,4.11,0.31,0.87,5.16,49.97%,21.81%,20.38%,,,,,,14.74,93.56%
002839,张家港行,2012-12-31,9.78亿,7.61%,9.58亿,5.78%,20.90亿,13.29%,0.6000,3.08,0.20,0.23,1.48,48.57%,19.98%,19.74%,,,,,,13.23,92.85%
002839,张家港行,2013-12-31,10.03亿,2.51%,9.53亿,-0.50%,22.16亿,6.03%,0.6200,3.36,0.19,0.23,-3.33,46.58%,18.48%,18.32%,,,,,,12.24,92.29%
002839,张家港行,2014-12-31,7.31亿,-27.09%,6.73亿,-29.39%,23.64亿,6.69%,0.4500,3.90,0.19,0.41,-2.14,30.51%,12.38%,11.53%,,,,,,10.33,91.03%
002839,张家港行,2015-09-30,5.38亿,False,4.34亿,False,17.96亿,False,False,False,False,False,2.85,30.53%,False,False,,,,,,False,False
002839,张家港行,2015-12-31,6.73亿,-7.93%,5.40亿,-19.86%,24.06亿,1.77%,0.4100,4.32,0.19,0.45,4.86,28.31%,9.92%,9.58%,,,,,,10.70,91.33%
002839,张家港行,2016-03-31,1.92亿,False,1.91亿,False,6.43亿,False,0.1200,False,False,False,1.65,30.31%,2.72%,2.72%,,,,,,False,False
002839,张家港行,2016-06-30,3.33亿,False,2.26亿,False,11.92亿,False,0.2000,4.37,0.19,0.56,3.01,28.54%,4.73%,4.69%,,,,,,11.27,91.72%
002839,张家港行,2016-09-30,5.16亿,-4.09%,3.21亿,-25.99%,17.57亿,-2.14%,0.3200,False,False,False,2.85,29.86%,False,False,,,,,,False,91.48%
002839,张家港行,2016-12-31,6.89亿,2.45%,6.75亿,25.06%,24.39亿,0.98%,0.4200,4.50,0.19,0.72,3.85,28.64%,9.68%,9.41%,,,,,,11.29,91.74%
002839,张家港行,2017-03-31,2.04亿,6.12%,2.02亿,5.93%,6.03亿,-6.16%,0.1200,4.52,0.48,0.76,-0.52,33.86%,2.58%,2.49%,,,,,,10.20,90.95%
002839,张家港行,2017-06-30,3.52亿,5.56%,3.50亿,55.01%,12.03亿,1.16%,0.2000,4.41,0.48,0.56,0.98,29.21%,4.51%,4.41%,,,,,,11.27,91.74%
002839,张家港行,2017-09-30,5.57亿,8.05%,5.33亿,65.67%,18.49亿,5.07%,0.3100,4.51,0.48,0.67,1.85,30.28%,6.96%,6.83%,,,,,,10.71,91.34%
002839,张家港行,2017-12-31,7.63亿,10.68%,7.36亿,9.08%,24.14亿,-1.06%,0.4300,4.58,0.48,0.74,3.05,31.25%,9.43%,9.22%,,,,,,11.45,91.87%
002839,张家港行,2018-03-31,2.28亿,12.12%,2.26亿,12.06%,6.35亿,5.20%,0.1300,4.79,0.48,0.87,-3.10,36.08%,2.70%,2.64%,,,,,,10.34,91.08%
002839,张家港行,2018-06-30,4.12亿,17.00%,4.11亿,17.19%,14.35亿,19.20%,0.2300,4.85,0.48,0.70,-2.68,28.76%,4.86%,4.70%,,,,,,10.51,91.21%
002839,张家港行,2018-09-30,6.43亿,15.31%,6.41亿,20.44%,21.58亿,16.74%,0.3600,4.95,0.48,0.82,-1.73,29.94%,7.47%,7.18%,,,,,,11.10,91.64%
002839,张家港行,2018-12-31,8.35亿,9.44%,8.30亿,12.81%,29.99亿,24.24%,0.4600,5.24,0.48,0.93,-2.10,27.27%,9.39%,8.42%,,,,,,10.43,91.18%
002839,张家港行,2019-03-31,2.60亿,13.85%,2.49亿,9.93%,8.47亿,33.40%,0.1400,5.41,0.48,1.03,0.64,30.69%,2.54%,2.54%,,,,,,11.14,91.70%
002839,张家港行,2019-06-30,4.74亿,15.07%,4.45亿,8.39%,18.03亿,25.71%,0.2600,5.31,0.48,0.76,-4.13,26.69%,4.69%,4.72%,,,,,,11.13,91.68%
002839,张家港行,2019-09-30,7.33亿,14.00%,7.00亿,9.12%,28.07亿,30.08%,0.4100,5.71,0.48,0.90,-2.47,26.07%,7.24%,7.10%,,,,,,10.57,91.29%
002839,张家港行,2019-12-31,9.54亿,14.25%,9.02亿,8.62%,38.53亿,28.48%,0.5300,5.90,0.47,1.03,-2.09,24.33%,9.22%,8.94%,,,,,,10.53,91.27%
002839,张家港行,2020-03-31,2.92亿,12.47%,2.80亿,12.43%,10.05亿,18.70%,0.1600,6.12,0.48,1.19,2.55,29.16%,2.69%,2.64%,,,,,,10.50,91.23%
002839,张家港行,2020-06-30,4.93亿,4.15%,4.71亿,5.96%,21.20亿,17.57%,0.2700,5.74,0.48,0.93,2.53,23.23%,4.59%,4.56%,,,,,,11.25,91.76%
002839,张家港行,2020-09-30,7.68亿,4.82%,7.37亿,5.32%,31.01亿,10.46%,0.4200,6.06,0.48,1.08,2.78,24.79%,7.11%,7.01%,,,,,,11.46,91.90%
002839,张家港行,2020-12-31,10.01亿,4.87%,9.64亿,6.88%,41.95亿,8.87%,0.5500,6.20,0.48,1.21,4.21,23.74%,9.15%,8.93%,,,,,,11.83,92.14%
002839,张家港行,2021-03-31,3.34亿,14.20%,3.34亿,19.51%,10.73亿,6.73%,0.1800,6.16,0.48,1.39,0.99,31.96%,2.93%,2.88%,,,,,,11.80,92.11%
002839,张家港行,2021-06-30,5.96亿,20.90%,5.84亿,23.90%,22.25亿,4.93%,0.2700,6.16,0.48,1.10,-1.46,27.47%,5.19%,4.39%,,,,,,10.46,91.20%
002839,张家港行,2021-09-30,9.75亿,26.97%,9.41亿,27.62%,34.31亿,10.66%,0.4500,6.65,0.48,1.31,-2.17,29.14%,8.36%,6.95%,,,,,,10.50,91.23%
002839,张家港行,2021-12-31,13.04亿,30.30%,12.42亿,28.83%,46.16亿,10.05%,0.6000,6.87,0.47,1.49,0.09,28.95%,11.08%,9.04%,,,,,,10.41,91.15%
002839,张家港行,2022-03-31,4.33亿,29.74%,3.61亿,7.95%,11.99亿,11.80%,0.2000,6.87,0.47,1.73,0.52,36.69%,2.96%,2.91%,,,,,,10.77,91.42%
002839,张家港行,2022-06-30,7.62亿,27.76%,6.73亿,15.17%,23.53亿,5.74%,0.3100,5.73,0.23,1.13,0.13,33.01%,5.20%,5.12%,,,,,,10.93,91.53%
002839,张家港行,2022-09-30,12.68亿,30.10%,11.49亿,22.14%,36.72亿,7.03%,0.5400,6.20,0.23,1.36,3.10,35.00%,9.00%,8.21%,,,,,,10.95,91.55%
002839,张家港行,2022-12-31,16.82亿,29.00%,15.44亿,24.29%,48.27亿,4.57%,0.7300,6.25,0.23,1.55,3.52,35.19%,12.21%,10.81%,,,,,,11.04,91.61%
002839,张家港行,2023-03-31,5.09亿,17.42%,5.06亿,40.02%,11.92亿,-0.64%,0.2300,6.33,0.23,1.79,1.57,43.00%,3.21%,3.15%,,,,,,10.97,91.57%
002839,张家港行,2023-06-30,8.66亿,13.65%,8.28亿,23.02%,23.86亿,1.41%,0.3500,6.31,0.23,1.32,-0.14,36.58%,5.47%,5.36%,,,,,,11.39,91.85%
002839,张家港行,2023-09-30,13.98亿,10.22%,13.45亿,17.06%,35.31亿,-3.85%,0.6000,6.74,0.23,1.57,-0.05,40.12%,9.17%,8.41%,,,,,,11.21,91.73%
002839,张家港行,2023-12-31,17.87亿,6.24%,17.29亿,12.00%,45.41亿,-5.93%,0.7800,6.93,0.23,1.75,0.83,39.60%,11.65%,10.49%,,,,,,11.15,91.69%
002839,张家港行,2024-03-31,5.45亿,7.08%,5.36亿,6.01%,12.82亿,7.59%,0.2500,7.18,0.23,2.00,0.80,42.52%,3.15%,3.10%,,,,,,11.30,91.80%
002839,张家港行,2024-06-30,9.46亿,9.29%,9.20亿,11.15%,25.61亿,7.35%,0.3900,6.96,0.23,1.53,-0.82,37.29%,5.48%,5.39%,,,,,,11.33,91.81%
002839,张家港行,2024-09-30,14.86亿,6.28%,14.52亿,7.92%,36.33亿,2.88%,0.6400,7.42,0.23,1.78,-0.28,41.16%,8.89%,8.21%,,,,,,10.92,91.53%
002839,张家港行,2024-12-31,18.79亿,5.13%,18.48亿,6.86%,47.11亿,3.75%,0.8100,7.25,0.71,1.74,-0.17,39.80%,11.05%,9.52%,,,,,,10.09,90.91%
002839,张家港行,2025-03-31,5.62亿,3.20%,5.61亿,4.75%,13.24亿,3.29%,0.2300,7.40,0.71,1.97,-1.19,42.87%,3.14%,2.80%,,,,,,10.11,90.93%
002839,张家港行,2025-06-30,9.95亿,5.11%,9.95亿,8.12%,26.05亿,1.72%,0.3700,7.37,0.71,1.52,-2.19,38.47%,4.98%,4.97%,,,,,,10.17,90.97%
002839,张家港行,2025-09-30,15.72亿,5.79%,15.74亿,8.44%,36.76亿,1.18%,0.6000,7.51,0.71,1.75,-3.39,43.00%,8.15%,7.72%,,,,,,9.86,90.72%
002839,张家港行,2025-12-31,19.79亿,5.35%,19.81亿,7.21%,47.47亿,0.75%,0.7700,7.58,0.71,1.82,-1.33,41.75%,10.36%,9.64%,,,,,,10.06,90.89%
002839,张家港行,2026-03-31,5.76亿,2.50%,5.80亿,3.27%,12.66亿,-4.43%,0.2400,7.82,0.71,2.06,2.21,45.61%,3.06%,2.73%,,,,,,10.38,91.14%
002936,郑州银行,2006-12-31,1.20亿,False,False,False,4.95亿,False,False,False,0.07,0.03,False,24.22%,False,False,,,,,,25.20,96.18%
002936,郑州银行,2007-12-31,1.34亿,12.16%,False,False,7.42亿,49.90%,False,False,0.06,0.06,False,18.12%,False,False,,,,,,23.10,95.85%
002936,郑州银行,2008-12-31,1.90亿,41.54%,False,False,10.76亿,45.00%,False,False,0.04,0.16,False,17.69%,False,False,,,,,,17.37,94.56%
002936,郑州银行,2009-06-30,1067.29万,False,False,False,5.52亿,False,False,False,0.04,0.15,False,1.93%,False,False,,,,,,19.25,95.06%
002936,郑州银行,2009-12-31,2.28亿,19.66%,False,False,11.29亿,7.85%,False,False,0.04,0.26,False,19.62%,False,False,,,,,,18.96,94.99%
002936,郑州银行,2010-12-31,6.29亿,176.33%,False,False,14.70亿,30.16%,False,False,0.05,0.46,False,42.79%,False,False,,,,,,19.82,95.20%
002936,郑州银行,2011-12-31,9.58亿,52.24%,False,False,22.04亿,49.90%,False,False,0.03,0.34,False,43.46%,False,False,,,,,,10.54,91.33%
002936,郑州银行,2012-12-31,14.60亿,52.47%,False,False,33.04亿,49.91%,False,False,0.03,0.54,False,44.20%,False,False,,,,,,12.52,92.60%
002936,郑州银行,2013-06-30,8.12亿,False,False,False,20.14亿,False,False,False,False,False,False,40.31%,False,False,,,,,,False,False
002936,郑州银行,2013-12-31,19.02亿,30.24%,18.77亿,False,42.55亿,28.78%,0.4800,2.42,0.03,0.82,2.97,44.70%,22.10%,19.94%,,,,,,14.66,93.61%
002936,郑州银行,2014-06-30,13.73亿,69.16%,False,False,25.89亿,28.59%,False,False,0.02,1.01,False,53.03%,False,False,,,,,,15.29,93.86%
002936,郑州银行,2014-12-31,24.63亿,29.51%,24.79亿,32.06%,55.33亿,30.05%,0.6200,2.89,0.03,1.06,7.47,44.52%,23.52%,21.60%,,,,,,16.91,94.42%
002936,郑州银行,2015-06-30,17.51亿,27.50%,False,False,38.31亿,47.95%,False,False,False,False,False,45.70%,False,False,,,,,,False,False
002936,郑州银行,2015-12-31,33.56亿,36.27%,33.19亿,33.88%,78.76亿,42.34%,0.8500,3.46,0.52,1.10,1.94,42.61%,26.22%,18.86%,,,,,,13.93,93.29%
002936,郑州银行,2016-03-31,8.52亿,False,False,False,19.91亿,False,0.1600,False,False,False,False,42.77%,False,False,,,,,,False,False
002936,郑州银行,2016-06-30,21.22亿,21.20%,20.70亿,False,46.54亿,21.49%,0.4000,3.65,0.57,1.26,4.64,45.79%,11.03%,10.94%,,,,,,15.25,93.69%
002936,郑州银行,2016-12-31,39.99亿,19.14%,38.83亿,16.99%,98.97亿,25.66%,0.7500,4.00,0.57,1.28,10.18,40.87%,20.21%,18.78%,,,,,,16.17,94.03%
002936,郑州银行,2017-03-31,10.52亿,23.42%,False,False,24.41亿,22.59%,0.2000,False,0.57,1.48,False,44.06%,False,False,,,,,,15.77,93.89%
002936,郑州银行,2017-06-30,22.71亿,7.05%,22.63亿,9.33%,48.67亿,4.59%,0.4300,4.21,0.57,1.49,-2.47,47.77%,False,10.14%,,,,,,17.62,94.47%
002936,郑州银行,2017-09-30,33.52亿,False,False,False,72.58亿,False,0.6300,False,False,False,False,47.03%,False,False,,,,,,False,False
002936,郑州银行,2017-12-31,42.80亿,7.03%,41.84亿,7.73%,101.94亿,3.00%,0.8000,4.58,0.57,1.60,-0.37,42.51%,18.82%,13.29%,,,,,,12.49,92.33%
002936,郑州银行,2018-03-31,11.55亿,9.83%,11.54亿,False,25.60亿,4.89%,0.2200,4.63,0.57,1.65,-0.95,45.26%,4.80%,3.56%,,,,,,12.32,92.24%
002936,郑州银行,2018-06-30,23.67亿,4.19%,23.65亿,4.48%,51.59亿,6.00%,0.4400,4.86,0.57,1.88,-0.57,46.18%,False,7.02%,,,,,,12.13,92.14%
002936,郑州银行,2018-09-30,34.36亿,2.51%,34.32亿,False,80.39亿,10.75%,0.6500,5.01,0.87,1.87,-4.23,43.24%,13.63%,9.17%,,,,,,11.18,91.55%
002936,郑州银行,2018-12-31,30.59亿,-28.53%,30.30亿,-27.56%,111.57亿,9.44%,0.4700,4.87,0.87,1.61,-4.36,27.80%,10.03%,8.35%,,,,,,11.69,91.88%
002936,郑州银行,2019-03-31,10.47亿,-9.35%,10.45亿,-9.44%,28.60亿,11.71%,0.1800,5.05,0.87,1.78,1.01,37.58%,3.57%,2.77%,,,,,,11.88,92.00%
002936,郑州银行,2019-06-30,24.69亿,4.34%,24.67亿,4.32%,62.57亿,21.26%,0.3800,5.14,0.87,1.87,-0.73,40.12%,8.25%,6.45%,,,,,,11.51,91.76%
002936,郑州银行,2019-09-30,35.90亿,4.49%,35.87亿,4.52%,96.22亿,19.70%,0.5500,5.33,0.87,2.06,-1.38,37.98%,11.87%,9.11%,,,,,,11.48,91.75%
002936,郑州银行,2019-12-31,32.85亿,7.40%,32.73亿,8.02%,134.87亿,20.88%,0.4300,5.20,0.87,1.75,-1.33,25.01%,9.30%,8.51%,,,,,,11.94,92.03%
002936,郑州银行,2020-03-31,10.95亿,4.57%,10.99亿,5.16%,37.29亿,30.37%,0.1700,5.42,0.87,1.93,2.48,30.20%,3.49%,2.74%,,,,,,12.32,92.26%
002936,郑州银行,2020-06-30,24.18亿,-2.08%,24.20亿,-1.89%,77.08亿,23.20%,0.3700,4.98,0.70,1.87,0.97,32.08%,7.58%,6.00%,,,,,,12.22,92.20%
002936,郑州银行,2020-09-30,32.93亿,-8.28%,32.82亿,-8.50%,109.28亿,13.58%,0.5100,5.07,0.70,2.00,-0.09,31.23%,10.29%,8.06%,,,,,,12.07,92.10%
002936,郑州银行,2020-12-31,31.68亿,-3.58%,31.44亿,-3.95%,146.07亿,8.30%,0.3600,4.88,1.09,1.55,-1.49,22.74%,8.37%,7.12%,,,,,,11.28,91.61%
002936,郑州银行,2021-03-31,11.25亿,2.76%,11.21亿,2.07%,31.94亿,-14.35%,0.1400,5.03,1.09,1.70,-0.36,36.48%,3.02%,2.46%,,,,,,11.11,91.49%
002936,郑州银行,2021-06-30,24.54亿,1.49%,24.44亿,0.99%,69.48亿,-9.87%,0.3000,5.26,1.09,1.88,-0.74,36.56%,6.44%,5.18%,,,,,,11.04,91.44%
002936,郑州银行,2021-09-30,33.32亿,1.19%,33.16亿,1.04%,104.35亿,-4.51%,0.4000,5.39,1.09,1.99,-3.44,33.12%,8.63%,6.89%,,,,,,10.59,91.11%
002936,郑州银行,2021-12-31,32.26亿,1.85%,32.03亿,1.88%,148.01亿,1.33%,0.3300,4.83,0.90,1.66,-5.16,22.96%,7.17%,5.58%,,,,,,8.93,89.67%
002936,郑州银行,2022-03-31,11.66亿,3.66%,11.67亿,4.09%,34.21亿,7.13%,0.1400,4.98,0.90,1.80,-2.35,35.78%,2.88%,1.98%,,,,,,8.72,89.45%
002936,郑州银行,2022-06-30,25.31亿,3.15%,25.16亿,2.92%,75.63亿,8.86%,0.2800,5.15,0.90,1.96,-2.19,34.80%,6.14%,4.19%,,,,,,8.64,89.36%
002936,郑州银行,2022-09-30,34.03亿,2.15%,33.41亿,0.75%,117.23亿,12.35%,0.3700,5.27,0.90,2.07,-2.75,30.23%,8.15%,5.55%,,,,,,8.68,89.40%
002936,郑州银行,2022-12-31,24.22亿,-24.92%,23.43亿,-26.85%,151.01亿,2.03%,0.1600,4.93,0.82,1.77,-3.79,17.22%,3.53%,4.77%,,,,,,10.61,91.10%
002936,郑州银行,2023-03-31,11.88亿,1.86%,11.84亿,1.42%,33.18亿,-3.01%,0.1300,5.08,0.82,1.91,-0.08,37.37%,2.87%,2.29%,,,,,,10.63,91.12%
002936,郑州银行,2023-06-30,20.47亿,-19.14%,20.16亿,-19.85%,69.18亿,-8.52%,0.2300,4.73,0.66,1.83,-0.05,30.56%,4.89%,3.86%,,,,,,10.60,91.10%
002936,郑州银行,2023-09-30,27.51亿,-19.18%,27.12亿,-18.82%,104.78亿,-10.62%,0.3000,4.80,0.66,1.91,-0.11,27.19%,6.52%,5.13%,,,,,,10.56,91.06%
002936,郑州银行,2023-12-31,18.50亿,-23.62%,18.04亿,-23.00%,136.67亿,-9.50%,0.1500,4.67,0.66,1.68,0.18,13.61%,3.29%,3.53%,,,,,,10.99,91.39%
002936,郑州银行,2024-03-31,9.67亿,-18.57%,9.44亿,-20.29%,34.00亿,2.47%,0.1100,4.81,0.66,1.79,-0.0100,29.15%,2.25%,1.80%,,,,,,10.75,91.21%
002936,郑州银行,2024-06-30,15.94亿,-22.12%,15.69亿,-22.19%,63.93亿,-7.59%,0.1800,4.88,0.66,1.86,-0.48,25.80%,3.67%,2.93%,,,,,,10.83,91.28%
002936,郑州银行,2024-09-30,22.44亿,-18.41%,22.20亿,-18.14%,90.41亿,-13.71%,0.2500,4.94,0.66,1.93,1.28,25.32%,5.14%,4.09%,,,,,,11.11,91.48%
002936,郑州银行,2024-12-31,18.76亿,1.39%,18.59亿,3.01%,128.77亿,-5.78%,0.1500,4.89,0.66,1.72,0.96,14.47%,3.21%,3.45%,,,,,,11.39,91.68%
002936,郑州银行,2025-03-31,10.16亿,4.98%,10.16亿,7.65%,34.75亿,2.22%,0.1100,4.91,0.66,1.83,-0.02,29.23%,2.28%,1.86%,,,,,,11.89,92.00%
002936,郑州银行,2025-06-30,16.27亿,2.10%,16.28亿,3.76%,66.90亿,4.64%,0.1800,5.00,0.66,1.88,0.85,24.91%,3.62%,2.93%,,,,,,11.94,92.03%
002936,郑州银行,2025-09-30,22.79亿,1.56%,22.79亿,2.66%,93.95亿,3.91%,0.2500,5.03,0.66,1.95,1.89,24.48%,5.06%,4.09%,,,,,,12.31,92.25%
002936,郑州银行,2025-12-31,18.95亿,1.03%,18.24亿,-1.86%,129.21亿,0.34%,0.1600,4.96,0.66,1.76,2.40,14.77%,3.16%,3.44%,,,,,,12.47,92.36%
002936,郑州银行,2026-03-31,10.70亿,5.37%,10.70亿,5.38%,35.21亿,1.31%,0.1200,5.08,0.66,1.87,1.71,30.80%,2.35%,1.90%,,,,,,12.91,92.60%
002948,青岛银行,2007-12-31,3.07亿,False,False,False,14.49亿,False,False,False,False,False,False,21.17%,False,False,,,,,,18.41,94.85%
002948,青岛银行,2008-12-31,3.23亿,5.38%,False,False,10.81亿,-25.37%,False,False,0.69,0.15,False,29.89%,False,False,,,,,,7.31,87.96%
002948,青岛银行,2009-12-31,4.19亿,29.69%,False,False,10.91亿,0.88%,False,False,0.68,0.19,False,38.42%,False,False,,,,,,9.59,90.56%
002948,青岛银行,2010-12-31,5.15亿,22.77%,False,False,15.75亿,44.37%,False,False,0.67,0.12,False,32.67%,False,False,,,,,,14.18,93.41%
002948,青岛银行,2011-12-31,7.38亿,43.52%,False,False,24.85亿,57.80%,False,False,1.11,0.29,False,29.72%,False,False,,,,,,10.07,90.97%
002948,青岛银行,2012-09-30,7.94亿,False,False,False,21.54亿,False,False,False,1.06,0.45,False,36.87%,False,False,,,,,,12.18,92.42%
002948,青岛银行,2012-12-31,9.20亿,24.59%,False,False,28.70亿,15.49%,False,False,1.08,0.35,False,32.06%,False,False,,,,,,12.67,92.68%
002948,青岛银行,2013-12-31,11.42亿,24.12%,11.17亿,False,35.25亿,22.82%,0.4500,3.21,1.08,0.50,4.67,32.39%,14.65%,13.92%,,,,,,15.54,93.95%
002948,青岛银行,2014-09-30,13.90亿,False,False,False,33.11亿,False,False,False,1.13,0.96,False,41.98%,False,False,,,,,,15.21,93.83%
002948,青岛银行,2014-12-31,14.95亿,30.95%,14.68亿,31.41%,43.40亿,23.12%,0.5900,3.83,1.08,0.73,4.38,34.46%,16.67%,15.28%,,,,,,14.96,93.73%
002948,青岛银行,2015-06-30,10.74亿,False,False,False,23.93亿,False,False,False,False,False,False,44.88%,False,False,,,,,,False,False
002948,青岛银行,2015-12-31,18.14亿,21.29%,18.02亿,22.72%,50.11亿,15.46%,0.5800,4.14,1.67,0.55,2.12,36.20%,14.69%,10.92%,,,,,,10.27,91.13%
002948,青岛银行,2016-06-30,12.62亿,17.49%,12.62亿,False,29.79亿,24.51%,0.3100,4.21,1.68,0.66,-0.15,42.35%,7.38%,7.39%,,,,,,11.13,91.75%
002948,青岛银行,2016-12-31,20.89亿,15.15%,20.91亿,16.08%,60.19亿,20.12%,0.5100,4.35,1.68,0.49,10.88,34.70%,12.22%,11.84%,,,,,,14.76,93.66%
002948,青岛银行,2017-06-30,12.76亿,1.13%,12.76亿,1.14%,28.41亿,-4.62%,0.3100,False,1.68,0.60,-10.98,45.00%,7.15%,7.21%,,,,,,14.91,93.55%
002948,青岛银行,2017-09-30,16.77亿,False,16.63亿,False,42.50亿,False,False,False,False,False,False,39.53%,False,False,,,,,,False,False
002948,青岛银行,2017-12-31,19.00亿,-9.02%,18.85亿,-9.87%,55.83亿,-7.25%,0.4700,4.38,1.68,0.64,-6.32,34.10%,10.80%,7.41%,,,,,,10.93,91.47%
002948,青岛银行,2018-03-31,4.61亿,False,4.61亿,False,10.66亿,False,0.1100,4.71,False,False,False,43.65%,2.60%,False,,,,,,False,False
002948,青岛银行,2018-06-30,13.21亿,3.58%,13.19亿,3.37%,31.31亿,10.20%,0.3300,4.52,1.68,0.57,0.48,42.50%,7.31%,5.05%,,,,,,10.52,91.17%
002948,青岛银行,2018-09-30,17.54亿,4.61%,False,False,52.90亿,24.49%,0.3100,False,False,False,False,33.30%,False,6.68%,,,,,,10.94,91.48%
002948,青岛银行,2018-12-31,20.23亿,6.48%,20.21亿,7.22%,73.72亿,32.04%,0.3700,4.71,1.68,0.57,-5.14,27.72%,8.36%,7.50%,,,,,,10.75,91.34%
002948,青岛银行,2019-03-31,5.07亿,9.89%,5.04亿,9.37%,21.18亿,98.69%,0.1200,4.82,1.85,0.63,-1.93,24.79%,2.44%,1.71%,,,,,,10.04,90.79%
002948,青岛银行,2019-06-30,14.38亿,8.86%,14.35亿,8.79%,45.33亿,44.76%,0.3200,4.79,1.85,0.63,-1.47,32.34%,6.75%,4.88%,,,,,,10.70,91.31%
002948,青岛银行,2019-09-30,19.47亿,10.98%,19.40亿,False,71.89亿,35.88%,0.3200,4.82,1.85,0.63,-2.72,27.62%,7.33%,6.58%,,,,,,10.98,91.51%
002948,青岛银行,2019-12-31,22.85亿,12.92%,22.77亿,12.69%,96.16亿,30.44%,0.3900,4.89,1.85,0.56,-1.55,24.29%,8.27%,7.64%,,,,,,11.47,91.84%
002948,青岛银行,2020-03-31,5.55亿,9.41%,5.45亿,8.07%,29.15亿,37.60%,0.1200,5.09,1.85,0.68,-1.64,19.71%,2.47%,1.80%,,,,,,11.61,91.93%
002948,青岛银行,2020-06-30,15.31亿,6.40%,15.17亿,5.73%,60.85亿,34.23%,0.3400,4.98,1.85,0.70,4.37,25.71%,6.78%,5.05%,,,,,,13.51,92.98%
002948,青岛银行,2020-09-30,20.08亿,3.14%,19.96亿,2.85%,84.19亿,17.12%,0.3400,4.88,1.85,0.70,7.90,24.32%,7.41%,6.73%,,,,,,13.93,93.18%
002948,青岛银行,2020-12-31,23.94亿,4.78%,23.84亿,4.66%,105.41亿,9.61%,0.4000,4.97,1.85,0.58,10.04,23.27%,8.56%,7.91%,,,,,,14.16,93.28%
002948,青岛银行,2021-03-31,6.45亿,16.34%,6.40亿,17.44%,28.40亿,-2.57%,0.1400,5.16,1.85,0.72,-6.06,23.30%,2.83%,2.07%,,,,,,13.92,93.17%
002948,青岛银行,2021-06-30,17.98亿,17.45%,17.92亿,18.12%,53.27亿,-12.45%,0.3800,5.27,1.85,0.80,-2.18,34.41%,7.69%,5.68%,,,,,,14.84,93.56%
002948,青岛银行,2021-09-30,24.18亿,20.45%,24.11亿,20.80%,81.88亿,-2.75%,0.4100,5.37,1.85,0.83,-1.68,30.18%,8.83%,7.54%,,,,,,14.70,93.51%
002948,青岛银行,2021-12-31,29.23亿,22.08%,29.04亿,21.82%,111.36亿,5.65%,0.5100,5.20,1.85,0.78,0.67,26.88%,10.40%,8.96%,,,,,,14.98,93.62%
002948,青岛银行,2022-03-31,7.86亿,21.73%,7.80亿,21.91%,26.77亿,-5.74%,0.1500,5.09,1.92,0.74,-2.71,29.76%,2.87%,2.10%,,,,,,13.04,92.75%
002948,青岛银行,2022-06-30,20.18亿,12.28%,20.00亿,11.63%,62.09亿,16.56%,0.3600,5.14,1.92,0.79,-1.17,33.18%,7.02%,5.34%,,,,,,13.17,92.82%
002948,青岛银行,2022-09-30,25.95亿,7.30%,25.43亿,5.49%,95.23亿,16.30%,0.3700,5.12,1.84,0.80,-4.52,27.94%,7.62%,7.16%,,,,,,13.65,93.04%
002948,青岛银行,2022-12-31,30.83亿,5.48%,30.02亿,3.40%,116.44亿,4.56%,0.4500,5.05,1.84,0.66,-0.29,27.20%,8.95%,8.61%,,,,,,13.77,93.09%
002948,青岛银行,2023-03-31,9.10亿,15.83%,9.10亿,16.58%,30.93亿,15.54%,0.1600,5.21,1.84,0.81,1.02,30.62%,3.05%,2.48%,,,,,,14.02,93.20%
002948,青岛银行,2023-06-30,23.36亿,15.72%,22.82亿,14.06%,63.65亿,2.52%,0.4000,5.42,1.84,0.90,0.86,37.82%,7.59%,6.16%,,,,,,13.96,93.18%
002948,青岛银行,2023-09-30,29.89亿,15.17%,28.94亿,13.78%,96.97亿,1.83%,0.4700,5.49,1.84,0.97,1.35,31.86%,9.16%,7.80%,,,,,,14.14,93.25%
002948,青岛银行,2023-12-31,35.49亿,15.11%,34.36亿,14.45%,124.72亿,7.11%,0.5700,5.61,1.84,0.86,1.74,29.44%,10.71%,9.08%,,,,,,14.54,93.43%
002948,青岛银行,2024-03-31,10.81亿,18.74%,10.64亿,16.93%,36.89亿,19.28%,0.1900,5.90,1.84,1.05,-0.72,30.35%,3.23%,2.65%,,,,,,14.28,93.32%
002948,青岛银行,2024-06-30,26.41亿,13.07%,25.92亿,13.59%,71.28亿,11.98%,0.4500,6.11,1.84,1.15,0.84,38.04%,7.67%,6.29%,,,,,,14.57,93.45%
002948,青岛银行,2024-09-30,34.55亿,15.60%,33.71亿,16.52%,104.86亿,8.14%,0.5500,6.22,1.84,1.25,3.96,33.95%,9.51%,8.11%,,,,,,14.68,93.49%
002948,青岛银行,2024-12-31,42.64亿,20.16%,41.67亿,21.25%,134.98亿,8.22%,0.6900,6.45,1.84,1.15,3.94,32.63%,11.51%,9.71%,,,,,,14.68,93.49%
002948,青岛银行,2025-03-31,12.58亿,16.42%,12.35亿,16.13%,40.47亿,9.69%,0.2200,6.62,1.84,1.37,-0.08,32.18%,3.31%,2.80%,,,,,,14.86,93.56%
002948,青岛银行,2025-06-30,30.65亿,16.05%,30.37亿,17.18%,76.62亿,7.50%,0.5300,6.82,1.84,1.52,-0.0097,41.14%,7.88%,6.65%,,,,,,15.10,93.66%
002948,青岛银行,2025-09-30,39.92亿,15.54%,39.63亿,17.54%,110.13亿,5.03%,0.6500,6.82,1.84,1.64,2.24,37.45%,9.87%,8.66%,,,,,,15.58,93.84%
002948,青岛银行,2025-12-31,51.88亿,21.66%,51.57亿,23.78%,145.73亿,7.97%,0.8500,7.00,1.84,1.46,1.51,36.76%,12.68%,10.55%,,,,,,15.55,93.83%
002948,青岛银行,2026-03-31,15.24亿,21.16%,15.13亿,22.46%,43.42亿,7.30%,0.2600,7.31,1.84,1.72,2.19,36.19%,3.66%,2.99%,,,,,,15.35,93.76%
002958,青农商行,2011-12-31,5.65亿,False,False,False,34.62亿,False,0.5200,False,1.11,0.21,False,16.33%,False,False,,,,,,25.68,96.25%
002958,青农商行,2012-12-31,11.88亿,110.18%,False,False,42.38亿,22.42%,0.2400,False,0.44,0.10,False,28.04%,False,False,,,,,,10.32,91.17%
002958,青农商行,2013-12-31,16.50亿,38.87%,16.34亿,False,49.84亿,17.60%,0.3300,2.11,0.44,0.38,0.53,33.11%,16.92%,15.66%,,,,,,10.92,91.61%
002958,青农商行,2014-12-31,17.31亿,4.92%,16.80亿,2.80%,55.99亿,12.33%,0.3500,2.41,0.44,0.42,0.95,30.92%,15.43%,14.34%,,,,,,11.03,91.69%
002958,青农商行,2015-12-31,18.64亿,7.64%,18.31亿,9.00%,57.51亿,2.72%,0.3700,2.70,0.44,0.57,2.66,32.41%,14.63%,13.82%,,,,,,11.24,91.83%
002958,青农商行,2016-06-30,10.16亿,False,10.00亿,False,28.30亿,False,0.2000,2.80,0.44,0.55,2.40,35.82%,7.32%,7.25%,,,,,,12.31,92.08%
002958,青农商行,2016-12-31,19.27亿,3.38%,18.37亿,0.32%,58.30亿,1.38%,0.3900,2.99,0.44,0.70,3.88,32.65%,13.59%,12.89%,,,,,,12.83,92.41%
002958,青农商行,2017-03-31,7.26亿,False,False,False,13.51亿,False,0.1500,False,False,False,False,53.73%,False,False,,,,,,False,False
002958,青农商行,2017-06-30,11.17亿,9.89%,11.01亿,10.09%,28.48亿,1.23%,0.2200,3.23,0.44,0.72,0.69,38.84%,7.19%,6.92%,,,,,,12.65,92.34%
002958,青农商行,2017-09-30,19.39亿,False,False,False,44.86亿,False,0.3900,False,False,False,False,43.22%,False,False,,,,,,False,False
002958,青农商行,2017-12-31,21.36亿,10.89%,20.48亿,11.47%,60.79亿,4.27%,0.4300,3.42,0.44,0.88,0.42,35.21%,13.33%,12.48%,,,,,,13.62,92.86%
002958,青农商行,2018-03-31,6.82亿,-6.05%,6.76亿,False,16.60亿,21.54%,0.1400,3.59,0.44,1.05,-0.31,49.54%,15.56%,4.53%,,,,,,13.05,92.88%
002958,青农商行,2018-06-30,12.54亿,12.31%,12.43亿,12.85%,33.38亿,17.20%,0.2500,3.75,0.44,0.99,-0.85,37.80%,6.99%,6.69%,,,,,,13.14,92.93%
002958,青农商行,2018-09-30,20.35亿,4.93%,20.18亿,False,53.50亿,19.25%,0.4100,3.95,0.44,1.14,-0.32,38.25%,11.04%,10.30%,,,,,,13.08,92.63%
002958,青农商行,2018-12-31,24.19亿,13.23%,24.03亿,17.36%,74.62亿,22.75%,0.4800,4.10,0.44,1.17,-0.47,32.75%,12.86%,11.79%,,,,,,13.30,92.74%
002958,青农商行,2019-03-31,7.60亿,11.49%,7.55亿,11.70%,21.24亿,28.01%,0.1500,4.15,0.69,1.24,-0.28,35.73%,14.83%,3.30%,,,,,,12.38,92.28%
002958,青农商行,2019-06-30,14.16亿,12.88%,14.05亿,13.04%,42.95亿,28.65%,0.2700,4.11,0.69,1.09,-1.01,33.13%,6.46%,6.20%,,,,,,12.93,92.58%
002958,青农商行,2019-09-30,23.57亿,15.87%,23.32亿,15.58%,65.80亿,22.99%,0.4400,4.29,0.69,1.26,-1.04,36.03%,10.49%,9.90%,,,,,,12.77,92.50%
002958,青农商行,2019-12-31,28.25亿,16.78%,28.09亿,16.87%,87.29亿,16.98%,0.5200,4.39,0.69,1.29,-0.87,32.62%,12.38%,11.57%,,,,,,12.96,92.61%
002958,青农商行,2020-03-31,8.54亿,12.25%,8.53亿,12.95%,28.32亿,33.33%,0.1500,4.57,0.69,1.44,-1.11,30.23%,3.43%,3.36%,,,,,,12.77,92.51%
002958,青农商行,2020-06-30,14.84亿,4.81%,14.76亿,5.03%,50.44亿,17.45%,0.2700,4.51,0.69,1.27,-0.56,29.63%,5.94%,5.93%,,,,,,13.98,93.11%
002958,青农商行,2020-09-30,24.73亿,4.91%,24.59亿,5.45%,70.66亿,7.39%,0.4500,4.73,0.69,1.45,1.15,35.15%,9.78%,9.42%,,,,,,13.90,93.09%
002958,青农商行,2020-12-31,29.60亿,4.77%,28.97亿,3.14%,95.72亿,9.65%,0.5300,4.83,0.69,1.48,1.14,31.11%,11.58%,10.26%,,,,,,13.08,92.70%
002958,青农商行,2021-03-31,9.13亿,6.96%,9.07亿,6.31%,26.60亿,-6.08%,0.1600,5.00,0.69,1.65,-2.07,34.60%,3.34%,2.87%,,,,,,12.29,92.28%
002958,青农商行,2021-06-30,16.64亿,12.14%,16.47亿,11.61%,55.03亿,9.10%,0.3000,5.00,0.69,1.48,-0.46,30.54%,6.03%,5.08%,,,,,,12.11,92.19%
002958,青农商行,2021-09-30,27.33亿,10.48%,26.53亿,7.89%,84.32亿,19.34%,0.4900,5.21,0.69,1.67,0.49,32.73%,9.78%,8.05%,,,,,,11.62,91.89%
002958,青农商行,2021-12-31,30.66亿,3.58%,30.06亿,3.76%,102.97亿,7.58%,0.5300,5.25,0.69,1.66,0.14,30.03%,10.63%,8.97%,,,,,,11.57,91.86%
002958,青农商行,2022-03-31,9.41亿,3.09%,9.40亿,3.68%,24.91亿,-6.34%,0.1500,5.39,0.69,1.81,-0.94,37.51%,2.86%,2.69%,,,,,,11.63,91.90%
002958,青农商行,2022-06-30,17.49亿,5.08%,17.14亿,4.09%,53.33亿,-3.09%,0.2900,5.44,0.69,1.69,1.76,32.70%,5.36%,4.97%,,,,,,11.59,91.88%
002958,青农商行,2022-09-30,27.99亿,2.42%,27.55亿,3.82%,80.21亿,-4.88%,0.4800,5.63,0.69,1.88,-0.10,34.95%,8.78%,7.72%,,,,,,11.01,91.49%
002958,青农商行,2022-12-31,23.17亿,-24.41%,22.45亿,-25.30%,99.44亿,-3.43%,0.3700,5.50,0.69,1.73,0.36,23.60%,6.97%,6.51%,,,,,,11.20,91.61%
002958,青农商行,2023-03-31,9.94亿,5.58%,9.71亿,3.28%,26.72亿,7.23%,0.1600,5.66,0.69,1.89,2.14,37.13%,2.89%,2.73%,,,,,,11.68,91.93%
002958,青农商行,2023-06-30,18.92亿,8.17%,17.53亿,2.24%,55.93亿,4.87%,0.3100,5.84,0.69,1.98,3.05,34.08%,5.55%,5.06%,,,,,,11.40,91.76%
002958,青农商行,2023-09-30,30.46亿,8.84%,28.71亿,4.24%,82.30亿,2.61%,0.5200,6.03,0.69,2.19,3.72,37.33%,9.08%,7.91%,,,,,,11.12,91.57%
002958,青农商行,2023-12-31,25.68亿,10.82%,23.53亿,4.81%,103.25亿,3.84%,0.4200,5.96,0.69,2.04,2.89,25.21%,7.33%,6.74%,,,,,,11.25,91.66%
002958,青农商行,2024-03-31,10.94亿,10.14%,10.66亿,9.78%,30.27亿,13.30%,0.1800,6.15,0.69,2.22,0.85,35.72%,2.97%,2.79%,,,,,,11.07,91.53%
002958,青农商行,2024-06-30,20.28亿,7.21%,19.49亿,11.20%,58.59亿,4.75%,0.3400,6.24,0.69,2.16,1.59,34.39%,5.52%,5.11%,,,,,,10.96,91.46%
002958,青农商行,2024-09-30,32.03亿,5.16%,30.87亿,7.51%,84.42亿,2.58%,0.5500,6.43,0.69,2.37,0.35,37.94%,8.88%,7.87%,,,,,,10.74,91.31%
002958,青农商行,2024-12-31,28.56亿,11.24%,26.45亿,12.39%,110.33亿,6.85%,0.4700,6.44,0.69,2.24,1.17,25.83%,7.62%,7.01%,,,,,,11.14,91.70%
002958,青农商行,2025-03-31,11.82亿,7.97%,11.37亿,6.68%,30.57亿,0.99%,0.2000,6.52,0.69,2.43,2.65,38.57%,3.02%,2.87%,,,,,,11.41,91.89%
002958,青农商行,2025-06-30,21.34亿,5.22%,20.74亿,6.38%,57.52亿,-1.83%,0.3600,6.61,0.68,2.40,0.13,37.18%,5.44%,5.12%,,,,,,11.11,91.70%
002958,青农商行,2025-09-30,33.18亿,3.57%,32.69亿,5.89%,80.28亿,-4.92%,0.5700,6.69,0.68,2.61,0.90,41.46%,8.69%,7.04%,,,,,,9.81,90.75%
002958,青农商行,2025-12-31,31.28亿,9.51%,29.98亿,13.33%,100.27亿,-9.12%,0.5200,6.68,0.67,2.55,-2.02,31.31%,7.94%,6.94%,,,,,,10.15,91.03%
002958,青农商行,2026-03-31,12.48亿,5.60%,12.54亿,10.28%,27.91亿,-8.69%,0.2100,6.90,0.67,2.76,-0.23,44.71%,3.05%,2.82%,,,,,,10.48,91.29%
002966,苏州银行,2006-12-31,1.37亿,False,False,False,7.82亿,False,False,False,False,0.25,False,17.53%,False,False,False,False,1.13,1.13,0.02,17.95,94.72%
002966,苏州银行,2007-12-31,2.44亿,77.72%,False,False,9.89亿,26.54%,False,False,0.0051,0.59,False,24.62%,False,False,16.79,16.79,1.26,1.26,0.04,16.15,94.17%
002966,苏州银行,2009-12-31,3.41亿,False,False,False,12.85亿,False,False,False,0.32,0.38,False,26.57%,False,False,33.31,33.31,1.38,1.38,0.04,14.54,93.57%
002966,苏州银行,2010-12-31,6.08亿,78.18%,False,False,13.95亿,35.36%,0.2427,False,2.84,0.18,False,29.82%,False,False,33.02,33.02,1.62,1.62,0.04,3.25,76.48%
002966,苏州银行,2011-12-31,10.31亿,69.49%,False,False,22.98亿,64.72%,0.3438,False,2.85,0.36,False,45.38%,False,False,False,False,False,False,False,5.10,83.47%
002966,苏州银行,2012-12-31,13.56亿,31.53%,False,False,34.55亿,50.32%,False,False,2.91,0.46,False,40.04%,False,False,False,False,False,False,False,7.69,88.39%
002966,苏州银行,2013-06-30,7.35亿,False,False,False,19.70亿,False,False,False,False,False,False,37.29%,False,False,False,False,False,False,False,False,False
002966,苏州银行,2013-12-31,15.98亿,17.82%,15.91亿,False,45.09亿,30.53%,0.5300,5.15,2.86,0.53,5.11,36.08%,10.42%,10.35%,False,False,False,False,False,9.61,90.46%
002966,苏州银行,2014-06-30,9.15亿,24.56%,False,False,27.08亿,37.43%,False,False,2.96,0.37,False,33.80%,False,False,False,False,False,False,False,11.36,91.91%
002966,苏州银行,2014-12-31,17.60亿,10.12%,17.18亿,8.00%,58.09亿,28.81%,0.5900,5.71,2.86,0.65,5.24,30.99%,11.09%,10.28%,False,False,False,False,False,10.92,91.49%
002966,苏州银行,2015-06-30,9.43亿,3.03%,False,False,33.70亿,24.47%,0.6300,False,False,False,False,27.98%,False,False,False,False,False,False,False,False,False
002966,苏州银行,2015-12-31,18.15亿,3.13%,18.06亿,5.09%,69.18亿,19.10%,0.6100,6.22,2.86,0.72,3.18,26.61%,10.30%,9.72%,False,False,False,False,False,11.32,91.50%
002966,苏州银行,2016-06-30,10.54亿,11.79%,10.49亿,False,37.19亿,10.34%,0.3500,6.44,2.86,0.87,0.30,28.83%,5.53%,5.45%,False,False,False,False,False,12.49,92.25%
002966,苏州银行,2016-12-31,19.50亿,7.41%,19.08亿,5.65%,70.07亿,1.29%,0.6500,6.65,2.86,1.11,-5.28,28.36%,10.04%,9.77%,False,False,False,False,False,12.00,91.97%
002966,苏州银行,2017-06-30,10.73亿,1.84%,10.73亿,2.30%,36.97亿,-0.60%,0.3600,False,2.86,1.27,3.51,29.56%,5.28%,5.24%,False,False,False,False,False,13.12,92.62%
002966,苏州银行,2017-12-31,21.10亿,8.22%,20.41亿,7.02%,68.99亿,-1.55%,0.7000,7.11,2.86,1.54,2.32,31.17%,10.15%,9.89%,False,False,False,False,False,12.28,92.16%
002966,苏州银行,2018-03-31,6.47亿,False,6.13亿,False,17.87亿,False,0.2200,False,False,False,False,36.77%,False,False,False,False,False,False,False,False,False
002966,苏州银行,2018-06-30,12.95亿,20.61%,12.58亿,17.16%,37.15亿,-7.50%,0.4300,7.38,2.86,1.70,-0.41,36.45%,5.92%,5.63%,False,False,False,False,False,12.09,92.36%
002966,苏州银行,2018-09-30,18.72亿,False,False,False,56.85亿,False,0.6200,False,False,False,False,33.99%,False,False,False,False,False,False,False,False,False
002966,苏州银行,2018-12-31,22.42亿,6.26%,21.82亿,6.88%,77.37亿,12.16%,0.7500,7.85,2.86,2.01,-2.85,29.91%,10.08%,9.51%,False,False,False,False,False,12.16,92.10%
002966,苏州银行,2019-03-31,7.05亿,8.93%,7.03亿,14.59%,24.73亿,38.42%,0.2300,7.81,2.86,1.91,0.39,29.81%,False,3.01%,False,False,False,False,False,13.31,92.72%
002966,苏州银行,2019-06-30,14.30亿,10.44%,14.22亿,13.06%,48.41亿,30.32%,0.4800,8.05,2.86,2.15,-2.54,31.19%,6.06%,5.92%,False,False,False,False,False,13.06,92.59%
002966,苏州银行,2019-09-30,20.58亿,9.88%,20.45亿,False,71.20亿,25.26%,0.6700,8.21,3.25,2.13,-1.34,30.49%,8.42%,7.52%,False,False,False,False,False,11.70,91.83%
002966,苏州银行,2019-12-31,24.73亿,10.31%,24.50亿,12.29%,94.24亿,21.80%,0.7900,8.34,3.24,2.18,-4.17,27.70%,9.85%,8.90%,False,False,False,False,False,11.31,91.57%
002966,苏州银行,2020-03-31,7.75亿,10.06%,7.81亿,11.16%,26.52亿,7.22%,0.2300,8.44,3.24,2.12,-2.81,31.07%,2.75%,2.76%,False,False,False,False,False,12.52,92.32%
002966,苏州银行,2020-06-30,14.98亿,4.80%,15.07亿,5.99%,54.20亿,11.94%,0.4500,8.60,3.24,2.34,1.79,29.21%,5.27%,5.23%,False,False,False,False,False,12.23,92.09%
002966,苏州银行,2020-09-30,21.02亿,2.17%,20.87亿,2.03%,79.17亿,11.19%,0.6300,8.75,3.24,2.52,2.73,28.31%,7.36%,7.21%,False,False,False,False,False,12.21,92.08%
002966,苏州银行,2020-12-31,25.72亿,4.00%,25.41亿,3.70%,103.64亿,9.97%,0.7700,8.92,3.25,2.64,5.74,26.30%,8.96%,8.65%,False,False,False,False,False,12.00,91.95%
002966,苏州银行,2021-03-31,8.90亿,14.74%,8.76亿,12.12%,28.58亿,7.75%,0.2700,9.19,3.25,2.91,4.96,33.34%,2.95%,2.90%,False,False,False,False,False,13.04,92.55%
002966,苏州银行,2021-06-30,17.40亿,16.14%,16.99亿,12.75%,55.11亿,1.69%,0.5200,9.34,3.25,2.78,-2.26,33.40%,5.68%,5.59%,False,False,False,False,False,13.07,92.56%
002966,苏州银行,2021-09-30,24.62亿,17.12%,24.09亿,15.46%,80.95亿,2.25%,0.7400,9.58,3.25,3.00,-2.00,32.30%,7.97%,7.71%,False,False,False,False,False,12.86,92.45%
002966,苏州银行,2021-12-31,31.07亿,20.79%,30.45亿,19.84%,108.29亿,4.49%,0.8500,9.79,3.25,2.91,-2.29,30.36%,9.96%,9.52%,False,False,False,False,False,12.83,92.43%
002966,苏州银行,2022-03-31,10.73亿,20.56%,10.72亿,22.40%,30.01亿,5.01%,0.2900,10.12,3.25,3.23,4.70,36.94%,3.23%,2.92%,False,False,False,False,False,12.48,92.25%
002966,苏州银行,2022-06-30,21.77亿,25.08%,21.45亿,26.22%,59.54亿,8.05%,0.5900,9.27,2.86,2.99,3.73,37.85%,6.47%,5.88%,False,False,False,False,False,12.62,92.33%
002966,苏州银行,2022-09-30,31.00亿,25.92%,30.37亿,26.06%,90.25亿,11.49%,0.8500,9.45,2.86,3.24,0.07,35.90%,9.16%,8.15%,False,False,False,False,False,12.35,92.17%
002966,苏州银行,2022-12-31,39.18亿,26.13%,37.96亿,24.67%,117.63亿,8.62%,1.0700,9.69,2.86,3.15,0.16,35.00%,11.52%,10.17%,False,False,False,False,False,12.56,92.29%
002966,苏州银行,2023-03-31,12.96亿,20.84%,12.71亿,18.55%,31.58亿,5.26%,0.3200,10.07,2.86,3.48,5.94,42.78%,3.26%,3.25%,False,False,False,False,False,12.85,92.45%
002966,苏州银行,2023-06-30,26.34亿,21.00%,25.48亿,18.80%,62.70亿,5.30%,0.6900,10.17,2.86,3.51,8.17,43.66%,6.85%,6.09%,False,False,False,False,False,12.36,92.18%
002966,苏州银行,2023-09-30,37.62亿,21.36%,36.51亿,20.22%,91.88亿,1.81%,0.9900,10.39,2.86,3.82,6.72,42.68%,9.84%,8.46%,False,False,False,False,False,12.08,92.01%
002966,苏州银行,2023-12-31,46.01亿,17.41%,44.77亿,17.93%,118.66亿,0.88%,1.2200,10.77,2.86,3.74,4.49,40.43%,12.00%,10.12%,False,False,False,False,False,12.19,92.08%
002966,苏州银行,2024-03-31,14.55亿,12.29%,14.51亿,14.14%,32.25亿,2.11%,0.3700,11.18,2.86,4.11,5.04,46.67%,3.33%,3.10%,False,False,False,False,False,12.75,92.41%
002966,苏州银行,2024-06-30,29.53亿,12.10%,29.20亿,14.62%,63.88亿,1.88%,0.7400,11.25,2.86,4.09,8.63,47.65%,6.66%,6.25%,False,False,False,False,False,12.91,92.50%
002966,苏州银行,2024-09-30,41.79亿,11.09%,41.46亿,13.55%,92.89亿,1.10%,1.0800,11.40,2.87,4.42,6.59,46.61%,9.64%,8.66%,False,False,False,False,False,12.99,92.54%
002966,苏州银行,2024-12-31,50.68亿,10.16%,50.39亿,12.56%,122.24亿,3.01%,1.3100,11.46,3.00,4.03,2.86,43.14%,11.68%,9.58%,False,False,False,False,False,12.07,92.03%
002966,苏州银行,2025-03-31,15.54亿,6.80%,15.25亿,5.14%,32.50亿,0.76%,0.3400,10.90,3.42,3.78,2.43,49.54%,3.11%,2.69%,False,False,False,False,False,11.56,91.73%
002966,苏州银行,2025-06-30,31.34亿,6.15%,31.00亿,6.16%,65.04亿,1.81%,0.6600,11.09,3.42,3.84,3.64,49.80%,6.17%,5.35%,False,False,False,False,False,11.84,91.91%
002966,苏州银行,2025-09-30,44.77亿,7.12%,44.47亿,7.27%,94.77亿,2.02%,0.9600,11.22,3.43,4.14,6.28,49.08%,9.02%,7.57%,False,False,False,False,False,12.08,92.09%
002966,苏州银行,2025-12-31,53.48亿,5.53%,53.05亿,5.28%,123.56亿,1.08%,1.1400,11.19,3.43,3.77,2.48,45.15%,10.66%,8.76%,False,False,False,False,False,11.90,91.98%
002966,苏州银行,2026-03-31,16.82亿,8.23%,16.81亿,10.21%,36.05亿,10.94%,0.3500,11.59,3.43,4.12,8.37,48.44%,3.08%,2.68%,False,False,False,False,False,12.65,92.41%
600000,浦发银行,1996-12-31,6.29亿,False,False,False,42.16亿,False,False,1.58,0.02,0.24,False,14.92%,False,39.82%,,,1.16,1.16,0.16,40.18,97.57%
600000,浦发银行,1997-12-31,6.45亿,2.53%,False,False,53.28亿,26.37%,False,1.58,0.17,0.17,False,12.11%,False,20.34%,,,1.20,1.19,0.06,24.74,96.12%
600000,浦发银行,1998-12-31,7.81亿,21.02%,False,False,47.93亿,-10.04%,False,1.66,0.17,False,0.51,17.93%,False,25.78%,,,1.22,1.21,0.08,25.20,96.18%
600000,浦发银行,1999-06-30,5.06亿,False,False,False,19.68亿,False,False,1.91,0.17,0.25,False,25.70%,False,13.18%,,,1.32,1.29,0.14,21.71,95.60%
600000,浦发银行,1999-12-31,7.29亿,-6.59%,9.14亿,False,49.46亿,-16.93%,0.4390,3.23,1.61,0.02,0.40,23.27%,False,11.92%,,,1.21,1.18,0.13,12.22,92.06%
600000,浦发银行,2000-06-30,5.01亿,-0.99%,5.30亿,False,26.62亿,9.79%,False,3.45,1.61,0.24,0.30,24.54%,False,6.38%,,,1.17,1.16,0.08,12.65,92.68%
600000,浦发银行,2000-12-31,7.97亿,9.31%,9.58亿,4.72%,57.10亿,15.45%,False,3.09,1.61,0.21,0.70,16.77%,13.75%,12.87%,,,1.19,1.17,0.08,16.56,94.30%
600000,浦发银行,2001-06-30,5.35亿,6.77%,5.34亿,0.68%,27.94亿,21.50%,0.2220,3.29,1.61,0.41,0.38,16.54%,6.98%,6.74%,,,1.19,1.16,0.09,17.99,94.73%
600000,浦发银行,2001-09-30,8.22亿,False,8.25亿,False,43.77亿,False,False,3.41,1.61,0.53,False,16.12%,False,10.00%,,,1.20,1.15,0.09,18.80,94.95%
600000,浦发银行,2001-12-31,10.62亿,33.23%,10.68亿,11.56%,60.93亿,25.83%,0.4410,2.93,1.61,0.0100,0.78,14.78%,15.13%,15.03%,,,1.19,1.14,0.07,23.58,95.93%
600000,浦发银行,2002-03-31,2.66亿,False,False,False,15.53亿,False,False,3.04,1.61,0.12,False,14.58%,False,3.64%,,,1.14,1.11,0.08,23.16,95.86%
600000,浦发银行,2002-06-30,5.41亿,1.22%,5.40亿,1.21%,35.50亿,27.05%,0.2250,3.16,1.61,0.24,0.49,15.25%,7.38%,7.12%,,,1.13,1.10,0.06,26.48,96.36%
600000,浦发银行,2002-09-30,8.55亿,3.98%,8.57亿,3.90%,56.84亿,29.86%,False,2.19,0.74,0.24,False,15.04%,False,10.79%,,,1.15,1.12,0.06,29.71,96.74%
600000,浦发银行,2002-12-31,12.85亿,21.04%,12.80亿,19.85%,81.56亿,33.87%,0.3560,2.20,0.74,0.0100,0.86,15.76%,16.67%,16.15%,,,1.17,1.14,0.06,34.09,97.15%
600000,浦发银行,2003-03-31,3.16亿,18.77%,False,False,24.35亿,56.83%,False,2.75,1.24,0.09,0.14,12.96%,False,2.93%,,,1.17,1.14,0.07,24.99,96.15%
600000,浦发银行,2003-06-30,6.57亿,21.31%,6.64亿,22.81%,53.91亿,51.87%,0.1700,2.84,1.24,0.18,0.39,12.18%,6.34%,5.92%,,,1.12,1.10,0.06,29.87,96.76%
600000,浦发银行,2003-09-30,10.82亿,26.60%,False,False,85.00亿,49.56%,False,2.94,1.24,0.29,0.77,12.73%,False,9.39%,,,1.14,1.12,0.07,30.34,96.81%
600000,浦发银行,2003-12-31,15.66亿,21.85%,15.36亿,19.95%,120.27亿,47.46%,0.4030,3.07,1.24,0.12,1.02,13.02%,13.96%,13.04%,,,1.15,1.12,0.05,29.89,96.76%
600000,浦发银行,2004-03-31,4.16亿,31.68%,4.17亿,False,37.29亿,53.11%,False,3.06,1.24,0.12,0.31,11.15%,False,3.46%,,,1.16,1.14,0.04,31.67,96.94%
600000,浦发银行,2004-06-30,8.73亿,32.98%,8.37亿,26.13%,78.23亿,45.12%,0.2230,3.18,1.24,0.24,2.10,11.17%,7.14%,7.01%,,,1.21,1.18,0.04,32.23,96.99%
600000,浦发银行,2004-09-30,13.84亿,27.87%,13.21亿,False,121.23亿,42.61%,False,3.31,1.24,0.37,1.00,11.41%,False,10.67%,,,1.19,1.15,0.07,31.68,96.94%
600000,浦发银行,2004-12-31,19.30亿,23.24%,18.94亿,23.35%,167.61亿,39.36%,0.4900,3.45,1.24,0.14,1.26,11.52%,15.17%,14.29%,,,1.16,1.13,0.04,32.72,97.03%
600000,浦发银行,2005-03-31,5.14亿,23.61%,5.13亿,23.13%,49.94亿,34.50%,False,3.58,1.24,0.27,0.26,10.24%,False,3.66%,,,1.15,1.12,0.09,31.61,96.93%
600000,浦发银行,2005-06-30,12.22亿,39.94%,11.02亿,31.65%,70.90亿,31.71%,0.2820,3.61,1.24,0.30,0.79,10.70%,7.93%,7.80%,,,1.18,1.16,0.10,33.82,97.13%
600000,浦发银行,2005-09-30,18.76亿,35.56%,17.68亿,33.83%,108.20亿,29.12%,False,3.78,1.24,0.47,0.98,11.32%,False,11.96%,,,1.23,1.21,0.10,34.07,97.15%
600000,浦发银行,2005-12-31,25.58亿,32.54%,24.71亿,30.46%,145.46亿,28.08%,0.6350,3.97,1.24,0.13,1.47,11.58%,17.21%,16.01%,,,False,False,False,35.91,97.29%
600000,浦发银行,2006-03-31,7.32亿,42.49%,False,False,40.80亿,21.72%,False,4.01,1.24,0.17,0.47,10.90%,False,4.23%,,,1.21,1.19,0.20,37.23,97.38%
600000,浦发银行,2006-06-30,16.04亿,31.19%,15.76亿,43.02%,86.15亿,21.44%,0.4100,4.36,1.31,0.45,-2.26,18.57%,9.63%,9.37%,,,False,False,False,35.93,97.29%
600000,浦发银行,2006-09-30,24.60亿,31.18%,24.28亿,37.26%,135.50亿,24.20%,0.5700,4.57,1.30,0.67,1.70,18.26%,False,13.71%,,,False,False,False,34.66,97.20%
600000,浦发银行,2006-12-31,33.56亿,31.19%,33.09亿,33.89%,189.30亿,29.96%,0.8500,5.67,2.43,0.24,4.87,17.74%,19.37%,13.57%,,,False,False,False,26.90,96.42%
600000,浦发银行,2007-03-31,9.81亿,34.03%,False,False,52.88亿,29.55%,0.2300,5.90,2.43,0.46,0.61,18.51%,False,3.81%,,,False,False,False,26.41,96.35%
600000,浦发银行,2007-06-30,25.54亿,59.26%,33.94亿,115.34%,116.13亿,34.80%,0.4500,6.00,2.31,0.68,6.25,21.99%,9.86%,9.78%,,,False,False,False,28.48,96.61%
600000,浦发银行,2007-09-30,39.23亿,59.45%,47.49亿,95.64%,183.10亿,35.13%,0.6900,6.29,2.29,0.99,12.16,21.43%,False,14.31%,,,False,False,False,29.81,96.75%
600000,浦发银行,2007-12-31,54.99亿,63.85%,65.55亿,98.10%,258.76亿,36.70%,0.9700,6.50,2.14,0.60,12.73,21.25%,20.10%,19.43%,,,False,False,False,31.33,96.91%
600000,浦发银行,2008-03-31,28.12亿,186.55%,28.16亿,False,80.38亿,52.00%,0.4970,7.21,2.37,1.09,-1.09,34.98%,False,8.95%,,,False,False,False,29.24,96.69%
600000,浦发银行,2008-06-30,63.75亿,149.62%,63.78亿,87.93%,167.06亿,43.86%,0.8040,6.11,1.75,1.24,3.86,38.16%,20.40%,18.42%,,,False,False,False,27.97,96.55%
600000,浦发银行,2008-09-30,98.44亿,150.92%,98.46亿,107.33%,257.07亿,40.40%,1.2420,6.73,1.76,1.85,10.94,38.29%,0.0000%,25.84%,,,False,False,False,28.28,96.58%
600000,浦发银行,2008-12-31,125.16亿,127.61%,121.36亿,85.15%,345.61亿,33.56%,1.5800,7.36,1.92,2.10,18.64,36.21%,36.71%,30.03%,,,False,False,False,30.42,96.82%
600000,浦发银行,2009-03-31,29.60亿,5.29%,29.56亿,5.00%,79.02亿,-1.69%,0.3740,7.95,1.98,2.62,5.92,37.46%,0.0000%,6.58%,,,False,False,False,32.34,97.00%
600000,浦发银行,2009-06-30,67.81亿,6.37%,67.71亿,6.17%,166.77亿,-0.17%,0.6580,5.91,1.33,1.53,0.85,40.66%,15.10%,14.49%,,,False,False,False,33.60,97.11%
600000,浦发银行,2009-09-30,102.90亿,4.53%,102.95亿,4.55%,263.42亿,2.47%,0.9990,8.20,2.75,1.77,5.14,39.07%,0.0000%,15.82%,,,False,False,False,23.41,95.90%
600000,浦发银行,2009-12-31,132.17亿,5.60%,131.26亿,8.16%,368.24亿,6.55%,1.2500,7.70,2.75,1.95,11.72,35.89%,25.86%,19.45%,,,False,False,False,22.88,95.80%
600000,浦发银行,2010-03-31,41.06亿,38.70%,41.04亿,38.81%,107.24亿,35.71%,0.3580,8.18,2.77,2.41,-8.43,38.28%,False,5.69%,,,False,False,False,22.01,95.65%
600000,浦发银行,2010-06-30,90.81亿,33.92%,89.51亿,32.19%,227.51亿,36.42%,0.6100,6.61,2.13,1.49,-2.42,39.92%,12.51%,11.97%,,,False,False,False,22.47,95.73%
600000,浦发银行,2010-09-30,148.37亿,44.19%,150.03亿,45.74%,358.92亿,36.25%,0.9940,7.11,2.13,1.99,-1.76,41.36%,False,18.18%,,,False,False,False,23.21,95.86%
600000,浦发银行,2010-12-31,191.77亿,45.10%,189.93亿,44.70%,498.56亿,35.39%,1.2300,8.57,4.09,1.76,-0.38,38.47%,23.27%,15.59%,,,False,False,False,16.81,94.37%
600000,浦发银行,2011-03-31,60.59亿,47.56%,60.62亿,47.71%,151.96亿,41.70%,0.3250,9.00,4.09,2.18,2.80,39.97%,False,4.69%,,,False,False,False,16.59,94.30%
600000,浦发银行,2011-06-30,128.80亿,41.83%,127.84亿,42.83%,318.65亿,40.06%,0.6900,7.14,3.12,0.99,0.52,40.52%,9.96%,9.67%,,,False,False,False,17.43,94.56%
600000,浦发银行,2011-09-30,199.10亿,34.19%,197.95亿,31.94%,493.07亿,37.38%,1.0670,7.48,3.09,1.37,2.18,40.50%,False,14.27%,,,False,False,False,17.06,94.45%
600000,浦发银行,2011-12-31,272.86亿,42.28%,270.51亿,42.42%,679.18亿,36.23%,1.4630,7.98,3.19,1.62,10.65,40.28%,20.07%,18.33%,,,False,False,False,17.03,94.43%
600000,浦发银行,2012-03-31,78.94亿,30.29%,78.85亿,30.08%,199.09亿,31.01%,0.4230,8.42,3.21,2.04,4.12,39.84%,5.16%,5.03%,,,False,False,False,16.85,94.38%
600000,浦发银行,2012-06-30,171.93亿,33.49%,170.21亿,33.14%,400.02亿,25.54%,0.9220,8.69,3.27,1.72,1.13,43.16%,10.86%,10.61%,,,False,False,False,17.73,94.60%
600000,浦发银行,2012-09-30,261.26亿,31.22%,258.60亿,30.64%,608.30亿,23.37%,1.4010,9.10,3.21,2.19,1.70,43.14%,16.31%,15.40%,,,False,False,False,17.51,94.54%
600000,浦发银行,2012-12-31,341.86亿,25.29%,337.48亿,24.76%,829.52亿,22.14%,1.8330,9.52,3.19,2.63,4.96,41.36%,20.95%,19.26%,,,False,False,False,16.71,94.29%
600000,浦发银行,2013-03-31,89.03亿,12.78%,88.66亿,12.44%,220.11亿,10.56%,0.4770,10.02,3.22,3.10,5.38,40.67%,4.89%,4.76%,,,False,False,False,17.23,94.45%
600000,浦发银行,2013-06-30,193.86亿,12.76%,192.63亿,13.17%,465.18亿,16.29%,1.0390,10.01,3.20,2.22,13.48,41.92%,10.45%,10.38%,,,False,False,False,17.56,94.55%
600000,浦发银行,2013-09-30,298.18亿,14.13%,295.62亿,14.31%,724.77亿,19.15%,1.5990,10.49,3.12,2.78,14.61,41.40%,15.93%,15.23%,,,False,False,False,17.35,94.48%
600000,浦发银行,2013-12-31,409.22亿,19.70%,403.97亿,19.70%,1000.15亿,20.57%,2.1940,10.96,2.99,3.38,16.53,41.19%,21.53%,20.02%,,,False,False,False,16.99,94.37%
600000,浦发银行,2014-03-31,107.10亿,20.30%,106.07亿,19.64%,276.02亿,25.40%,0.5740,11.62,3.08,3.95,-4.27,39.16%,5.09%,4.94%,,,False,False,False,16.25,94.13%
600000,浦发银行,2014-06-30,226.56亿,16.87%,224.62亿,16.61%,590.43亿,26.93%,1.2150,11.70,3.18,2.89,-1.63,38.73%,10.52%,10.38%,,,False,False,False,16.99,94.37%
600000,浦发银行,2014-09-30,347.99亿,16.70%,345.42亿,16.85%,897.73亿,23.86%,1.8660,12.40,3.25,3.54,2.68,39.17%,15.92%,15.04%,,,False,False,False,16.09,94.07%
600000,浦发银行,2014-12-31,470.26亿,14.92%,466.50亿,15.48%,1231.81亿,23.16%,2.5210,13.15,3.25,4.19,10.25,38.45%,21.02%,19.18%,,,False,False,False,15.12,93.73%
600000,浦发银行,2015-03-31,111.94亿,4.52%,110.71亿,4.37%,329.91亿,19.52%,0.6000,13.70,3.25,4.79,-4.36,34.28%,4.47%,4.38%,,,False,False,False,13.89,93.22%
600000,浦发银行,2015-06-30,239.03亿,5.50%,234.66亿,4.47%,707.01亿,19.74%,1.1650,13.71,3.25,3.48,11.30,34.12%,9.37%,9.35%,,,False,False,False,15.10,93.72%
600000,浦发银行,2015-09-30,371.62亿,6.79%,364.02亿,5.38%,1086.32亿,21.01%,1.8110,14.49,3.25,4.19,15.80,34.50%,14.37%,13.75%,,,False,False,False,15.05,93.70%
600000,浦发银行,2015-12-31,506.04亿,7.61%,495.61亿,6.24%,1465.50亿,18.97%,2.4220,15.29,3.25,4.86,19.24,34.80%,18.82%,17.42%,,,False,False,False,14.99,93.68%
600000,浦发银行,2016-03-31,139.22亿,24.37%,136.82亿,23.58%,421.91亿,27.89%,0.6300,15.96,3.90,5.28,-5.17,33.27%,4.50%,4.18%,,,False,False,False,14.20,93.34%
600000,浦发银行,2016-06-30,267.70亿,11.99%,262.03亿,11.66%,821.72亿,16.22%,0.9500,14.60,3.45,3.33,-6.20,32.91%,8.59%,8.22%,,,False,False,False,14.54,93.48%
600000,浦发银行,2016-09-30,406.82亿,9.47%,397.11亿,9.09%,1209.28亿,11.32%,1.4400,15.26,3.45,3.97,-6.93,34.02%,12.86%,12.08%,,,False,False,False,14.45,93.45%
600000,浦发银行,2016-12-31,530.99亿,4.93%,516.87亿,4.29%,1607.79亿,9.72%,1.8500,15.64,3.45,4.50,-8.88,33.38%,16.35%,15.20%,,,False,False,False,14.91,93.63%
600000,浦发银行,2017-03-31,144.62亿,3.88%,140.06亿,2.37%,429.45亿,0.40%,0.4900,16.20,3.45,5.13,-9.30,34.58%,3.96%,3.89%,,,False,False,False,14.48,93.46%
600000,浦发银行,2017-06-30,281.65亿,5.21%,276.18亿,5.40%,840.45亿,1.44%,0.9700,12.70,2.43,3.37,-9.11,34.22%,7.85%,7.66%,,,False,False,False,14.27,93.37%
600000,浦发银行,2017-09-30,418.92亿,2.97%,413.05亿,4.01%,1254.71亿,3.18%,1.4500,13.20,2.79,3.69,-3.35,33.98%,11.51%,10.60%,,,False,False,False,13.52,93.03%
600000,浦发银行,2017-12-31,542.58亿,2.18%,540.46亿,4.56%,1686.19亿,4.88%,1.8400,13.47,2.79,4.08,-4.79,32.62%,14.45%,13.28%,,,False,False,False,13.41,92.98%
600000,浦发银行,2018-03-31,143.05亿,-1.09%,142.66亿,1.86%,394.31亿,-7.72%,0.4600,13.57,2.79,4.03,-1.66,36.49%,3.45%,3.38%,,,False,False,False,13.31,92.91%
600000,浦发银行,2018-06-30,285.69亿,1.43%,284.32亿,2.95%,820.23亿,-2.13%,0.9500,14.00,2.79,3.88,-4.02,35.13%,6.97%,6.75%,,,False,False,False,12.80,92.66%
600000,浦发银行,2018-09-30,432.07亿,3.14%,430.34亿,4.19%,1268.50亿,1.31%,1.4400,14.49,2.79,4.38,-12.34,34.35%,10.48%,9.96%,,,False,False,False,12.36,92.41%
600000,浦发银行,2018-12-31,559.14亿,3.05%,556.43亿,2.95%,1708.65亿,1.73%,1.8500,15.05,2.79,4.78,-11.53,32.95%,13.14%,12.27%,,,False,False,False,12.32,92.39%
600000,浦发银行,2019-03-31,164.59亿,15.06%,164.37亿,15.22%,500.84亿,27.02%,0.5300,15.63,2.79,5.31,6.32,33.19%,3.47%,3.37%,,,False,False,False,12.39,92.43%
600000,浦发银行,2019-06-30,321.06亿,12.38%,320.36亿,12.68%,975.99亿,18.99%,1.0700,15.77,2.79,4.94,0.30,33.21%,6.89%,6.76%,,,False,False,False,12.50,92.50%
600000,浦发银行,2019-09-30,483.50亿,11.90%,471.14亿,9.48%,1463.86亿,15.40%,1.6200,16.36,2.79,5.49,-2.30,33.38%,10.32%,8.95%,,,False,False,False,11.56,91.94%
600000,浦发银行,2019-12-31,589.11亿,5.36%,575.54亿,3.43%,1906.88亿,11.60%,1.9500,16.83,2.79,5.82,-2.34,31.21%,12.29%,11.58%,,,False,False,False,11.64,91.99%
600000,浦发银行,2020-03-31,173.61亿,5.48%,172.96亿,5.23%,554.24亿,10.66%,0.5600,17.56,2.79,6.38,3.15,31.63%,3.28%,3.02%,,,False,False,False,11.67,92.02%
600000,浦发银行,2020-06-30,289.55亿,-9.81%,287.97亿,-10.11%,1014.07亿,3.90%,0.9600,17.20,2.79,5.49,4.20,28.85%,5.53%,5.57%,,,False,False,False,12.30,92.39%
600000,浦发银行,2020-09-30,447.42亿,-7.46%,445.50亿,-5.44%,1487.31亿,1.60%,1.4500,17.48,2.79,5.98,7.16,30.38%,8.39%,8.28%,,,False,False,False,12.38,92.44%
600000,浦发银行,2020-12-31,583.25亿,-0.99%,579.10亿,0.62%,1963.84亿,2.99%,1.8800,18.00,2.79,6.41,4.31,30.04%,10.81%,10.46%,,,False,False,False,11.45,91.88%
600000,浦发银行,2021-03-31,186.97亿,7.70%,186.28亿,7.70%,495.22亿,-10.65%,0.6100,18.59,2.79,7.00,-4.42,38.08%,3.35%,2.85%,,,False,False,False,11.29,91.78%
600000,浦发银行,2021-06-30,298.38亿,3.05%,297.29亿,3.24%,973.65亿,-3.99%,0.9900,18.49,2.79,5.95,-7.25,31.02%,5.36%,5.37%,,,False,False,False,11.44,91.87%
600000,浦发银行,2021-09-30,415.36亿,-7.17%,412.64亿,-7.38%,1434.84亿,-3.53%,1.3400,18.83,2.79,6.30,-5.75,29.36%,7.25%,7.13%,,,False,False,False,11.16,91.68%
600000,浦发银行,2021-12-31,530.03亿,-9.12%,525.50亿,-9.26%,1909.82亿,-2.75%,1.6200,19.08,2.79,6.58,-8.76,28.15%,8.75%,8.51%,,,False,False,False,11.13,91.66%
600000,浦发银行,2022-03-31,193.88亿,3.70%,192.56亿,3.37%,500.02亿,0.97%,0.6400,19.67,2.79,7.21,-9.36,39.19%,3.28%,2.82%,,,False,False,False,11.24,91.74%
600000,浦发银行,2022-06-30,301.74亿,1.13%,298.62亿,0.45%,986.44亿,1.31%,1.0000,19.60,2.79,6.50,2.22,31.02%,5.13%,5.12%,,,False,False,False,11.40,91.84%
600000,浦发银行,2022-09-30,404.62亿,-2.59%,401.17亿,-2.78%,1436.80亿,0.14%,1.3100,19.83,2.79,6.75,-0.80,28.62%,6.69%,5.85%,,,False,False,False,11.16,91.68%
600000,浦发银行,2022-12-31,511.71亿,-3.46%,508.10亿,-3.31%,1886.22亿,-1.24%,1.5600,20.03,2.79,6.92,12.44,27.57%,7.98%,7.79%,,,False,False,False,11.46,91.88%
600000,浦发银行,2023-03-31,158.31亿,-18.35%,131.84亿,-31.53%,480.79亿,-3.85%,0.5100,20.58,2.79,7.47,3.52,33.59%,2.54%,2.50%,,,False,False,False,11.40,91.86%
600000,浦发银行,2023-06-30,231.38亿,-23.32%,203.84亿,-31.74%,912.30亿,-7.52%,0.7600,20.55,2.79,6.80,1.65,25.89%,3.73%,3.72%,,,False,False,False,11.52,91.93%
600000,浦发银行,2023-09-30,279.86亿,-30.83%,251.99亿,-37.19%,1328.15亿,-7.56%,0.8800,20.64,2.79,6.91,3.70,21.53%,4.32%,3.91%,,,False,False,False,11.30,91.78%
600000,浦发银行,2023-12-31,367.02亿,-28.28%,338.82亿,-33.32%,1734.34亿,-8.05%,1.0700,20.95,2.79,7.10,13.23,21.58%,5.21%,5.10%,,,False,False,False,11.42,91.86%
600000,浦发银行,2024-03-31,174.21亿,10.04%,172.14亿,30.57%,453.28亿,-5.72%,0.5700,21.57,2.79,7.67,-15.42,38.96%,2.68%,2.64%,,,False,False,False,11.17,91.70%
600000,浦发银行,2024-06-30,269.88亿,16.64%,268.06亿,31.51%,882.48亿,-3.27%,0.8900,21.65,2.79,7.40,-13.04,30.96%,4.17%,4.13%,,,False,False,False,11.40,91.85%
600000,浦发银行,2024-09-30,352.23亿,25.86%,339.61亿,34.77%,1298.39亿,-2.24%,1.1300,21.90,2.79,7.62,-5.50,27.49%,5.25%,4.87%,,,False,False,False,12.02,92.24%
600000,浦发银行,2024-12-31,452.57亿,23.31%,442.07亿,30.47%,1707.48亿,-1.55%,1.3600,22.36,2.79,7.85,-11.37,26.84%,6.28%,6.08%,,,False,False,False,11.84,92.13%
600000,浦发银行,2025-03-31,175.98亿,1.02%,175.81亿,2.13%,459.22亿,1.31%,0.5700,22.73,2.79,8.42,-6.88,38.71%,2.55%,2.36%,,,False,False,False,11.77,92.09%
600000,浦发银行,2025-06-30,297.37亿,10.19%,299.84亿,11.86%,905.59亿,2.62%,0.9900,22.57,3.12,7.73,0.70,33.01%,4.33%,4.25%,,,False,False,False,11.16,91.69%
600000,浦发银行,2025-09-30,388.19亿,10.21%,389.00亿,14.54%,1322.80亿,1.88%,1.2800,22.40,3.48,7.75,5.28,29.61%,5.67%,4.66%,,,False,False,False,10.88,91.50%
600000,浦发银行,2025-12-31,500.17亿,10.52%,501.44亿,13.43%,1739.64亿,1.88%,1.5200,22.13,4.04,7.54,11.28,28.97%,6.76%,6.28%,,,False,False,False,11.33,91.82%
600000,浦发银行,2026-03-31,178.61亿,1.49%,179.03亿,1.83%,465.73亿,1.42%,0.5200,22.63,4.04,8.05,2.75,39.01%,2.32%,2.29%,,,False,False,False,11.35,91.84%
600015,华夏银行,2000-12-31,3.84亿,False,3.85亿,False,37.24亿,False,False,0.58,False,-0.42,False,10.30%,False,26.35%,False,False,0.84,0.83,0.03,67.59,98.54%
600015,华夏银行,2001-12-31,6.40亿,66.93%,False,False,53.30亿,43.13%,False,0.84,False,-0.16,False,12.01%,False,30.55%,False,False,0.83,0.82,0.01,63.44,98.45%
600015,华夏银行,2002-09-30,4.86亿,False,False,False,44.05亿,False,False,False,False,False,False,11.04%,False,False,False,False,False,False,False,False,False
600015,华夏银行,2002-12-31,7.06亿,10.20%,8.30亿,False,62.25亿,16.79%,False,1.44,False,0.37,8.83,11.33%,False,19.59%,False,False,0.84,0.83,0.07,48.47,97.98%
600015,华夏银行,2003-03-31,2.24亿,False,False,False,17.46亿,False,False,False,False,False,False,12.83%,False,False,False,False,False,False,False,False,False
600015,华夏银行,2003-06-30,3.95亿,False,4.66亿,False,38.36亿,False,False,1.60,False,0.53,-6.63,10.30%,False,9.89%,False,False,0.76,0.74,0.05,49.96,98.04%
600015,华夏银行,2003-09-30,6.61亿,35.86%,False,False,60.14亿,36.54%,False,2.78,1.27,0.46,-7.27,10.99%,False,6.80%,False,False,0.84,0.83,0.05,21.33,95.52%
600015,华夏银行,2003-12-31,8.02亿,13.61%,9.46亿,13.93%,84.79亿,36.21%,0.2900,2.46,1.27,0.05,-2.35,9.45%,15.53%,9.29%,False,False,0.88,0.86,0.02,27.61,96.50%
600015,华夏银行,2004-03-31,2.67亿,19.17%,3.02亿,False,23.33亿,33.65%,False,2.54,1.27,0.13,-1.72,11.44%,False,3.00%,False,False,0.88,0.86,0.03,26.11,96.31%
600015,华夏银行,2004-06-30,4.95亿,25.34%,5.72亿,22.67%,50.05亿,30.47%,0.1179,2.16,0.90,0.15,-0.48,9.90%,5.59%,5.45%,48.18,48.18,0.86,0.84,0.03,28.23,96.58%
600015,华夏银行,2004-09-30,7.91亿,19.72%,9.01亿,False,77.88亿,29.49%,False,2.23,0.90,0.22,-1.34,10.16%,False,8.43%,False,False,0.87,0.83,0.02,28.43,96.60%
600015,华夏银行,2004-12-31,10.17亿,26.86%,11.20亿,18.36%,108.27亿,27.69%,0.2421,2.29,0.90,0.24,3.95,9.39%,11.16%,10.58%,False,False,0.90,0.88,0.02,30.67,96.84%
600015,华夏银行,2005-03-31,3.12亿,16.91%,3.43亿,13.70%,30.01亿,28.61%,False,2.36,0.90,0.31,-3.69,10.40%,False,3.15%,False,False,0.88,0.85,0.03,29.08,96.68%
600015,华夏银行,2005-06-30,6.40亿,29.17%,6.97亿,21.82%,64.07亿,28.03%,0.1523,2.34,0.90,0.29,-2.71,9.99%,6.44%,6.51%,False,False,0.88,0.85,0.03,31.96,96.97%
600015,华夏银行,2005-09-30,11.06亿,39.76%,11.91亿,32.25%,99.56亿,27.84%,False,2.45,0.90,0.40,-0.68,11.11%,False,10.76%,False,False,0.85,0.83,0.04,31.46,96.92%
600015,华夏银行,2005-12-31,12.80亿,25.83%,14.46亿,29.21%,76.31亿,27.41%,0.3068,2.49,0.90,0.21,-1.57,9.34%,12.83%,12.33%,False,False,0.83,0.81,0.03,33.07,97.06%
600015,华夏银行,2006-03-31,3.75亿,20.24%,4.44亿,29.33%,23.05亿,-23.18%,0.0900,2.58,0.90,0.30,1.19,16.28%,False,3.46%,False,False,False,False,False,32.41,97.01%
600015,华夏银行,2006-06-30,7.45亿,16.49%,8.55亿,22.72%,82.29亿,28.43%,0.1800,2.56,0.90,0.28,3.48,9.06%,7.03%,6.94%,False,False,False,False,False,35.46,97.26%
600015,华夏银行,2006-09-30,12.66亿,14.47%,14.31亿,20.07%,72.85亿,-26.83%,0.3013,2.68,0.90,0.40,9.07,17.37%,False,11.25%,False,False,False,False,False,34.32,97.17%
600015,华夏银行,2006-12-31,14.57亿,13.87%,15.86亿,9.63%,100.70亿,31.97%,0.3469,2.77,0.93,0.18,9.02,14.47%,13.26%,12.51%,False,False,False,False,False,37.23,97.38%
600015,华夏银行,2007-03-31,4.55亿,21.36%,4.84亿,8.87%,31.53亿,36.78%,0.1100,2.85,0.90,0.28,-7.80,14.44%,False,3.80%,False,False,False,False,False,34.44,97.18%
600015,华夏银行,2007-06-30,10.10亿,35.51%,11.12亿,30.06%,65.42亿,-20.50%,0.2405,2.86,0.89,0.31,-5.28,15.44%,8.48%,8.41%,False,False,False,False,False,39.04,97.50%
600015,华夏银行,2007-09-30,16.32亿,28.96%,17.35亿,21.30%,102.18亿,40.26%,0.3886,3.01,0.89,0.45,-8.52,15.97%,False,12.92%,False,False,False,False,False,40.93,97.62%
600015,华夏银行,2007-12-31,21.01亿,44.21%,21.02亿,32.57%,142.60亿,41.60%,0.5003,3.11,0.88,0.18,-6.13,14.73%,17.12%,16.09%,False,False,False,False,False,44.37,97.80%
600015,华夏银行,2008-03-31,8.22亿,80.43%,8.33亿,72.35%,43.49亿,37.92%,0.2000,3.30,0.87,0.37,-0.84,18.89%,False,5.93%,False,False,False,False,False,42.17,97.68%
600015,华夏银行,2008-06-30,19.28亿,90.88%,19.50亿,75.37%,87.25亿,33.36%,0.4590,3.45,0.87,0.53,2.36,22.10%,13.85%,13.31%,False,False,False,False,False,42.37,97.69%
600015,华夏银行,2008-09-30,31.06亿,90.32%,31.29亿,80.31%,131.82亿,29.01%,0.7396,3.75,0.89,0.81,-1.25,23.57%,0.0000%,19.71%,False,False,False,False,False,40.42,97.59%
600015,华夏银行,2008-12-31,30.71亿,46.15%,30.60亿,45.57%,176.11亿,23.50%,0.7036,5.49,2.94,0.19,9.99,17.44%,18.23%,11.20%,False,False,False,False,False,25.68,96.25%
600015,华夏银行,2009-03-31,7.02亿,-14.54%,7.18亿,-13.85%,36.18亿,-16.79%,0.1400,5.61,2.91,0.33,-12.52,19.40%,0.0000%,2.51%,False,False,False,False,False,26.09,96.31%
600015,华夏银行,2009-06-30,16.66亿,-13.61%,16.39亿,-15.93%,77.42亿,-11.26%,0.3338,5.64,2.88,0.40,-13.44,21.51%,5.92%,5.92%,False,False,False,False,False,27.43,96.48%
600015,华夏银行,2009-09-30,26.43亿,-14.93%,26.13亿,-16.49%,123.04亿,-6.65%,0.5295,5.83,2.88,0.59,1.52,21.48%,0.0000%,9.07%,False,False,False,False,False,27.28,96.46%
600015,华夏银行,2009-12-31,37.60亿,22.45%,36.98亿,20.84%,171.30亿,-2.74%,0.7500,6.06,2.88,0.42,-8.03,21.95%,13.04%,12.44%,False,False,False,False,False,26.96,96.42%
600015,华夏银行,2010-03-31,13.07亿,86.09%,13.08亿,82.24%,56.01亿,54.80%,0.2600,6.33,2.89,0.69,0.06,23.33%,4.23%,4.14%,False,False,False,False,False,27.22,96.46%
600015,华夏银行,2010-06-30,30.08亿,80.57%,30.02亿,83.18%,115.61亿,49.32%,0.6026,6.54,2.89,0.90,-2.51,26.01%,9.50%,9.21%,False,False,False,False,False,27.83,96.53%
600015,华夏银行,2010-09-30,45.27亿,71.32%,45.52亿,74.20%,177.19亿,44.00%,0.9100,6.85,2.89,1.20,-3.83,25.55%,14.04%,13.25%,False,False,False,False,False,28.58,96.62%
600015,华夏银行,2010-12-31,59.90亿,59.29%,60.00亿,62.23%,244.79亿,42.90%,1.2002,7.11,2.86,1.09,4.66,24.47%,18.25%,16.87%,False,False,False,False,False,28.31,96.59%
600015,华夏银行,2011-03-31,17.08亿,30.70%,17.44亿,33.27%,73.99亿,32.11%,0.3400,7.45,2.86,1.43,-0.30,23.08%,4.70%,4.59%,False,False,False,False,False,29.17,96.69%
600015,华夏银行,2011-06-30,42.67亿,41.89%,43.25亿,44.05%,158.66亿,37.24%,0.7606,8.59,4.74,1.27,-1.10,26.90%,9.71%,7.26%,False,False,False,False,False,18.40,94.85%
600015,华夏银行,2011-09-30,65.38亿,44.42%,66.03亿,45.07%,245.77亿,38.71%,1.0900,8.90,4.72,1.60,3.16,26.60%,13.27%,10.73%,False,False,False,False,False,16.72,94.36%
600015,华夏银行,2011-12-31,92.22亿,53.97%,92.55亿,54.25%,335.44亿,37.03%,1.4802,9.33,4.76,1.66,11.54,27.49%,17.44%,14.43%,False,False,False,False,False,18.47,94.86%
600015,华夏银行,2012-03-31,23.51亿,37.68%,23.29亿,33.56%,90.37亿,22.13%,0.3400,9.68,4.76,2.00,-1.08,26.01%,3.61%,3.55%,False,False,False,False,False,17.86,94.69%
600015,华夏银行,2012-06-30,60.76亿,42.38%,59.21亿,36.91%,194.52亿,22.60%,0.6800,10.01,4.81,2.29,2.00,31.23%,9.09%,8.86%,False,False,False,False,False,18.75,94.93%
600015,华夏银行,2012-09-30,91.81亿,40.42%,90.84亿,37.57%,293.72亿,19.51%,1.0300,10.39,4.73,2.75,9.23,31.25%,13.58%,12.90%,False,False,False,False,False,19.33,95.08%
600015,华夏银行,2012-12-31,127.97亿,38.77%,127.28亿,37.53%,397.78亿,18.58%,1.4400,10.90,4.72,2.63,13.85,32.17%,18.50%,17.13%,False,False,False,False,False,18.93,94.98%
600015,华夏银行,2013-03-31,29.50亿,25.47%,29.07亿,24.81%,106.39亿,17.73%,0.3300,11.37,4.75,3.06,-2.27,27.74%,3.87%,3.79%,False,False,False,False,False,18.51,94.87%
600015,华夏银行,2013-06-30,73.00亿,20.14%,72.95亿,23.20%,222.07亿,14.16%,0.8200,9.22,4.73,3.69,10.89,32.86%,9.31%,8.89%,False,False,False,False,False,17.35,94.52%
600015,华夏银行,2013-09-30,111.30亿,21.23%,111.17亿,22.38%,333.65亿,13.59%,1.2500,9.20,3.33,2.91,2.58,33.35%,14.05%,13.58%,False,False,False,False,False,17.93,94.68%
600015,华夏银行,2013-12-31,155.06亿,21.17%,154.77亿,21.60%,452.19亿,13.68%,1.7400,9.59,3.22,3.40,9.07,34.30%,19.30%,18.15%,False,False,False,False,False,18.57,94.86%
600015,华夏银行,2014-03-31,37.22亿,26.17%,37.14亿,27.78%,122.62亿,15.26%,0.4200,10.07,3.28,3.82,-6.08,30.42%,4.25%,4.15%,False,False,False,False,False,18.33,94.79%
600015,华夏银行,2014-06-30,86.70亿,18.77%,85.99亿,17.88%,263.77亿,18.78%,0.8100,10.27,3.36,3.30,-11.04,32.95%,9.66%,9.48%,False,False,False,False,False,18.44,94.82%
600015,华夏银行,2014-09-30,131.77亿,18.39%,130.96亿,17.80%,408.19亿,22.34%,1.2300,10.81,3.40,3.81,-5.06,32.37%,14.47%,13.69%,False,False,False,False,False,17.53,94.57%
600015,华夏银行,2014-12-31,179.81亿,15.96%,179.12亿,15.73%,548.85亿,21.38%,1.6800,11.39,3.43,4.35,1.45,32.84%,19.31%,17.72%,False,False,False,False,False,17.24,94.49%
600015,华夏银行,2015-03-31,41.36亿,11.12%,41.28亿,11.15%,128.76亿,5.01%,0.3900,11.83,3.43,4.81,-2.94,32.28%,4.00%,3.93%,False,False,False,False,False,16.28,94.18%
600015,华夏银行,2015-06-30,92.63亿,6.84%,92.43亿,7.49%,283.28亿,7.40%,0.8700,10.40,3.43,4.70,-1.53,32.87%,8.72%,8.34%,False,False,False,False,False,16.25,94.17%
600015,华夏银行,2015-09-30,139.12亿,5.58%,138.77亿,5.96%,431.72亿,5.76%,1.3000,10.50,2.69,3.99,7.13,32.38%,12.90%,12.40%,False,False,False,False,False,16.38,94.21%
600015,华夏银行,2015-12-31,188.83亿,5.02%,186.92亿,4.35%,588.44亿,7.21%,1.7700,11.01,2.69,4.45,0.15,32.21%,17.18%,16.05%,False,False,False,False,False,16.16,94.14%
600015,华夏银行,2016-03-31,44.31亿,7.13%,44.23亿,7.15%,151.19亿,17.42%,0.4100,13.29,2.69,4.87,-9.55,29.51%,3.70%,3.12%,False,False,False,False,False,13.74,93.18%
600015,华夏银行,2016-06-30,98.26亿,6.08%,97.96亿,5.98%,312.05亿,10.16%,0.7700,11.54,2.69,4.54,6.92,31.65%,8.02%,6.85%,False,False,False,False,False,14.69,93.60%
600015,华夏银行,2016-09-30,146.17亿,5.07%,145.56亿,4.89%,475.95亿,10.25%,1.1400,12.01,2.69,4.99,6.83,30.86%,11.82%,9.86%,False,False,False,False,False,14.33,93.44%
600015,华夏银行,2016-12-31,196.77亿,4.20%,195.93亿,4.82%,640.15亿,8.80%,1.5300,12.37,2.69,5.46,13.09,30.86%,15.75%,12.93%,False,False,False,False,False,14.48,93.51%
600015,华夏银行,2017-03-31,44.99亿,1.53%,44.87亿,1.45%,163.32亿,8.02%,0.2900,12.68,2.69,5.80,0.70,27.83%,2.73%,2.89%,False,False,False,False,False,14.42,93.48%
600015,华夏银行,2017-06-30,98.36亿,0.10%,98.19亿,0.23%,333.56亿,6.87%,0.7000,10.82,2.08,4.55,-3.09,29.71%,6.59%,6.20%,False,False,False,False,False,14.26,93.41%
600015,华夏银行,2017-09-30,142.27亿,-2.67%,141.91亿,-2.51%,500.87亿,5.20%,1.0400,11.16,2.08,4.87,-7.85,28.61%,9.70%,8.72%,False,False,False,False,False,13.99,93.30%
600015,华夏银行,2017-12-31,198.19亿,0.72%,197.37亿,0.73%,663.84亿,3.70%,1.4800,11.55,2.08,5.30,-6.85,30.03%,13.54%,11.79%,False,False,False,False,False,13.92,93.24%
600015,华夏银行,2018-03-31,45.49亿,1.11%,45.43亿,1.25%,159.05亿,-2.61%,0.2900,11.87,2.08,5.59,-4.79,28.83%,2.47%,2.64%,False,False,False,False,False,13.76,93.17%
600015,华夏银行,2018-06-30,100.35亿,2.02%,100.10亿,1.95%,328.76亿,-1.44%,0.7200,12.18,2.08,5.59,-8.52,30.76%,6.01%,5.70%,False,False,False,False,False,13.57,93.08%
600015,华夏银行,2018-09-30,145.13亿,2.01%,144.98亿,2.16%,506.23亿,1.07%,1.0700,12.55,2.08,5.93,-8.40,28.88%,8.83%,8.02%,False,False,False,False,False,13.44,93.02%
600015,华夏银行,2018-12-31,208.54亿,5.22%,208.07亿,5.42%,722.27亿,8.80%,1.5600,12.81,3.46,5.36,-6.56,29.06%,12.67%,9.60%,False,False,False,False,False,11.34,91.84%
600015,华夏银行,2019-03-31,46.04亿,1.21%,45.77亿,0.75%,195.09亿,22.66%,0.2400,12.56,3.46,5.06,3.12,23.80%,1.97%,2.16%,False,False,False,False,False,12.10,92.31%
600015,华夏银行,2019-06-30,105.43亿,5.06%,105.05亿,4.95%,397.97亿,21.05%,0.6300,12.78,3.46,4.95,10.51,26.70%,4.99%,4.11%,False,False,False,False,False,10.78,91.46%
600015,华夏银行,2019-09-30,152.44亿,5.04%,152.32亿,5.06%,618.79亿,22.24%,0.9400,13.09,3.46,5.25,7.91,24.85%,7.36%,5.83%,False,False,False,False,False,10.55,91.29%
600015,华夏银行,2019-12-31,219.05亿,5.04%,218.56亿,5.04%,847.34亿,17.32%,1.3700,13.49,3.46,5.69,5.14,26.10%,10.61%,8.19%,False,False,False,False,False,10.28,91.08%
600015,华夏银行,2020-03-31,48.40亿,5.13%,48.60亿,6.18%,235.94亿,20.94%,0.2600,13.83,3.46,5.95,0.28,20.86%,1.90%,1.77%,False,False,False,False,False,10.39,91.17%
600015,华夏银行,2020-06-30,93.37亿,-11.44%,93.35亿,-11.14%,475.81亿,19.56%,0.4300,13.65,3.46,5.47,1.84,19.97%,3.11%,3.46%,False,False,False,False,False,11.09,91.68%
600015,华夏银行,2020-09-30,141.20亿,-7.37%,141.21亿,-7.29%,706.59亿,14.19%,0.7400,13.87,3.46,5.78,2.58,20.23%,5.37%,5.16%,False,False,False,False,False,11.18,91.74%
600015,华夏银行,2020-12-31,212.75亿,-2.88%,213.00亿,-2.54%,953.09亿,12.48%,1.2000,14.34,3.46,6.25,2.26,22.63%,8.64%,7.58%,False,False,False,False,False,11.11,91.69%
600015,华夏银行,2021-03-31,53.55亿,10.64%,53.50亿,10.08%,236.11亿,0.07%,0.2900,14.65,3.46,6.55,-1.30,23.09%,2.02%,1.88%,False,False,False,False,False,11.15,91.72%
600015,华夏银行,2021-06-30,109.80亿,17.60%,110.66亿,18.54%,481.13亿,1.12%,0.5300,14.61,3.46,6.04,-0.18,23.27%,3.64%,3.86%,False,False,False,False,False,11.34,91.84%
600015,华夏银行,2021-09-30,161.95亿,14.70%,162.40亿,15.01%,724.93亿,2.60%,0.8700,15.01,3.46,6.37,5.82,22.68%,5.92%,5.57%,False,False,False,False,False,11.19,91.74%
600015,华夏银行,2021-12-31,235.35亿,10.62%,235.77亿,10.69%,958.70亿,0.59%,1.3500,15.49,3.46,6.85,4.62,24.93%,9.04%,7.89%,False,False,False,False,False,11.32,91.82%
600015,华夏银行,2022-03-31,56.26亿,5.06%,56.09亿,4.84%,240.00亿,1.65%,0.3000,15.76,3.46,7.16,2.55,23.86%,1.95%,1.86%,False,False,False,False,False,11.64,92.03%
600015,华夏银行,2022-06-30,115.30亿,5.01%,115.03亿,3.95%,484.52亿,0.70%,0.5600,15.66,3.46,6.71,4.54,24.29%,3.59%,3.83%,False,False,False,False,False,11.77,92.10%
600015,华夏银行,2022-09-30,170.76亿,5.44%,170.51亿,4.99%,729.63亿,0.65%,0.9200,16.03,3.46,7.05,1.92,23.90%,5.84%,5.57%,False,False,False,False,False,11.52,91.95%
600015,华夏银行,2022-12-31,250.35亿,6.37%,251.34亿,6.60%,938.08亿,-2.15%,1.4300,16.37,3.82,7.31,4.96,27.17%,9.00%,7.81%,False,False,False,False,False,11.16,91.71%
600015,华夏银行,2023-03-31,58.54亿,4.05%,58.18亿,3.73%,231.17亿,-3.68%,0.3100,16.69,3.82,7.62,2.27,25.81%,1.87%,1.92%,False,False,False,False,False,12.17,92.34%
600015,华夏银行,2023-06-30,121.14亿,5.07%,120.04亿,4.36%,476.42亿,-1.67%,0.5800,16.63,3.82,7.27,4.66,25.95%,3.48%,3.98%,False,False,False,False,False,12.44,92.49%
600015,华夏银行,2023-09-30,179.55亿,5.15%,178.62亿,4.76%,711.09亿,-2.54%,0.9500,16.95,3.82,7.63,7.67,25.79%,5.66%,5.80%,False,False,False,False,False,12.24,92.38%
600015,华夏银行,2023-12-31,263.63亿,5.30%,262.73亿,4.53%,932.07亿,-0.64%,1.4800,17.50,3.82,8.16,15.91,28.80%,8.71%,8.28%,False,False,False,False,False,12.35,92.44%
600015,华夏银行,2024-03-31,58.90亿,0.61%,58.63亿,0.77%,221.14亿,-4.34%,0.3700,17.97,3.82,8.53,1.68,27.16%,2.09%,1.81%,False,False,False,False,False,12.42,92.48%
600015,华夏银行,2024-06-30,124.60亿,2.86%,124.21亿,3.47%,483.54亿,1.49%,0.6600,17.95,3.82,8.20,0.15,26.30%,3.69%,3.83%,False,False,False,False,False,12.28,92.39%
600015,华夏银行,2024-09-30,185.11亿,3.10%,184.97亿,3.56%,711.35亿,0.04%,1.0400,18.33,3.82,8.58,-0.47,26.57%,5.79%,5.26%,False,False,False,False,False,11.34,91.82%
600015,华夏银行,2024-12-31,276.76亿,4.98%,276.78亿,5.35%,971.46亿,4.23%,1.6200,18.97,3.82,9.04,2.67,29.02%,8.84%,7.65%,False,False,False,False,False,11.08,91.64%
600015,华夏银行,2025-03-31,50.63亿,-14.04%,49.04亿,-16.36%,181.94亿,-17.73%,0.3200,19.17,3.82,9.35,2.31,28.43%,1.67%,1.39%,False,False,False,False,False,11.38,91.84%
600015,华夏银行,2025-06-30,114.70亿,-7.95%,112.97亿,-9.05%,455.22亿,-5.86%,0.6600,19.21,3.82,9.18,8.29,25.80%,3.42%,3.14%,False,False,False,False,False,11.43,91.88%
600015,华夏银行,2025-09-30,179.82亿,-2.86%,178.22亿,-3.65%,648.81亿,-8.79%,1.0400,19.39,3.82,9.56,5.58,28.46%,5.41%,4.88%,False,False,False,False,False,11.43,91.88%
600015,华夏银行,2025-12-31,272.00亿,-1.72%,271.53亿,-1.90%,919.14亿,-5.39%,1.6200,19.84,3.82,10.03,4.34,30.19%,8.32%,6.87%,False,False,False,False,False,10.96,91.56%
600015,华夏银行,2026-03-31,49.87亿,-1.50%,49.88亿,1.71%,246.22亿,35.33%,0.3100,20.19,3.82,10.35,-2.27,20.79%,1.57%,1.24%,False,False,False,False,False,11.14,91.69%
600016,民生银行,1997-12-31,1.70亿,False,False,False,8.13亿,False,False,1.13,0.0100,0.08,False,20.91%,False,10.91%,,,0.92,0.92,0.03,10.89,91.59%
600016,民生银行,1998-12-31,1.98亿,16.58%,False,False,11.45亿,40.89%,False,1.17,0.0100,0.10,False,17.30%,False,12.23%,,,0.78,0.77,0.02,14.65,93.61%
600016,民生银行,1999-12-31,2.00亿,1.06%,False,False,16.24亿,7.70%,False,1.11,0.0100,False,0.13,19.03%,False,15.31%,,,0.81,0.80,0.03,22.88,95.81%
600016,民生银行,2000-06-30,1.59亿,False,False,False,10.33亿,False,False,1.26,0.0100,0.15,0.40,24.70%,False,11.84%,,,0.85,0.84,0.04,26.96,96.42%
600016,民生银行,2000-12-31,2.39亿,19.17%,4.09亿,False,27.10亿,66.84%,False,3.47,2.17,0.21,1.05,15.84%,25.36%,7.16%,,,0.95,0.92,0.01,10.35,91.19%
600016,民生银行,2001-03-31,1.65亿,False,False,False,8.89亿,False,False,False,False,False,False,18.60%,False,False,,,False,False,False,12.10,92.36%
600016,民生银行,2001-06-30,1.90亿,19.31%,3.02亿,False,20.47亿,98.11%,0.1300,2.60,1.44,0.11,6.75,14.77%,5.00%,5.17%,,,0.84,0.83,0.01,16.13,94.16%
600016,民生银行,2001-09-30,4.80亿,False,4.36亿,False,33.89亿,False,False,2.71,1.44,0.21,False,14.16%,False,8.05%,,,0.92,0.92,0.07,18.39,94.84%
600016,民生银行,2001-12-31,6.46亿,170.88%,6.33亿,54.99%,51.20亿,89.33%,0.2900,2.41,1.13,0.23,7.02,12.60%,12.25%,11.91%,,,0.89,0.88,0.0070,24.60,96.09%
600016,民生银行,2002-03-31,1.99亿,20.42%,False,False,13.54亿,52.29%,False,2.50,1.13,0.32,False,14.71%,False,3.54%,,,0.90,0.90,0.13,24.17,96.03%
600016,民生银行,2002-06-30,4.31亿,126.72%,4.30亿,42.19%,30.34亿,48.18%,0.1700,2.20,0.98,0.18,5.77,14.20%,7.64%,7.56%,,,0.91,0.90,0.0065,33.39,97.09%
600016,民生银行,2002-09-30,6.60亿,37.66%,6.54亿,50.16%,46.55亿,37.36%,False,2.29,0.98,0.26,False,14.19%,False,11.14%,,,0.86,0.86,0.02,35.43,97.26%
600016,民生银行,2002-12-31,8.72亿,34.88%,8.89亿,40.40%,72.14亿,40.90%,0.3400,2.32,0.98,0.24,13.68,12.36%,15.39%,14.85%,,,0.86,0.86,0.03,40.02,97.56%
600016,民生银行,2003-03-31,2.85亿,42.86%,False,False,20.66亿,52.58%,False,2.43,0.98,0.35,-6.87,13.77%,False,4.52%,,,0.80,0.80,0.02,39.45,97.53%
600016,民生银行,2003-06-30,6.49亿,50.68%,6.39亿,48.61%,49.16亿,61.97%,0.2100,1.98,0.68,0.22,0.51,12.99%,10.09%,9.61%,,,0.81,0.79,0.01,48.65,97.99%
600016,民生银行,2003-09-30,10.67亿,61.63%,10.53亿,60.93%,81.33亿,74.72%,False,2.15,0.73,0.34,9.72,12.96%,False,14.49%,,,0.76,0.75,0.01,48.35,97.97%
600016,民生银行,2003-12-31,13.91亿,59.58%,13.93亿,56.67%,120.50亿,66.87%,0.4100,2.66,1.12,0.41,6.94,11.56%,19.46%,14.42%,,,0.75,0.74,0.0072,36.42,97.33%
600016,民生银行,2004-03-31,4.60亿,61.62%,4.61亿,False,36.15亿,74.94%,False,3.05,1.42,0.51,-0.94,12.72%,False,3.94%,,,0.74,0.73,0.01,31.47,96.92%
600016,民生银行,2004-06-30,10.93亿,68.39%,10.94亿,71.14%,82.42亿,67.66%,0.2100,2.31,0.95,0.26,0.25,13.26%,9.76%,9.15%,,,0.73,0.72,0.03,32.98,97.06%
600016,民生银行,2004-09-30,15.70亿,47.14%,15.68亿,48.99%,128.20亿,57.64%,False,2.40,0.95,0.35,0.06,12.25%,False,12.62%,,,0.74,0.73,0.03,32.91,97.05%
600016,民生银行,2004-12-31,20.38亿,46.52%,20.24亿,45.33%,179.59亿,49.03%,0.4000,2.49,0.95,0.39,-2.91,11.35%,17.32%,15.79%,,,0.74,0.73,0.04,33.51,97.10%
600016,民生银行,2005-03-31,6.06亿,31.75%,6.07亿,31.73%,50.06亿,38.49%,False,2.61,0.95,0.50,2.42,12.10%,False,4.48%,,,0.73,0.72,0.05,33.61,97.11%
600016,民生银行,2005-06-30,12.68亿,16.03%,12.67亿,15.80%,112.41亿,36.39%,0.2000,2.22,0.80,0.30,5.51,11.28%,9.45%,9.18%,,,0.75,0.74,0.03,36.08,97.30%
600016,民生银行,2005-09-30,19.92亿,26.84%,19.90亿,26.88%,172.47亿,34.53%,False,2.36,0.82,0.41,-0.20,11.55%,False,13.43%,,,0.75,0.74,0.04,33.98,97.14%
600016,民生银行,2005-12-31,26.73亿,31.15%,27.01亿,33.42%,128.26亿,32.53%,0.3700,2.13,0.58,0.23,2.11,11.35%,19.18%,17.48%,,,0.76,0.74,0.04,35.04,97.23%
600016,民生银行,2006-03-31,7.54亿,24.41%,7.54亿,24.21%,34.18亿,-31.72%,False,2.19,0.58,0.30,-3.00,22.06%,False,4.74%,,,False,False,False,34.67,97.20%
600016,民生银行,2006-06-30,17.02亿,34.19%,17.34亿,36.89%,76.58亿,-31.87%,0.1400,1.63,0.24,0.19,-0.41,22.22%,10.68%,10.44%,,,False,False,False,36.66,97.34%
600016,民生银行,2006-09-30,25.30亿,27.02%,25.33亿,27.30%,119.52亿,-30.70%,0.2500,1.71,0.24,0.27,1.12,21.17%,False,14.54%,,,False,False,False,36.36,97.32%
600016,民生银行,2006-12-31,37.58亿,40.58%,38.31亿,41.84%,174.52亿,36.08%,0.3100,1.90,0.24,0.18,4.04,21.95%,22.35%,19.85%,,,False,False,False,35.28,97.24%
600016,民生银行,2007-03-31,11.05亿,46.63%,11.04亿,46.43%,49.15亿,43.83%,0.1100,2.01,0.23,0.29,-3.56,22.49%,False,5.42%,,,False,False,False,32.95,97.05%
600016,民生银行,2007-06-30,28.21亿,65.81%,28.14亿,62.29%,112.90亿,47.42%,0.2300,2.96,1.12,0.32,-0.90,24.99%,12.80%,6.57%,,,False,False,False,18.86,94.96%
600016,民生银行,2007-09-30,43.12亿,70.44%,42.82亿,69.03%,179.77亿,50.41%,0.3300,3.12,1.12,0.42,0.26,23.99%,False,9.54%,,,False,False,False,19.89,95.21%
600016,民生银行,2007-12-31,63.35亿,68.57%,62.98亿,64.40%,253.01亿,44.98%,0.4800,3.47,1.12,0.33,-0.81,25.04%,18.23%,12.62%,,,False,False,False,17.33,94.54%
600016,民生银行,2008-03-31,24.59亿,122.48%,24.63亿,123.20%,76.64亿,56.78%,0.1300,2.59,1.27,0.25,-0.34,31.88%,False,5.05%,,,False,False,False,19.59,95.09%
600016,民生银行,2008-06-30,60.41亿,114.12%,60.38亿,114.58%,176.71亿,56.52%,0.3200,2.90,1.10,0.38,0.96,34.21%,11.55%,11.06%,,,False,False,False,18.44,94.80%
600016,民生银行,2008-09-30,86.37亿,100.28%,86.93亿,102.99%,272.27亿,51.46%,0.4600,3.03,1.09,0.52,-0.34,31.86%,0.0000%,15.15%,,,False,False,False,17.66,94.58%
600016,民生银行,2008-12-31,78.85亿,24.46%,78.26亿,24.26%,350.17亿,38.40%,0.4200,2.86,0.96,0.32,2.83,22.54%,15.23%,14.63%,,,False,False,False,18.55,94.81%
600016,民生银行,2009-03-31,24.99亿,1.63%,24.98亿,1.42%,87.48亿,14.14%,0.1300,3.02,0.98,0.45,-2.24,28.52%,0.0000%,4.40%,,,False,False,False,19.44,95.04%
600016,民生银行,2009-06-30,73.74亿,22.07%,73.59亿,21.88%,212.48亿,20.24%,0.3900,3.04,0.83,0.63,-2.21,34.73%,13.09%,12.88%,,,False,False,False,23.61,95.88%
600016,民生银行,2009-09-30,102.01亿,18.11%,102.52亿,17.94%,313.49亿,15.14%,0.4500,3.17,0.80,0.78,0.07,32.58%,0.0000%,17.11%,,,False,False,False,22.52,95.69%
600016,民生银行,2009-12-31,121.04亿,53.51%,83.86亿,7.16%,420.60亿,20.11%,0.5100,3.95,1.72,0.56,2.56,28.79%,20.19%,13.75%,,,False,False,False,15.19,93.77%
600016,民生银行,2010-03-31,42.69亿,70.83%,42.76亿,71.18%,123.79亿,41.51%,0.1600,4.16,1.73,0.75,0.22,34.60%,4.73%,4.61%,,,False,False,False,15.01,93.70%
600016,民生银行,2010-06-30,88.66亿,20.23%,88.98亿,20.91%,260.86亿,22.77%,0.3300,4.31,1.72,0.91,2.81,34.21%,9.59%,9.24%,,,False,False,False,15.98,94.06%
600016,民生银行,2010-09-30,130.07亿,27.51%,130.43亿,27.22%,400.41亿,27.73%,0.4900,3.75,1.44,0.75,1.77,32.72%,13.80%,12.99%,,,False,False,False,16.61,94.26%
600016,民生银行,2010-12-31,175.81亿,45.25%,175.65亿,109.46%,547.68亿,30.21%,0.6600,3.90,1.41,0.74,1.40,32.30%,18.29%,16.89%,,,False,False,False,16.51,94.23%
600016,民生银行,2011-03-31,62.10亿,45.47%,62.34亿,45.79%,171.57亿,38.60%,0.2300,4.13,1.42,0.98,2.65,36.51%,5.79%,5.63%,,,False,False,False,17.49,94.54%
600016,民生银行,2011-06-30,139.18亿,56.98%,139.53亿,56.81%,388.56亿,48.95%,0.5200,4.31,1.41,1.17,-1.10,36.17%,12.54%,12.07%,,,False,False,False,17.73,94.59%
600016,民生银行,2011-09-30,213.86亿,64.42%,214.96亿,64.81%,602.16亿,50.39%,0.8000,4.59,1.40,1.44,-0.49,35.87%,18.79%,17.45%,,,False,False,False,16.30,94.14%
600016,民生银行,2011-12-31,279.20亿,58.81%,280.61亿,59.76%,823.68亿,50.39%,1.0500,4.85,1.43,1.47,3.78,34.53%,23.95%,21.54%,,,False,False,False,16.17,93.98%
600016,民生银行,2012-03-31,91.72亿,47.70%,93.96亿,50.72%,250.35亿,45.92%,0.3400,5.20,1.44,1.81,-1.61,37.29%,6.83%,6.60%,,,False,False,False,16.37,94.06%
600016,民生银行,2012-06-30,190.53亿,36.89%,192.40亿,37.89%,514.56亿,32.43%,0.6900,5.28,1.63,1.58,-2.36,37.72%,13.44%,12.72%,,,False,False,False,16.29,94.04%
600016,民生银行,2012-09-30,288.10亿,34.71%,289.77亿,34.80%,776.63亿,28.97%,1.0400,5.44,1.60,1.77,-1.70,37.82%,19.74%,18.66%,,,False,False,False,17.17,94.32%
600016,民生银行,2012-12-31,375.63亿,34.54%,377.78亿,34.63%,1031.11亿,25.18%,1.3400,5.75,1.60,1.33,-0.70,37.15%,25.24%,23.03%,,,False,False,False,18.66,94.75%
600016,民生银行,2013-03-31,110.15亿,20.09%,111.56亿,18.73%,288.77亿,15.35%,0.3900,6.27,1.73,1.71,0.79,39.08%,6.50%,6.19%,,,False,False,False,17.51,94.43%
600016,民生银行,2013-06-30,229.45亿,20.43%,229.08亿,19.06%,582.89亿,13.28%,0.6700,6.53,1.71,1.80,-1.13,40.31%,13.02%,12.39%,,,False,False,False,17.39,94.39%
600016,民生银行,2013-09-30,333.14亿,15.63%,332.56亿,14.77%,859.75亿,10.70%,0.9700,6.69,1.67,2.01,0.56,39.67%,18.56%,17.55%,,,False,False,False,16.42,94.08%
600016,民生银行,2013-12-31,422.78亿,12.55%,421.67亿,11.62%,1158.86亿,12.39%,1.2400,6.97,1.64,2.26,-1.24,37.35%,23.23%,21.38%,,,False,False,False,15.28,93.67%
600016,民生银行,2014-03-31,126.76亿,15.08%,126.42亿,13.32%,312.31亿,8.15%,0.3700,7.44,1.66,2.70,1.89,41.40%,6.20%,6.01%,,,False,False,False,14.52,93.36%
600016,民生银行,2014-06-30,255.70亿,11.44%,255.86亿,11.69%,651.29亿,11.73%,0.7500,6.53,1.41,2.36,3.07,40.06%,12.11%,11.51%,,,False,False,False,15.04,93.58%
600016,民生银行,2014-09-30,367.78亿,10.40%,367.67亿,10.56%,999.16亿,16.22%,1.0800,6.86,1.42,2.69,2.63,37.46%,17.03%,15.75%,,,False,False,False,15.11,93.61%
600016,民生银行,2014-12-31,445.46亿,5.36%,444.96亿,5.52%,1354.69亿,16.90%,1.3100,7.03,1.46,2.64,6.71,33.64%,20.41%,18.55%,,,False,False,False,15.69,93.83%
600016,民生银行,2015-03-31,133.77亿,5.53%,133.63亿,5.70%,360.30亿,15.37%,0.3900,7.42,1.47,3.02,1.91,37.65%,5.41%,5.26%,,,False,False,False,14.78,93.48%
600016,民生银行,2015-06-30,267.78亿,4.72%,266.86亿,4.30%,769.02亿,18.08%,0.7800,7.68,1.77,2.82,2.11,35.46%,10.49%,9.55%,,,False,False,False,14.32,93.30%
600016,民生银行,2015-09-30,383.77亿,4.35%,382.45亿,4.02%,1161.70亿,16.27%,1.1000,8.02,1.77,3.13,3.36,33.63%,14.47%,13.12%,,,False,False,False,13.93,93.13%
600016,民生银行,2015-12-31,461.11亿,3.51%,458.48亿,3.04%,1544.25亿,13.99%,1.3000,8.26,1.77,3.20,6.17,30.45%,16.98%,15.31%,,,False,False,False,13.98,93.15%
600016,民生银行,2016-03-31,137.06亿,2.46%,137.04亿,2.55%,401.34亿,11.39%,0.3800,8.52,1.77,3.50,4.84,34.76%,4.49%,4.41%,,,False,False,False,14.48,93.37%
600016,民生银行,2016-06-30,272.23亿,1.66%,272.47亿,2.10%,779.51亿,1.36%,0.7500,8.74,1.77,3.42,19.97,35.54%,8.75%,8.54%,,,False,False,False,15.44,93.76%
600016,民生银行,2016-09-30,391.63亿,2.05%,392.44亿,2.61%,1163.81亿,0.18%,1.0700,8.95,1.77,3.63,23.45,34.27%,12.44%,11.99%,,,False,False,False,16.23,94.04%
600016,民生银行,2016-12-31,478.43亿,3.76%,478.85亿,4.44%,1551.54亿,0.51%,1.3100,9.12,1.77,3.58,28.20,31.43%,15.13%,13.97%,,,False,False,False,16.18,94.03%
600016,民生银行,2017-03-31,141.99亿,3.60%,141.98亿,3.60%,362.54亿,-9.73%,0.3900,9.51,1.77,3.97,-1.20,40.04%,4.18%,3.98%,,,False,False,False,15.66,93.84%
600016,民生银行,2017-06-30,280.88亿,3.18%,279.29亿,2.50%,706.50亿,-9.51%,0.6400,9.71,1.77,4.11,-10.09,40.57%,8.12%,7.71%,,,False,False,False,14.81,93.51%
600016,民生银行,2017-09-30,402.43亿,2.76%,401.81亿,2.39%,1061.75亿,-8.97%,0.9200,9.89,1.77,4.31,-10.08,38.80%,11.52%,10.85%,,,False,False,False,14.38,93.33%
600016,民生银行,2017-12-31,498.13亿,4.12%,497.21亿,3.83%,1442.81亿,-7.01%,1.1300,10.12,1.77,4.48,-7.05,35.29%,14.03%,13.14%,,,False,False,False,14.55,93.40%
600016,民生银行,2018-03-31,149.42亿,5.23%,151.11亿,6.43%,367.48亿,1.36%,0.3400,10.28,1.77,4.57,-3.36,41.16%,4.07%,3.88%,,,False,False,False,14.56,93.41%
600016,民生银行,2018-06-30,296.18亿,5.45%,297.97亿,6.69%,754.17亿,6.75%,0.6800,8.84,1.31,4.07,-3.71,39.58%,7.91%,7.46%,,,False,False,False,14.24,93.27%
600016,民生银行,2018-09-30,426.85亿,6.07%,429.77亿,6.96%,1156.52亿,8.93%,0.9700,9.17,1.31,4.36,-7.73,37.32%,11.21%,10.38%,,,False,False,False,13.48,92.92%
600016,民生银行,2018-12-31,503.27亿,1.03%,505.06亿,1.58%,1567.69亿,8.66%,1.1400,9.37,1.31,4.41,-9.03,32.10%,12.94%,11.98%,,,False,False,False,13.24,92.81%
600016,民生银行,2019-03-31,157.92亿,5.69%,157.70亿,4.36%,438.59亿,19.35%,0.3600,9.75,1.31,4.77,1.79,36.41%,3.77%,3.61%,,,False,False,False,13.16,92.77%
600016,民生银行,2019-06-30,316.23亿,6.77%,316.17亿,6.11%,882.56亿,17.02%,0.7200,9.76,1.31,4.79,1.41,36.22%,7.43%,6.62%,,,False,False,False,12.26,92.29%
600016,民生银行,2019-09-30,455.29亿,6.66%,455.45亿,5.98%,1331.28亿,15.11%,1.0400,10.09,1.31,5.10,-2.73,34.64%,10.64%,9.26%,,,False,False,False,11.74,91.98%
600016,民生银行,2019-12-31,538.19亿,6.94%,537.20亿,6.36%,1804.41亿,15.10%,1.2200,10.26,1.31,5.00,-1.94,30.44%,12.40%,10.37%,,,False,False,False,11.86,92.06%
600016,民生银行,2020-03-31,166.50亿,5.43%,167.10亿,5.96%,493.33亿,12.48%,0.3800,10.68,1.31,5.37,3.03,34.08%,3.63%,3.10%,,,False,False,False,11.93,92.12%
600016,民生银行,2020-06-30,284.53亿,-10.02%,284.58亿,-9.99%,981.08亿,11.16%,0.6100,10.45,1.31,5.23,2.60,29.34%,5.74%,5.39%,,,False,False,False,12.52,92.46%
600016,民生银行,2020-09-30,373.29亿,-18.01%,374.77亿,-17.71%,1433.21亿,7.66%,0.7900,10.57,1.31,5.41,-2.16,26.44%,7.52%,7.01%,,,False,False,False,11.98,92.14%
600016,民生银行,2020-12-31,343.09亿,-36.25%,344.55亿,-35.86%,1849.51亿,2.50%,0.7100,10.50,1.31,5.14,-1.88,18.98%,6.81%,6.48%,,,False,False,False,12.10,92.21%
600016,民生银行,2021-03-31,147.47亿,-11.43%,147.57亿,-11.69%,430.72亿,-12.69%,0.3400,10.86,1.31,5.48,1.40,33.93%,3.16%,2.71%,,,False,False,False,11.93,92.12%
600016,民生银行,2021-06-30,265.56亿,-6.67%,265.60亿,-6.67%,877.75亿,-10.53%,0.5600,10.86,1.31,5.49,6.58,30.46%,5.72%,4.61%,,,False,False,False,11.27,91.69%
600016,民生银行,2021-09-30,354.87亿,-4.93%,355.93亿,-5.03%,1306.35亿,-8.85%,0.7500,11.11,1.31,5.68,6.78,27.39%,6.97%,6.05%,,,False,False,False,10.94,91.47%
600016,民生银行,2021-12-31,343.81亿,0.21%,344.95亿,0.12%,1688.04亿,-8.73%,0.7100,11.06,1.33,5.55,3.55,20.65%,6.59%,5.99%,,,False,False,False,11.09,91.56%
600016,民生银行,2022-03-31,137.24亿,-6.94%,136.91亿,-7.22%,366.34亿,-14.95%,0.3100,11.34,1.33,5.87,3.25,37.72%,2.80%,2.34%,,,False,False,False,11.19,91.63%
600016,民生银行,2022-06-30,246.38亿,-7.22%,246.23亿,-7.29%,741.99亿,-15.47%,0.4900,11.31,1.33,5.83,1.87,33.54%,4.33%,4.17%,,,False,False,False,11.38,91.77%
600016,民生银行,2022-09-30,337.78亿,-4.82%,337.64亿,-5.14%,1085.96亿,-16.87%,0.6800,11.50,1.33,6.01,-0.29,31.34%,5.99%,5.64%,,,False,False,False,10.90,91.43%
600016,民生银行,2022-12-31,352.69亿,2.58%,350.91亿,1.73%,1424.76亿,-15.60%,0.7100,11.53,1.33,5.89,3.80,25.11%,6.31%,5.88%,,,False,False,False,11.07,91.55%
600016,民生银行,2023-03-31,142.32亿,3.70%,142.74亿,4.26%,367.73亿,0.38%,0.3300,11.89,1.33,6.21,5.16,38.95%,2.78%,2.31%,,,False,False,False,11.33,91.74%
600016,民生银行,2023-06-30,237.77亿,-3.49%,236.56亿,-3.93%,715.39亿,-3.59%,0.4600,11.84,1.33,6.14,2.48,33.51%,3.94%,3.88%,,,False,False,False,11.44,91.80%
600016,民生银行,2023-09-30,335.77亿,-0.60%,335.56亿,-0.62%,1063.04亿,-2.11%,0.6700,12.02,1.33,6.34,2.82,31.83%,5.66%,5.41%,,,False,False,False,11.09,91.57%
600016,民生银行,2023-12-31,358.23亿,1.57%,357.08亿,1.76%,1408.17亿,-1.16%,0.7200,12.10,1.33,6.20,1.68,25.56%,6.10%,5.74%,,,False,False,False,11.27,91.69%
600016,民生银行,2024-03-31,134.31亿,-5.63%,134.53亿,-5.75%,342.73亿,-6.80%,0.3100,12.43,1.33,6.51,-2.91,39.35%,2.50%,2.10%,,,False,False,False,11.07,91.56%
600016,民生银行,2024-06-30,224.74亿,-5.48%,224.89亿,-4.93%,671.27亿,-6.17%,0.4300,12.36,1.33,6.42,-6.48,33.83%,3.52%,3.77%,,,False,False,False,11.64,91.93%
600016,民生银行,2024-09-30,304.86亿,-9.21%,304.50亿,-9.26%,1016.60亿,-4.37%,0.6000,12.51,1.32,6.59,-4.44,30.21%,4.85%,4.82%,,,False,False,False,11.14,91.60%
600016,民生银行,2024-12-31,322.96亿,-9.85%,322.79亿,-9.60%,1362.90亿,-3.21%,0.6400,12.51,1.33,6.34,-5.29,24.01%,5.18%,5.02%,,,False,False,False,11.14,91.60%
600016,民生银行,2025-03-31,127.42亿,-5.13%,129.27亿,-3.91%,368.13亿,7.41%,0.2900,12.73,1.33,6.63,-2.68,34.72%,2.31%,1.95%,,,False,False,False,10.91,91.44%
600016,民生银行,2025-06-30,213.80亿,-4.87%,215.07亿,-4.37%,723.84亿,7.83%,0.4500,12.87,1.33,6.73,-5.00,29.67%,3.57%,3.11%,,,False,False,False,10.26,90.96%
600016,民生银行,2025-09-30,285.42亿,-6.38%,287.83亿,-5.47%,1085.09亿,6.74%,0.5900,12.83,1.33,6.72,1.05,26.30%,4.61%,4.16%,,,False,False,False,10.44,91.10%
600016,民生银行,2025-12-31,305.63亿,-5.37%,309.26亿,-4.19%,1428.65亿,4.82%,0.6300,12.90,1.33,6.65,-3.60,21.41%,4.93%,4.43%,,,False,False,False,10.34,91.02%
600016,民生银行,2026-03-31,115.14亿,-9.64%,115.19亿,-10.89%,378.22亿,2.74%,0.2600,13.14,1.33,6.91,-0.0100,30.38%,2.02%,1.64%,,,False,False,False,10.18,90.90%
600036,招商银行,1999-12-31,4.82亿,False,False,False,72.64亿,False,0.1200,0.72,0.58,-0.91,False,6.63%,17.65%,16.72%,,,0.78,0.76,0.04,53.35,98.16%
600036,招商银行,2000-12-31,8.04亿,66.84%,False,False,87.38亿,20.29%,False,0.88,False,-0.13,1.78,9.20%,28.28%,21.81%,,,0.78,0.77,0.03,58.56,98.32%
600036,招商银行,2001-06-30,6.47亿,False,False,False,41.94亿,False,False,False,False,False,False,15.42%,False,False,,,False,False,False,False,False
600036,招商银行,2001-12-31,13.75亿,71.10%,False,False,86.49亿,20.08%,0.3400,1.22,False,0.21,4.36,13.64%,32.52%,27.97%,,,0.75,0.72,0.04,51.05,98.08%
600036,招商银行,2002-03-31,3.37亿,False,False,False,20.80亿,False,False,3.69,False,0.08,False,16.20%,False,2.17%,,,0.78,0.77,0.04,19.47,95.11%
600036,招商银行,2002-06-30,8.43亿,30.26%,9.00亿,False,44.21亿,7.12%,0.1800,2.82,1.62,0.16,1.23,20.36%,8.72%,5.68%,,,0.79,0.77,0.04,18.45,94.86%
600036,招商银行,2002-09-30,13.35亿,False,12.98亿,False,66.66亿,False,False,2.90,1.62,0.23,False,20.04%,False,8.08%,,,0.75,0.73,0.08,19.23,95.06%
600036,招商银行,2002-12-31,17.34亿,26.10%,17.12亿,False,95.69亿,10.64%,0.3300,2.81,1.62,0.09,5.96,18.12%,13.07%,10.82%,,,0.77,0.74,0.06,22.18,95.69%
600036,招商银行,2003-03-31,5.56亿,64.98%,False,False,28.17亿,35.44%,False,2.91,1.62,0.19,-1.85,19.73%,False,3.35%,,,0.72,0.72,0.04,22.46,95.74%
600036,招商银行,2003-06-30,11.08亿,31.51%,10.89亿,21.01%,60.12亿,36.00%,0.1900,3.00,1.62,0.29,-0.99,18.43%,False,6.46%,,,0.76,0.73,0.04,24.43,96.07%
600036,招商银行,2003-09-30,16.87亿,26.35%,16.90亿,30.23%,93.98亿,41.00%,False,3.10,1.62,0.39,-1.90,17.95%,False,9.52%,,,0.70,0.70,0.04,23.99,96.00%
600036,招商银行,2003-12-31,22.30亿,28.58%,22.29亿,30.16%,135.86亿,41.98%,0.3900,3.20,1.62,0.41,4.81,16.41%,12.79%,12.21%,,,0.76,0.74,0.03,26.59,96.38%
600036,招商银行,2004-03-31,8.10亿,45.75%,8.02亿,False,44.31亿,57.29%,False,3.25,1.62,0.46,-4.02,18.28%,False,4.37%,,,0.73,0.73,0.02,26.54,96.37%
600036,招商银行,2004-06-30,16.89亿,52.43%,16.68亿,53.12%,94.87亿,57.81%,0.2500,2.84,1.19,0.51,-1.68,17.80%,8.88%,8.69%,,,0.76,0.74,0.04,26.74,96.39%
600036,招商银行,2004-09-30,25.34亿,50.16%,25.01亿,47.95%,143.86亿,53.07%,False,2.96,1.19,0.63,-0.04,17.61%,False,12.50%,,,0.71,0.71,0.03,26.94,96.42%
600036,招商银行,2004-12-31,31.44亿,41.00%,30.61亿,37.36%,199.16亿,46.59%,0.4600,3.05,1.19,0.63,0.96,15.79%,16.10%,15.06%,,,0.77,0.75,0.06,27.87,96.54%
600036,招商银行,2005-03-31,10.55亿,30.19%,10.49亿,30.73%,53.08亿,19.79%,False,3.20,1.19,0.78,-2.13,19.87%,False,4.81%,,,0.73,0.73,0.06,27.72,96.52%
600036,招商银行,2005-06-30,21.35亿,26.40%,21.05亿,26.21%,89.71亿,19.51%,0.2100,2.17,0.46,0.55,0.41,18.83%,9.78%,9.59%,,,0.75,0.73,0.05,29.16,96.68%
600036,招商银行,2005-09-30,32.20亿,27.08%,31.71亿,26.80%,177.20亿,23.18%,False,2.29,0.47,0.66,1.61,18.17%,False,13.67%,,,0.72,0.72,0.05,28.86,96.65%
600036,招商银行,2005-12-31,37.87亿,20.44%,38.53亿,25.85%,191.79亿,25.82%,0.3700,2.38,0.50,0.36,2.63,15.68%,17.51%,15.93%,,,0.77,0.74,0.07,28.75,96.64%
600036,招商银行,2006-03-31,14.32亿,35.76%,13.02亿,24.14%,50.50亿,-3.57%,0.1200,2.64,0.79,0.41,-1.05,25.65%,False,4.05%,,,False,False,False,22.63,95.77%
600036,招商银行,2006-06-30,27.77亿,30.08%,27.68亿,31.52%,109.10亿,21.88%,0.2300,2.67,0.76,0.46,2.31,25.60%,False,8.55%,,,False,False,False,24.18,96.03%
600036,招商银行,2006-09-30,43.71亿,35.75%,44.20亿,39.41%,169.59亿,-3.75%,0.3000,3.51,1.78,0.35,False,26.20%,False,8.78%,,,False,False,False,16.17,94.18%
600036,招商银行,2006-12-31,67.94亿,79.41%,70.12亿,82.00%,247.71亿,30.79%,0.5300,3.75,1.86,0.24,4.84,28.34%,18.49%,12.88%,,,False,False,False,15.93,94.09%
600036,招商银行,2007-03-31,24.62亿,71.93%,24.27亿,86.36%,78.06亿,54.57%,0.1700,3.90,1.86,0.38,2.00,31.54%,False,4.30%,,,False,False,False,16.18,94.18%
600036,招商银行,2007-06-30,61.20亿,120.38%,60.54亿,118.68%,174.88亿,60.29%,0.4200,4.03,1.87,0.51,5.30,35.00%,False,10.33%,,,False,False,False,17.72,94.66%
600036,招商银行,2007-09-30,99.70亿,128.09%,98.45亿,122.71%,281.73亿,66.12%,0.6800,4.28,1.86,0.77,7.73,35.39%,False,15.84%,,,False,False,False,18.37,94.84%
600036,招商银行,2007-12-31,152.43亿,124.36%,151.35亿,115.84%,409.58亿,65.35%,1.0400,4.62,1.84,0.82,8.03,37.22%,24.76%,22.42%,,,False,False,False,18.28,94.81%
600036,招商银行,2008-03-31,63.19亿,156.66%,63.18亿,160.32%,137.12亿,75.66%,0.4300,5.08,1.87,1.25,1.80,46.08%,False,8.45%,,,False,False,False,17.38,94.56%
600036,招商银行,2008-06-30,132.45亿,116.42%,131.87亿,117.82%,287.50亿,64.40%,0.9000,5.27,1.87,1.44,-2.76,46.07%,36.42%,17.09%,,,False,False,False,17.01,94.45%
600036,招商银行,2008-09-30,189.99亿,90.56%,189.00亿,91.98%,425.24亿,50.94%,0.9900,5.68,1.89,1.83,4.50,44.68%,0.0000%,22.73%,,,False,False,False,17.44,94.18%
600036,招商银行,2008-12-31,210.77亿,38.27%,208.09亿,37.49%,553.08亿,35.04%,1.1000,5.41,1.47,1.75,3.58,37.87%,27.41%,26.51%,,,False,False,False,18.76,94.92%
600036,招商银行,2009-03-31,42.08亿,-33.41%,41.72亿,-33.97%,119.35亿,-12.96%,0.2200,5.59,1.37,2.03,1.73,35.26%,0.0000%,5.12%,,,False,False,False,20.92,95.44%
600036,招商银行,2009-06-30,82.62亿,-37.62%,81.42亿,-38.26%,246.73亿,-14.18%,0.4300,5.72,1.33,2.21,1.33,33.49%,10.08%,9.82%,,,False,False,False,22.43,95.73%
600036,招商银行,2009-09-30,130.78亿,-31.16%,129.49亿,-31.49%,378.32亿,-11.03%,0.6800,4.58,0.94,1.72,2.75,34.57%,0.0000%,14.95%,,,False,False,False,22.05,95.66%
600036,招商银行,2009-12-31,182.35亿,-13.48%,178.58亿,-14.18%,514.46亿,-6.98%,0.9500,4.85,0.95,1.68,2.25,35.44%,21.18%,19.65%,,,False,False,False,21.29,95.51%
600036,招商银行,2010-03-31,59.09亿,40.42%,58.75亿,40.82%,156.20亿,30.88%,0.3000,5.60,1.69,1.80,1.05,37.83%,5.60%,5.00%,,,False,False,False,17.60,94.62%
600036,招商银行,2010-06-30,132.03亿,59.80%,131.44亿,61.43%,329.34亿,33.48%,0.6500,5.79,1.82,1.89,-0.07,40.09%,11.96%,10.58%,,,False,False,False,17.28,94.53%
600036,招商银行,2010-09-30,205.85亿,57.40%,201.39亿,55.53%,512.98亿,35.59%,0.9900,6.17,1.87,2.23,1.39,40.13%,17.61%,15.46%,,,False,False,False,16.73,94.36%
600036,招商银行,2010-12-31,257.69亿,41.32%,254.69亿,42.62%,713.77亿,38.74%,1.2300,6.21,1.68,2.27,0.41,36.10%,21.75%,19.23%,,,False,False,False,16.93,94.42%
600036,招商银行,2011-03-31,88.10亿,49.09%,False,False,223.23亿,42.91%,0.4100,6.62,1.68,2.68,0.25,39.47%,6.45%,6.17%,,,False,False,False,17.10,94.48%
600036,招商银行,2011-06-30,186.00亿,40.88%,184.73亿,40.54%,460.56亿,39.84%,0.8600,6.74,1.65,2.84,4.08,40.39%,13.31%,12.79%,,,False,False,False,17.17,94.50%
600036,招商银行,2011-09-30,283.88亿,37.91%,False,False,702.90亿,37.02%,1.3200,7.13,1.59,3.30,2.85,40.39%,19.72%,18.45%,,,False,False,False,16.12,94.16%
600036,招商银行,2011-12-31,361.29亿,40.20%,357.35亿,40.31%,961.57亿,34.72%,1.6700,7.65,1.75,3.41,4.69,37.57%,24.17%,21.90%,,,False,False,False,15.94,94.10%
600036,招商银行,2012-03-31,116.43亿,32.16%,115.85亿,False,283.85亿,27.16%,0.5400,8.21,1.76,3.96,0.13,41.01%,6.80%,6.57%,,,False,False,False,15.72,94.02%
600036,招商银行,2012-06-30,233.74亿,25.67%,232.69亿,25.96%,571.19亿,24.02%,1.0800,8.40,1.83,4.07,11.98,40.93%,13.50%,12.89%,,,False,False,False,17.32,94.54%
600036,招商银行,2012-09-30,347.86亿,22.54%,346.14亿,False,851.81亿,21.19%,1.6100,8.85,1.74,4.60,0.50,40.84%,19.55%,18.23%,,,False,False,False,15.47,93.93%
600036,招商银行,2012-12-31,452.68亿,25.30%,447.45亿,25.21%,1133.67亿,17.90%,2.1000,9.29,1.74,3.94,11.57,39.94%,24.78%,22.59%,,,False,False,False,16.00,94.12%
600036,招商银行,2013-03-31,130.21亿,11.84%,129.23亿,11.55%,308.49亿,8.68%,0.6000,9.94,1.80,4.54,0.13,42.20%,6.28%,6.07%,,,False,False,False,15.39,93.89%
600036,招商银行,2013-06-30,262.71亿,12.39%,261.54亿,12.40%,640.57亿,12.15%,1.2200,9.84,1.72,4.52,-2.30,41.00%,12.73%,12.37%,,,False,False,False,16.94,94.42%
600036,招商银行,2013-09-30,394.98亿,13.55%,392.54亿,13.40%,975.31亿,14.50%,1.8300,10.20,2.59,4.39,0.26,40.49%,18.44%,15.36%,,,False,False,False,14.11,93.38%
600036,招商银行,2013-12-31,517.43亿,14.30%,513.42亿,14.74%,1326.04亿,16.97%,2.3000,10.53,2.46,4.41,4.72,39.02%,23.12%,19.49%,,,False,False,False,14.13,93.38%
600036,招商银行,2014-03-31,149.45亿,14.78%,148.63亿,15.01%,408.71亿,32.49%,0.5900,11.23,2.56,4.99,2.25,36.62%,5.45%,5.27%,,,False,False,False,14.54,93.56%
600036,招商银行,2014-06-30,304.59亿,15.94%,302.69亿,15.73%,842.60亿,31.54%,1.2100,11.34,2.64,4.99,16.21,36.22%,10.75%,10.65%,,,False,False,False,16.60,94.31%
600036,招商银行,2014-09-30,458.04亿,15.97%,454.25亿,15.72%,1250.27亿,28.19%,1.8200,11.97,2.67,5.60,5.99,36.73%,16.00%,15.17%,,,False,False,False,14.64,93.60%
600036,招商银行,2014-12-31,559.11亿,8.06%,553.91亿,7.89%,1658.63亿,25.08%,2.2200,12.47,2.68,5.49,10.79,33.79%,19.28%,17.78%,,,False,False,False,14.05,93.34%
600036,招商银行,2015-03-31,172.20亿,15.22%,171.48亿,15.37%,507.47亿,24.16%,0.6800,13.14,2.68,6.17,1.14,34.10%,5.33%,5.20%,,,False,False,False,13.81,93.23%
600036,招商银行,2015-06-30,329.76亿,8.26%,327.88亿,8.32%,1041.35亿,23.59%,1.3100,13.17,2.68,6.13,12.74,31.85%,12.20%,9.93%,,,False,False,False,14.72,93.62%
600036,招商银行,2015-09-30,485.00亿,5.89%,481.93亿,6.09%,1562.24亿,24.95%,1.9200,13.84,2.68,6.75,6.98,31.23%,14.63%,13.90%,,,False,False,False,13.96,93.30%
600036,招商银行,2015-12-31,576.96亿,3.19%,570.45亿,2.99%,2014.71亿,21.47%,2.2900,14.31,2.68,6.47,15.88,28.80%,17.09%,15.99%,,,False,False,False,14.17,93.39%
600036,招商银行,2016-03-31,183.50亿,6.56%,182.72亿,6.55%,582.52亿,14.79%,0.7300,15.03,2.68,7.20,-11.38,31.62%,4.96%,4.84%,,,False,False,False,13.32,93.00%
600036,招商银行,2016-06-30,352.31亿,6.84%,348.62亿,6.33%,1129.19亿,8.44%,1.4000,15.00,2.68,7.18,-11.91,31.29%,9.54%,9.32%,,,False,False,False,13.64,93.15%
600036,招商银行,2016-09-30,521.42亿,7.51%,514.27亿,6.71%,1602.91亿,2.60%,2.0700,15.72,2.68,7.85,-14.25,32.66%,13.77%,13.15%,,,False,False,False,13.03,92.86%
600036,招商银行,2016-12-31,620.81亿,7.60%,611.42亿,7.18%,2097.20亿,3.75%,2.4600,15.95,2.68,7.89,-4.78,29.84%,16.27%,15.43%,,,False,False,False,13.77,93.21%
600036,招商银行,2017-03-31,199.77亿,8.87%,198.36亿,8.56%,571.79亿,-2.02%,0.7900,16.68,2.68,8.68,-8.50,35.20%,4.86%,4.75%,,,False,False,False,13.26,92.97%
600036,招商银行,2017-06-30,392.59亿,11.43%,389.67亿,11.77%,1128.78亿,-0.22%,1.5600,16.63,2.68,8.70,-2.22,35.03%,9.56%,9.36%,,,False,False,False,13.78,93.20%
600036,招商银行,2017-09-30,588.05亿,12.78%,582.83亿,13.33%,1662.63亿,3.38%,2.3300,17.37,2.68,9.48,-7.64,35.70%,14.00%,13.42%,,,False,False,False,13.08,92.86%
600036,招商银行,2017-12-31,701.50亿,13.00%,697.69亿,14.11%,2208.97亿,5.33%,2.7800,17.69,2.68,9.56,-0.22,31.98%,16.54%,14.61%,,,False,False,False,12.11,92.32%
600036,招商银行,2018-03-31,226.74亿,13.50%,225.46亿,13.66%,612.96亿,7.20%,0.9000,18.32,2.68,10.11,-2.13,37.05%,4.99%,4.57%,,,False,False,False,11.59,92.01%
600036,招商银行,2018-06-30,447.56亿,14.00%,445.85亿,14.42%,1261.46亿,11.75%,1.7700,18.50,2.68,10.13,-2.60,35.57%,9.81%,8.94%,,,False,False,False,12.05,92.29%
600036,招商银行,2018-09-30,673.80亿,14.58%,670.28亿,15.00%,1882.21亿,13.21%,2.6600,19.49,2.68,11.01,-6.93,35.90%,14.30%,12.82%,,,False,False,False,11.38,91.87%
600036,招商银行,2018-12-31,805.60亿,14.84%,801.29亿,14.85%,2485.55亿,12.52%,3.1300,20.07,2.68,10.88,-1.42,32.52%,16.57%,14.92%,,,False,False,False,11.48,91.94%
600036,招商银行,2019-03-31,252.40亿,11.32%,250.91亿,11.29%,687.39亿,12.14%,1.0000,21.09,2.68,11.85,-6.84,37.09%,4.86%,4.46%,,,False,False,False,10.99,91.57%
600036,招商银行,2019-06-30,506.12亿,13.08%,501.74亿,12.54%,1383.01亿,9.64%,2.0100,21.17,2.68,11.90,-2.18,36.77%,9.74%,8.91%,,,False,False,False,11.66,92.02%
600036,招商银行,2019-09-30,772.39亿,14.63%,767.58亿,14.52%,2077.30亿,10.36%,3.0500,22.30,2.68,12.94,-2.13,37.43%,14.39%,12.95%,,,False,False,False,11.24,91.75%
600036,招商银行,2019-12-31,928.67亿,15.28%,921.78亿,15.04%,2697.03亿,8.51%,3.6200,22.89,2.68,12.75,0.18,34.64%,16.84%,15.19%,,,False,False,False,11.12,91.67%
600036,招商银行,2020-03-31,277.95亿,10.12%,279.16亿,11.26%,766.03亿,11.44%,1.1000,24.11,2.68,13.85,3.46,36.49%,4.69%,4.33%,,,False,False,False,11.09,91.65%
600036,招商银行,2020-06-30,497.88亿,-1.63%,497.33亿,-0.88%,1483.53亿,7.27%,1.9700,23.73,2.68,13.55,10.08,33.76%,8.47%,7.87%,,,False,False,False,11.69,92.04%
600036,招商银行,2020-09-30,766.03亿,-0.82%,764.71亿,-0.37%,2214.30亿,6.60%,3.0200,24.55,2.68,14.60,8.72,34.81%,12.75%,10.89%,,,False,False,False,10.59,91.30%
600036,招商银行,2020-12-31,973.42亿,4.82%,971.78亿,5.42%,2904.82亿,7.70%,3.7900,25.36,2.68,14.68,16.71,33.72%,15.73%,13.45%,,,False,False,False,10.54,91.27%
600036,招商银行,2021-03-31,320.15亿,15.18%,318.86亿,14.22%,847.51亿,10.64%,1.2700,26.61,2.68,15.94,-1.28,38.05%,4.89%,4.24%,,,False,False,False,10.47,91.21%
600036,招商银行,2021-06-30,611.50亿,22.82%,609.41亿,22.54%,1687.49亿,13.75%,2.3500,26.60,2.68,15.81,0.25,36.53%,9.03%,8.10%,,,False,False,False,10.76,91.43%
600036,招商银行,2021-09-30,936.15亿,22.21%,932.94亿,22.00%,2514.10亿,13.54%,3.6200,27.95,2.68,17.09,3.27,37.53%,13.58%,11.87%,,,False,False,False,10.29,91.08%
600036,招商银行,2021-12-31,1199.22亿,23.20%,1194.30亿,22.90%,3312.53亿,14.04%,4.6100,29.01,2.68,16.99,7.22,36.48%,16.96%,13.96%,,,False,False,False,9.76,90.64%
600036,招商银行,2022-03-31,360.22亿,12.52%,358.39亿,12.40%,919.90亿,8.54%,1.4300,30.39,2.68,18.39,0.22,39.47%,4.81%,4.03%,,,False,False,False,9.53,90.43%
600036,招商银行,2022-06-30,694.20亿,13.52%,692.01亿,13.55%,1790.91亿,6.13%,2.6700,30.17,2.62,18.11,5.18,39.09%,9.04%,7.82%,,,False,False,False,9.94,90.79%
600036,招商银行,2022-09-30,1069.22亿,14.21%,1065.97亿,14.26%,2648.33亿,5.34%,4.1500,31.69,2.59,19.57,5.81,40.77%,13.67%,11.63%,,,False,False,False,9.55,90.44%
600036,招商银行,2022-12-31,1380.12亿,15.08%,1375.51亿,15.17%,3447.83亿,4.08%,5.2600,32.71,2.59,19.55,22.61,40.40%,17.06%,14.60%,,,False,False,False,9.71,90.59%
600036,招商银行,2023-03-31,388.39亿,7.82%,387.31亿,8.07%,906.36亿,-1.47%,1.5400,34.13,2.59,21.08,-0.50,43.28%,4.61%,3.96%,,,False,False,False,9.70,90.58%
600036,招商银行,2023-06-30,757.52亿,9.12%,754.88亿,9.09%,1784.60亿,-0.35%,2.9300,33.97,2.59,20.71,3.74,42.83%,8.78%,7.75%,,,False,False,False,9.98,90.82%
600036,招商银行,2023-09-30,1138.90亿,6.52%,1135.51亿,6.52%,2602.79亿,-1.72%,4.4400,35.36,2.59,22.23,2.13,44.17%,13.04%,11.25%,,,False,False,False,9.53,90.43%
600036,招商银行,2023-12-31,1466.02亿,6.22%,1460.47亿,6.18%,3391.23亿,-1.64%,5.6300,36.71,2.59,22.54,14.19,43.64%,16.22%,13.62%,,,False,False,False,9.24,90.16%
600036,招商银行,2024-03-31,380.77亿,-1.96%,379.59亿,-1.99%,864.17亿,-4.65%,1.5100,38.40,2.59,24.04,-0.05,44.48%,4.02%,3.40%,,,False,False,False,9.29,90.23%
600036,招商银行,2024-06-30,747.43亿,-1.33%,746.24亿,-1.14%,1729.45亿,-3.09%,2.8900,38.06,2.59,23.46,4.29,43.59%,7.72%,6.73%,,,False,False,False,9.42,90.35%
600036,招商银行,2024-09-30,1131.84亿,-0.62%,1130.03亿,-0.48%,2527.09亿,-2.91%,4.4100,39.73,2.59,24.98,11.39,45.13%,11.54%,9.82%,,,False,False,False,9.11,90.05%
600036,招商银行,2024-12-31,1483.91亿,1.22%,1480.11亿,1.34%,3374.88亿,-0.48%,5.6600,41.46,2.59,25.14,17.72,44.32%,14.49%,12.10%,,,False,False,False,8.91,89.85%
600036,招商银行,2025-03-31,372.86亿,-2.08%,371.36亿,-2.17%,837.51亿,-3.09%,1.4800,42.26,2.59,26.61,3.77,44.79%,3.53%,2.99%,,,False,False,False,9.05,89.99%
600036,招商银行,2025-06-30,749.30亿,0.25%,748.19亿,0.26%,1699.69亿,-1.72%,2.8900,42.10,2.59,26.02,5.33,44.36%,6.93%,5.81%,,,False,False,False,8.81,89.75%
600036,招商银行,2025-09-30,1137.72亿,0.52%,1136.90亿,0.61%,2514.20亿,-0.51%,4.4300,43.21,2.59,27.55,6.98,45.56%,10.47%,8.98%,,,False,False,False,8.97,89.92%
600036,招商银行,2025-12-31,1501.81亿,1.21%,1500.07亿,1.35%,3375.32亿,0.01%,5.7000,43.43,2.59,26.96,17.90,44.77%,13.44%,11.80%,,,False,False,False,9.26,90.20%
600036,招商银行,2026-03-31,378.52亿,1.52%,377.95亿,1.77%,869.40亿,3.81%,1.4900,44.90,2.59,28.43,4.99,43.76%,3.37%,2.95%,,,False,False,False,9.51,90.43%
600908,无锡银行,2011-12-31,7.27亿,False,7.39亿,False,17.17亿,False,0.4800,3.52,0.69,0.14,4.96,42.80%,18.94%,17.14%,,,,,,13.10,92.71%
600908,无锡银行,2012-12-31,8.65亿,19.01%,8.63亿,16.75%,19.92亿,16.03%,0.5200,2.98,0.22,0.13,2.62,43.57%,18.98%,17.46%,,,,,,13.71,93.03%
600908,无锡银行,2013-12-31,9.25亿,6.98%,9.05亿,4.87%,20.59亿,3.39%,0.5600,3.39,0.22,0.14,-0.80,45.26%,17.65%,16.40%,,,,,,13.82,93.10%
600908,无锡银行,2014-12-31,9.26亿,0.03%,8.82亿,-2.59%,22.78亿,10.64%,0.5600,3.86,0.22,0.13,5.34,40.28%,15.83%,14.43%,,,,,,15.27,93.74%
600908,无锡银行,2015-06-30,4.28亿,False,4.56亿,False,12.11亿,False,0.2600,4.01,0.22,0.26,3.59,34.68%,6.51%,6.42%,,,,,,15.42,93.81%
600908,无锡银行,2015-09-30,6.39亿,False,6.85亿,False,17.86亿,False,0.3800,False,False,False,0.75,35.45%,9.66%,False,,,,,,False,False
600908,无锡银行,2015-12-31,8.33亿,-9.97%,8.89亿,0.86%,23.97亿,5.19%,0.5000,4.33,0.22,0.09,6.98,34.17%,12.30%,11.56%,,,,,,15.01,93.66%
600908,无锡银行,2016-03-31,2.16亿,False,2.18亿,False,5.94亿,False,0.1300,4.47,0.22,0.22,-0.76,35.77%,2.94%,2.90%,,,,,,14.65,93.52%
600908,无锡银行,2016-06-30,4.73亿,10.50%,4.74亿,3.87%,12.28亿,1.36%,0.2800,4.61,0.22,0.38,1.17,38.21%,6.36%,6.17%,,,,,,14.40,93.42%
600908,无锡银行,2016-09-30,6.98亿,9.22%,7.00亿,2.14%,19.03亿,6.59%,0.4200,4.72,0.53,0.46,-1.45,36.70%,9.23%,8.01%,,,,,,12.68,92.60%
600908,无锡银行,2016-12-31,8.93亿,7.13%,8.94亿,0.57%,25.20亿,5.22%,0.5200,4.75,0.53,0.14,1.67,35.04%,11.52%,10.18%,,,,,,13.20,92.88%
600908,无锡银行,2017-03-31,2.38亿,10.46%,2.37亿,8.81%,6.74亿,13.53%,0.1300,4.83,0.53,0.27,2.28,35.05%,2.69%,2.67%,,,,,,13.52,93.04%
600908,无锡银行,2017-06-30,5.22亿,10.41%,5.27亿,11.17%,13.86亿,12.86%,0.2800,4.81,0.53,0.27,1.03,37.62%,5.88%,5.88%,,,,,,13.17,92.87%
600908,无锡银行,2017-09-30,7.71亿,10.47%,7.82亿,11.73%,21.40亿,12.44%,0.4200,4.93,0.53,0.40,2.13,36.04%,8.58%,8.47%,,,,,,13.28,92.93%
600908,无锡银行,2017-12-31,9.95亿,11.45%,10.15亿,13.43%,28.51亿,13.16%,0.5400,5.01,0.52,0.26,3.37,34.82%,11.04%,10.75%,,,,,,13.81,93.18%
600908,无锡银行,2018-03-31,2.67亿,12.01%,2.69亿,13.70%,7.70亿,14.26%,0.1400,5.17,0.52,0.40,-1.98,34.55%,2.72%,2.62%,,,,,,12.78,92.68%
600908,无锡银行,2018-06-30,5.79亿,10.87%,5.82亿,10.44%,15.82亿,14.15%,0.3100,5.21,0.52,0.42,-1.03,36.49%,5.48%,5.65%,,,,,,12.66,92.61%
600908,无锡银行,2018-09-30,8.62亿,11.81%,8.67亿,10.92%,23.90亿,11.67%,0.4700,5.38,0.52,0.57,-1.74,36.06%,8.52%,8.17%,,,,,,12.81,92.70%
600908,无锡银行,2018-12-31,10.96亿,10.11%,11.08亿,9.23%,31.92亿,11.95%,0.5900,5.87,0.52,0.40,-2.14,33.70%,10.68%,10.10%,,,,,,13.22,92.92%
600908,无锡银行,2019-03-31,3.03亿,13.81%,3.06亿,13.72%,8.09亿,5.11%,0.1600,5.62,0.52,0.45,1.20,37.58%,2.80%,2.76%,,,,,,13.50,93.06%
600908,无锡银行,2019-06-30,6.44亿,11.33%,6.50亿,11.71%,16.56亿,4.69%,0.3500,5.61,0.52,0.46,1.10,39.21%,5.89%,5.87%,,,,,,13.65,93.13%
600908,无锡银行,2019-09-30,9.60亿,11.29%,9.66亿,11.33%,25.65亿,7.33%,0.5200,5.79,0.52,0.63,4.41,37.66%,8.52%,8.48%,,,,,,13.38,93.00%
600908,无锡银行,2019-12-31,12.50亿,14.07%,12.54亿,13.12%,35.40亿,10.89%,0.6800,5.97,0.52,0.45,2.17,35.37%,11.22%,10.73%,,,,,,12.89,92.76%
600908,无锡银行,2020-03-31,3.42亿,12.80%,3.44亿,12.37%,10.60亿,31.01%,0.1900,6.22,0.52,0.63,2.19,32.45%,2.88%,2.83%,,,,,,13.02,92.82%
600908,无锡银行,2020-06-30,6.76亿,4.97%,6.77亿,4.07%,19.64亿,18.59%,0.3700,6.10,0.52,0.63,5.31,34.71%,5.68%,5.68%,,,,,,13.60,93.10%
600908,无锡银行,2020-09-30,10.02亿,4.38%,10.00亿,3.55%,28.71亿,11.94%,0.5400,6.19,0.52,0.81,5.66,35.05%,8.39%,8.31%,,,,,,13.75,93.17%
600908,无锡银行,2020-12-31,13.12亿,4.96%,13.06亿,4.22%,38.96亿,10.07%,0.7100,6.42,0.52,0.63,5.13,33.93%,10.84%,9.38%,,,,,,11.87,92.18%
600908,无锡银行,2021-03-31,3.63亿,5.96%,3.62亿,5.11%,10.99亿,3.62%,0.2000,6.64,0.58,0.82,1.05,33.45%,2.56%,2.52%,,,,,,12.26,92.41%
600908,无锡银行,2021-06-30,7.83亿,15.81%,7.83亿,15.80%,21.89亿,11.48%,0.4200,6.89,0.58,1.04,0.52,36.84%,5.43%,5.10%,,,,,,11.84,92.16%
600908,无锡银行,2021-09-30,11.95亿,19.32%,11.95亿,19.48%,32.46亿,13.08%,0.6400,6.93,0.58,1.08,3.41,37.90%,8.22%,7.74%,,,,,,12.17,92.35%
600908,无锡银行,2021-12-31,15.80亿,20.47%,15.63亿,19.68%,43.49亿,11.63%,0.8100,7.09,0.55,0.84,3.88,37.20%,11.41%,10.00%,,,,,,11.77,92.11%
600908,无锡银行,2022-03-31,4.44亿,22.52%,4.36亿,20.63%,11.98亿,9.07%,0.2400,7.33,0.55,1.08,1.50,37.30%,3.17%,2.74%,,,,,,11.81,92.13%
600908,无锡银行,2022-06-30,10.20亿,30.27%,9.85亿,25.71%,23.36亿,6.70%,0.5300,7.62,0.55,1.37,0.63,43.84%,6.73%,6.08%,,,,,,11.41,91.88%
600908,无锡银行,2022-09-30,14.43亿,20.73%,13.76亿,15.16%,34.61亿,6.62%,0.7600,7.67,0.55,1.42,1.11,41.95%,12.68%,8.55%,,,,,,11.45,91.91%
600908,无锡银行,2022-12-31,20.01亿,26.65%,19.12亿,22.32%,44.80亿,3.01%,1.0200,7.80,1.27,0.99,0.78,44.91%,13.01%,10.32%,,,,,,9.91,90.78%
600908,无锡银行,2023-03-31,5.47亿,23.18%,5.38亿,23.23%,12.42亿,3.65%,0.2500,8.06,1.27,1.24,4.48,44.36%,3.10%,2.75%,,,,,,10.36,91.14%
600908,无锡银行,2023-06-30,12.31亿,20.68%,11.99亿,21.74%,24.00亿,2.77%,0.5600,8.41,1.27,1.55,1.56,51.53%,6.69%,5.95%,,,,,,9.98,90.84%
600908,无锡银行,2023-09-30,16.76亿,16.14%,16.16亿,17.41%,34.92亿,0.89%,0.7700,8.40,1.27,1.56,3.57,48.19%,9.11%,8.11%,,,,,,10.28,91.08%
600908,无锡银行,2023-12-31,22.00亿,9.96%,20.24亿,5.83%,45.38亿,1.28%,0.9800,8.63,1.27,1.56,2.83,48.66%,11.48%,10.45%,,,,,,10.15,90.98%
600908,无锡银行,2024-03-31,5.99亿,9.41%,5.98亿,11.16%,13.04亿,5.02%,0.2700,9.08,1.56,1.80,2.54,46.08%,3.07%,2.73%,,,,,,10.18,91.01%
600908,无锡银行,2024-06-30,13.32亿,8.25%,12.89亿,7.46%,25.57亿,6.53%,0.6000,9.44,1.56,2.13,2.28,52.22%,6.56%,5.86%,,,,,,10.00,90.87%
600908,无锡银行,2024-09-30,17.66亿,5.37%,17.14亿,6.11%,36.25亿,3.82%,0.8000,9.41,1.56,2.12,4.19,48.82%,8.69%,7.80%,,,,,,10.17,91.00%
600908,无锡银行,2024-12-31,22.52亿,2.35%,21.95亿,8.44%,47.26亿,4.15%,0.9800,9.68,1.56,2.11,3.44,47.68%,10.62%,9.69%,,,,,,10.05,90.90%
600908,无锡银行,2025-03-31,6.18亿,3.13%,6.16亿,3.03%,13.50亿,3.53%,0.2800,9.87,1.56,2.39,0.02,45.83%,2.88%,2.61%,,,,,,10.27,91.09%
600908,无锡银行,2025-06-30,13.79亿,3.52%,13.77亿,6.90%,26.45亿,3.44%,0.6200,10.23,1.56,2.72,2.13,52.20%,6.20%,5.64%,,,,,,10.15,90.99%
600908,无锡银行,2025-09-30,18.33亿,3.78%,18.30亿,6.75%,37.65亿,3.87%,0.8200,10.18,1.56,2.71,3.19,48.74%,8.25%,7.53%,,,,,,10.39,91.18%
600908,无锡银行,2025-12-31,23.09亿,2.53%,23.04亿,4.99%,48.19亿,1.98%,1.0100,10.23,1.56,2.57,5.30,47.89%,10.05%,10.06%,,,,,,11.23,91.80%
600908,无锡银行,2026-03-31,6.35亿,2.73%,6.36亿,3.24%,13.85亿,2.60%,0.2900,10.54,1.56,2.86,-0.66,45.86%,2.79%,2.68%,,,,,,11.33,91.87%
600919,江苏银行,2006-12-31,4.46亿,False,False,False,52.33亿,False,False,False,0.09,0.06,False,8.53%,False,False,1.02,1.02,1.12,1.10,0.06,15.86,94.07%
600919,江苏银行,2007-12-31,14.77亿,230.99%,False,False,48.77亿,-6.80%,0.1900,False,0.09,0.06,False,30.29%,False,False,False,False,False,False,False,16.37,94.24%
600919,江苏银行,2008-12-31,22.51亿,52.40%,False,False,71.90亿,47.43%,0.2900,False,0.11,0.20,False,31.31%,False,False,False,False,False,False,False,19.06,95.01%
600919,江苏银行,2009-06-30,14.21亿,False,False,False,40.38亿,False,False,False,0.12,0.20,False,35.20%,False,False,False,False,False,False,False,21.91,95.64%
600919,江苏银行,2009-12-31,26.21亿,16.44%,False,False,84.28亿,17.22%,0.3300,False,0.26,0.12,False,31.10%,False,False,False,False,False,False,False,20.98,95.45%
600919,江苏银行,2010-12-31,41.85亿,59.67%,False,False,114.48亿,35.83%,0.4700,False,0.54,0.41,False,36.56%,False,False,False,False,False,False,False,17.97,94.73%
600919,江苏银行,2011-06-30,29.18亿,False,False,False,77.05亿,False,0.3200,False,0.54,0.68,False,37.87%,False,False,False,False,False,False,False,17.36,94.55%
600919,江苏银行,2011-12-31,58.34亿,39.38%,56.40亿,False,165.24亿,44.35%,0.6400,3.06,0.54,0.79,0.23,35.31%,22.77%,20.98%,False,False,False,False,False,17.49,94.59%
600919,江苏银行,2012-12-31,70.39亿,20.67%,69.52亿,23.26%,198.42亿,20.08%,0.7700,3.75,0.54,0.95,6.52,35.52%,22.72%,20.61%,False,False,False,False,False,18.04,94.73%
600919,江苏银行,2013-12-31,81.86亿,16.28%,80.64亿,16.00%,223.26亿,12.51%,0.8600,4.60,0.97,1.30,5.03,36.73%,21.69%,17.14%,False,False,False,False,False,14.99,93.73%
600919,江苏银行,2014-12-31,86.85亿,6.10%,86.65亿,7.46%,253.26亿,13.44%,0.8400,5.38,0.97,1.57,16.89,34.35%,16.76%,15.53%,False,False,False,False,False,17.56,94.60%
600919,江苏银行,2015-03-31,False,False,24.14亿,False,66.37亿,False,0.2300,False,False,False,False,36.44%,4.22%,False,False,False,False,False,False,False,False
600919,江苏银行,2015-06-30,49.18亿,False,49.20亿,False,138.54亿,False,0.4700,False,False,False,False,35.53%,8.40%,False,False,False,False,False,False,False,False
600919,江苏银行,2015-09-30,73.51亿,False,73.30亿,False,210.43亿,False,0.7100,False,False,False,False,34.97%,12.39%,False,False,False,False,False,False,False,False
600919,江苏银行,2015-12-31,94.97亿,9.36%,94.76亿,9.36%,280.47亿,10.74%,0.9100,6.27,0.97,1.85,14.30,33.89%,15.72%,14.58%,False,False,False,False,False,18.80,94.92%
600919,江苏银行,2016-03-31,26.87亿,False,26.67亿,10.49%,80.42亿,21.16%,0.2600,False,False,False,False,33.48%,4.04%,False,False,False,False,False,False,False,94.93%
600919,江苏银行,2016-06-30,56.10亿,14.06%,56.34亿,14.52%,161.69亿,16.70%,0.5400,6.80,0.97,2.30,3.77,34.81%,8.26%,7.94%,False,False,False,False,False,19.32,95.05%
600919,江苏银行,2016-09-30,82.80亿,12.64%,82.64亿,12.74%,237.87亿,13.04%,0.7800,6.98,1.39,2.30,7.44,34.94%,11.68%,10.28%,False,False,False,False,False,18.39,94.82%
600919,江苏银行,2016-12-31,106.11亿,11.72%,105.72亿,11.57%,314.56亿,11.81%,0.9800,7.16,1.39,1.98,7.60,33.92%,14.47%,12.84%,False,False,False,False,False,18.32,94.73%
600919,江苏银行,2017-03-31,29.88亿,11.19%,29.63亿,11.09%,85.65亿,6.13%,0.2600,7.35,1.39,2.15,-2.48,35.26%,3.57%,3.52%,False,False,False,False,False,19.59,95.06%
600919,江苏银行,2017-06-30,61.77亿,10.11%,61.36亿,8.92%,170.66亿,5.27%,0.5400,7.43,1.39,2.23,-3.90,36.55%,7.31%,7.20%,False,False,False,False,False,19.12,94.94%
600919,江苏银行,2017-09-30,91.86亿,10.94%,91.37亿,10.56%,256.36亿,7.53%,0.8000,7.69,1.39,2.49,-9.72,36.27%,10.73%,10.34%,False,False,False,False,False,18.55,94.80%
600919,江苏银行,2017-12-31,118.75亿,11.92%,117.92亿,11.54%,338.39亿,7.58%,1.0300,7.90,1.39,2.55,-9.11,35.51%,13.72%,10.68%,False,False,False,False,False,14.92,93.63%
600919,江苏银行,2018-03-31,32.97亿,10.32%,33.03亿,11.48%,86.12亿,0.54%,0.2900,8.20,1.39,2.81,-1.69,38.60%,3.55%,2.88%,False,False,False,False,False,14.67,93.53%
600919,江苏银行,2018-06-30,68.52亿,10.93%,68.13亿,11.03%,172.18亿,0.89%,0.5900,8.33,1.39,2.74,-7.93,40.18%,7.26%,5.90%,False,False,False,False,False,14.89,93.62%
600919,江苏银行,2018-09-30,102.58亿,11.67%,101.88亿,11.51%,260.69亿,1.69%,0.8900,8.63,1.39,3.03,-6.47,39.84%,10.74%,8.57%,False,False,False,False,False,15.20,93.74%
600919,江苏银行,2018-12-31,130.65亿,10.02%,129.90亿,10.16%,352.24亿,4.09%,1.0400,8.89,1.39,3.00,-7.97,37.65%,12.43%,10.65%,False,False,False,False,False,14.69,93.54%
600919,江苏银行,2019-03-31,37.71亿,14.40%,37.26亿,12.81%,111.25亿,29.18%,0.3300,9.07,1.39,3.03,2.08,34.48%,3.67%,2.96%,False,False,False,False,False,14.72,93.55%
600919,江苏银行,2019-06-30,78.71亿,14.88%,77.98亿,14.45%,219.17亿,27.29%,0.6800,9.00,1.39,2.81,-1.39,36.65%,7.48%,6.21%,False,False,False,False,False,15.14,93.71%
600919,江苏银行,2019-09-30,118.80亿,15.82%,117.83亿,15.65%,332.20亿,27.43%,1.0300,9.38,1.40,3.15,-3.07,36.68%,11.13%,9.07%,False,False,False,False,False,14.75,93.49%
600919,江苏银行,2019-12-31,146.19亿,11.89%,144.94亿,11.58%,449.74亿,27.68%,1.1800,9.53,1.40,3.05,-5.02,33.26%,12.65%,11.01%,False,False,False,False,False,14.52,93.39%
600919,江苏银行,2020-03-31,42.56亿,12.85%,42.56亿,14.23%,131.04亿,17.79%,0.3700,9.98,1.40,3.42,4.72,33.41%,3.69%,3.09%,False,False,False,False,False,14.90,93.55%
600919,江苏银行,2020-06-30,81.46亿,3.49%,80.63亿,3.40%,250.57亿,14.33%,0.7100,10.21,1.40,3.22,3.08,33.64%,6.77%,5.16%,False,False,False,False,False,13.08,92.74%
600919,江苏银行,2020-09-30,119.56亿,0.64%,117.85亿,0.02%,375.25亿,12.96%,1.0400,10.24,1.40,3.55,1.21,33.19%,9.53%,7.43%,False,False,False,False,False,13.05,92.72%
600919,江苏银行,2020-12-31,150.66亿,3.06%,147.02亿,1.44%,520.26亿,15.68%,1.2100,9.35,1.88,2.66,-1.31,30.02%,11.91%,8.46%,False,False,False,False,False,12.11,92.21%
600919,江苏银行,2021-03-31,52.25亿,22.79%,51.35亿,20.65%,153.39亿,17.06%,0.3000,9.66,1.88,2.96,5.90,35.17%,3.18%,2.86%,False,False,False,False,False,12.68,92.53%
600919,江苏银行,2021-06-30,101.99亿,25.20%,100.36亿,24.47%,307.37亿,22.67%,0.6400,9.52,1.88,2.77,3.63,34.19%,6.60%,5.56%,False,False,False,False,False,12.90,92.64%
600919,江苏银行,2021-09-30,156.04亿,30.51%,153.24亿,30.03%,467.94亿,24.70%,1.0100,10.10,1.88,3.14,5.57,34.44%,10.52%,8.25%,False,False,False,False,False,12.63,92.49%
600919,江苏银行,2021-12-31,196.94亿,30.72%,192.94亿,31.23%,637.71亿,22.58%,1.2100,10.31,1.88,3.03,4.86,32.00%,12.60%,10.25%,False,False,False,False,False,12.59,92.44%
600919,江苏银行,2022-03-31,65.84亿,26.00%,64.84亿,26.26%,170.33亿,11.04%,0.3900,10.70,1.88,3.40,10.40,39.98%,3.76%,3.33%,False,False,False,False,False,12.94,92.62%
600919,江苏银行,2022-06-30,133.80亿,31.20%,131.58亿,31.11%,351.07亿,14.22%,0.8500,10.80,1.88,3.19,2.98,39.45%,8.04%,6.71%,False,False,False,False,False,13.36,92.83%
600919,江苏银行,2022-09-30,204.89亿,31.31%,201.53亿,31.52%,537.56亿,14.88%,1.3400,11.26,1.88,3.66,-0.43,39.46%,12.41%,9.93%,False,False,False,False,False,13.14,92.72%
600919,江苏银行,2022-12-31,253.86亿,28.90%,249.57亿,29.35%,705.70亿,10.66%,1.6000,11.42,1.88,3.65,-0.26,37.34%,14.79%,12.17%,False,False,False,False,False,13.25,92.77%
600919,江苏银行,2023-03-31,82.19亿,24.83%,81.45亿,25.62%,187.95亿,10.35%,0.5100,11.94,1.88,4.15,7.53,45.08%,4.32%,3.80%,False,False,False,False,False,13.71,92.99%
600919,江苏银行,2023-06-30,170.20亿,27.20%,166.87亿,26.82%,388.43亿,10.64%,1.0900,12.30,2.08,4.51,8.13,45.38%,9.10%,7.37%,False,False,False,False,False,13.24,92.77%
600919,江苏银行,2023-09-30,256.54亿,25.21%,252.01亿,25.04%,586.78亿,9.16%,1.6200,11.43,2.55,3.69,10.73,45.29%,13.56%,10.45%,False,False,False,False,False,12.56,92.41%
600919,江苏银行,2023-12-31,287.50亿,13.25%,282.45亿,13.17%,742.93亿,5.28%,1.6900,11.47,2.61,3.48,11.64,40.40%,14.52%,11.48%,False,False,False,False,False,12.56,92.39%
600919,江苏银行,2024-03-31,90.42亿,10.02%,89.84亿,10.30%,209.99亿,11.73%,0.4500,12.00,2.61,3.93,4.45,44.35%,3.85%,3.47%,False,False,False,False,False,13.07,92.66%
600919,江苏银行,2024-06-30,187.31亿,10.05%,185.12亿,10.94%,416.25亿,7.16%,0.9800,12.15,2.61,3.68,5.56,46.63%,8.21%,6.62%,False,False,False,False,False,12.30,92.25%
600919,江苏银行,2024-09-30,282.35亿,10.06%,279.61亿,10.95%,623.03亿,6.18%,1.5000,12.67,2.61,4.20,-0.22,47.02%,12.25%,9.34%,False,False,False,False,False,11.72,91.91%
600919,江苏银行,2024-12-31,318.43亿,10.76%,314.64亿,11.40%,808.15亿,8.78%,1.6500,12.73,2.61,3.64,2.01,41.21%,13.59%,10.49%,False,False,False,False,False,11.98,92.06%
600919,江苏银行,2025-03-31,97.80亿,8.16%,96.95亿,7.92%,223.04亿,6.21%,0.5300,13.10,2.61,3.84,9.21,45.25%,4.13%,3.15%,False,False,False,False,False,13.33,92.80%
600919,江苏银行,2025-06-30,202.38亿,8.05%,201.71亿,8.96%,448.64亿,7.78%,1.0300,13.59,2.61,4.12,17.06,46.94%,7.82%,6.14%,False,False,False,False,False,13.50,92.89%
600919,江苏银行,2025-09-30,305.83亿,8.32%,305.00亿,9.08%,671.83亿,7.83%,1.5900,13.90,2.61,4.67,21.90,47.47%,11.90%,9.13%,False,False,False,False,False,13.67,92.97%
600919,江苏银行,2025-12-31,345.01亿,8.35%,344.25亿,9.41%,879.42亿,8.82%,1.7600,14.06,2.61,4.19,30.55,41.26%,13.14%,10.21%,False,False,False,False,False,13.56,92.91%
600919,江苏银行,2026-03-31,105.82亿,8.20%,105.22亿,8.53%,241.80亿,8.41%,0.5800,14.40,2.61,4.09,16.44,45.18%,4.09%,3.07%,False,False,False,False,False,15.18,93.62%
600926,杭州银行,2003-12-31,1.88亿,False,False,False,10.83亿,False,False,False,0.15,0.23,False,17.37%,False,False,2.30,2.30,0.73,0.70,0.12,26.48,96.36%
600926,杭州银行,2004-12-31,2.02亿,7.13%,False,False,13.91亿,28.43%,False,False,0.15,0.26,False,14.49%,False,False,1.51,1.51,0.65,0.65,0.04,24.19,96.03%
600926,杭州银行,2005-12-31,4.90亿,142.89%,False,False,13.40亿,-3.72%,0.4600,False,0.41,0.27,False,36.56%,False,False,False,False,False,False,False,17.62,94.63%
600926,杭州银行,2006-12-31,5.95亿,21.59%,False,False,17.15亿,28.03%,0.4700,False,0.51,0.39,False,34.71%,False,False,False,False,False,False,False,16.79,94.38%
600926,杭州银行,2007-12-31,8.48亿,42.37%,False,False,21.81亿,27.18%,False,False,0.55,0.72,False,38.86%,False,False,False,False,False,False,False,17.04,94.46%
600926,杭州银行,2008-06-30,7.15亿,False,False,False,14.09亿,False,0.5400,False,0.56,0.96,False,50.73%,False,False,False,False,False,False,False,17.95,94.72%
600926,杭州银行,2008-12-31,12.77亿,50.70%,False,False,31.47亿,44.29%,0.9700,False,0.56,1.16,False,40.59%,False,False,False,False,False,False,False,19.71,95.17%
600926,杭州银行,2009-12-31,13.66亿,6.90%,False,False,36.59亿,16.27%,1.0000,False,2.94,1.29,False,37.32%,False,False,False,False,False,False,False,13.47,93.09%
600926,杭州银行,2010-06-30,9.29亿,False,False,False,23.30亿,False,False,False,2.94,1.65,False,39.88%,False,False,False,False,False,False,False,14.55,93.57%
600926,杭州银行,2010-12-31,19.11亿,39.96%,False,False,50.16亿,37.07%,1.1400,False,2.94,1.78,False,38.10%,False,False,False,False,False,False,False,17.21,94.51%
600926,杭州银行,2011-06-30,13.82亿,48.66%,False,False,33.38亿,43.25%,0.8300,False,2.94,2.41,False,41.33%,False,False,False,False,False,False,False,17.28,94.51%
600926,杭州银行,2011-12-31,26.91亿,40.81%,26.77亿,False,75.13亿,49.78%,1.6100,8.63,2.99,2.94,-4.89,35.83%,20.58%,18.72%,False,False,False,False,False,15.96,94.09%
600926,杭州银行,2012-12-31,35.52亿,31.98%,35.40亿,32.22%,97.88亿,30.28%,1.7700,10.44,2.94,3.41,26.15,36.35%,22.43%,20.35%,False,False,False,False,False,17.61,94.61%
600926,杭州银行,2013-12-31,37.88亿,6.66%,37.73亿,6.60%,97.75亿,-0.13%,1.8900,12.29,2.94,5.24,-10.19,38.86%,20.02%,18.44%,False,False,False,False,False,15.55,93.94%
600926,杭州银行,2014-12-31,35.06亿,-7.44%,35.28亿,-6.50%,110.27亿,12.81%,1.7500,12.00,2.87,4.88,4.13,31.84%,15.67%,13.44%,False,False,False,False,False,15.04,93.75%
600926,杭州银行,2015-06-30,22.04亿,False,22.09亿,False,62.88亿,False,1.0100,12.65,3.41,5.24,8.71,35.08%,8.13%,7.39%,False,False,False,False,False,15.52,93.94%
600926,杭州银行,2015-09-30,31.33亿,False,31.41亿,False,94.61亿,False,1.4000,False,False,False,False,33.13%,11.29%,False,False,False,False,False,False,False,False
600926,杭州银行,2015-12-31,37.04亿,5.65%,36.82亿,4.35%,124.04亿,12.49%,1.6400,13.51,3.41,4.78,14.81,29.87%,12.84%,11.64%,False,False,False,False,False,16.13,94.15%
600926,杭州银行,2016-03-31,12.16亿,False,12.19亿,False,34.40亿,False,0.5200,False,False,False,-3.28,35.35%,3.76%,False,False,False,False,False,False,False,False
600926,杭州银行,2016-06-30,23.47亿,6.47%,23.62亿,6.90%,68.03亿,8.19%,0.7100,14.38,3.41,5.78,3.09,34.00%,7.14%,6.93%,False,False,False,False,False,15.73,94.02%
600926,杭州银行,2016-09-30,33.57亿,7.15%,33.57亿,6.89%,107.20亿,13.31%,1.0200,14.74,3.41,6.21,21.77,30.99%,10.09%,9.67%,False,False,False,False,False,17.27,94.53%
600926,杭州银行,2016-12-31,40.21亿,8.54%,40.27亿,9.37%,137.33亿,10.71%,1.2000,14.73,4.35,4.83,31.80,29.03%,11.83%,10.43%,False,False,False,False,False,17.68,94.65%
600926,杭州银行,2017-03-31,13.10亿,7.76%,13.09亿,7.38%,32.56亿,-5.40%,0.3600,15.18,4.35,5.33,-5.80,40.26%,3.35%,3.30%,False,False,False,False,False,17.63,94.63%
600926,杭州银行,2017-06-30,25.31亿,7.86%,25.24亿,6.86%,65.85亿,-3.24%,0.4900,10.96,2.82,3.93,4.54,38.45%,6.39%,6.30%,False,False,False,False,False,17.77,94.67%
600926,杭州银行,2017-09-30,36.66亿,9.20%,36.57亿,8.93%,102.11亿,-4.78%,0.7100,11.26,2.82,4.24,15.96,35.91%,9.17%,8.88%,False,False,False,False,False,18.33,94.83%
600926,杭州银行,2017-12-31,45.50亿,13.17%,45.39亿,12.73%,141.22亿,2.83%,0.8900,11.42,2.82,3.98,17.49,32.22%,11.34%,10.87%,False,False,False,False,False,15.08,93.78%
600926,杭州银行,2018-03-31,15.22亿,16.17%,15.20亿,16.17%,41.81亿,28.41%,0.3000,11.92,2.82,4.39,3.39,36.41%,3.56%,3.49%,False,False,False,False,False,14.71,93.63%
600926,杭州银行,2018-06-30,30.18亿,19.25%,30.17亿,19.56%,83.19亿,26.33%,0.5900,8.65,2.82,4.50,1.31,36.28%,6.94%,6.81%,False,False,False,False,False,14.77,93.66%
600926,杭州银行,2018-09-30,44.12亿,20.37%,44.10亿,20.60%,127.51亿,24.88%,0.8600,8.94,1.73,3.49,-5.59,34.60%,10.05%,9.62%,False,False,False,False,False,14.58,93.58%
600926,杭州银行,2018-12-31,54.12亿,18.94%,54.25亿,19.53%,170.54亿,20.77%,0.9500,9.20,1.73,3.23,2.55,31.73%,11.01%,10.37%,False,False,False,False,False,15.11,93.79%
600926,杭州银行,2019-03-31,18.15亿,19.25%,18.14亿,19.33%,52.94亿,26.64%,0.3500,9.66,1.73,3.64,-4.79,34.28%,3.73%,3.66%,False,False,False,False,False,14.70,93.63%
600926,杭州银行,2019-06-30,36.29亿,20.22%,36.23亿,20.08%,104.60亿,25.73%,0.7100,9.70,1.73,3.74,-1.60,34.69%,7.38%,7.29%,False,False,False,False,False,14.85,93.69%
600926,杭州银行,2019-09-30,53.06亿,20.25%,52.96亿,20.08%,160.47亿,25.85%,1.0300,10.04,1.73,4.07,3.53,33.07%,10.68%,10.30%,False,False,False,False,False,14.95,93.73%
600926,杭州银行,2019-12-31,66.02亿,21.99%,65.98亿,21.61%,214.09亿,25.53%,1.1900,10.25,1.73,3.92,8.83,30.84%,12.15%,11.57%,False,False,False,False,False,15.37,93.89%
600926,杭州银行,2020-03-31,21.65亿,19.26%,21.81亿,20.20%,66.37亿,25.36%,0.4200,10.82,1.73,4.34,-5.97,32.61%,4.01%,2.99%,False,False,False,False,False,13.35,93.03%
600926,杭州银行,2020-06-30,40.68亿,12.11%,40.83亿,12.69%,128.54亿,22.89%,0.7500,10.40,2.56,3.73,0.58,31.65%,7.14%,6.60%,False,False,False,False,False,12.62,92.66%
600926,杭州银行,2020-09-30,55.77亿,5.11%,55.91亿,5.58%,186.52亿,16.24%,1.0000,10.54,2.56,3.98,-1.13,29.90%,9.57%,8.92%,False,False,False,False,False,12.98,92.85%
600926,杭州银行,2020-12-31,71.36亿,8.09%,71.30亿,8.07%,248.06亿,15.87%,1.1700,10.77,2.56,3.83,3.16,28.77%,11.14%,10.36%,False,False,False,False,False,13.46,93.08%
600926,杭州银行,2021-03-31,25.18亿,16.33%,25.14亿,15.30%,75.77亿,14.15%,0.3800,11.13,2.56,4.21,0.32,33.24%,3.44%,3.03%,False,False,False,False,False,13.80,93.24%
600926,杭州银行,2021-06-30,50.07亿,23.07%,49.69亿,21.72%,148.76亿,15.73%,0.8000,11.52,2.56,4.27,-2.87,33.66%,7.09%,6.91%,False,False,False,False,False,14.09,93.37%
600926,杭州银行,2021-09-30,70.36亿,26.16%,69.85亿,24.92%,223.77亿,19.97%,1.1400,11.95,2.56,4.53,-7.98,31.44%,9.99%,9.52%,False,False,False,False,False,14.14,93.40%
600926,杭州银行,2021-12-31,92.61亿,29.77%,91.75亿,28.68%,293.61亿,18.36%,1.4300,12.33,2.56,4.25,-9.44,31.54%,12.33%,11.57%,False,False,False,False,False,14.44,93.52%
600926,杭州银行,2022-03-31,33.09亿,31.39%,32.37亿,28.73%,87.69亿,15.73%,0.5100,12.81,2.56,4.75,-2.85,37.73%,4.05%,3.56%,False,False,False,False,False,14.67,93.62%
600926,杭州银行,2022-06-30,65.93亿,31.67%,64.60亿,29.99%,173.02亿,16.31%,1.0600,13.04,2.56,4.94,3.39,38.10%,8.31%,8.16%,False,False,False,False,False,15.26,93.85%
600926,杭州银行,2022-09-30,92.75亿,31.82%,91.17亿,30.53%,260.62亿,16.47%,1.5200,13.53,2.56,5.39,0.20,35.59%,11.71%,11.20%,False,False,False,False,False,15.09,93.78%
600926,杭州银行,2022-12-31,116.79亿,26.11%,114.02亿,24.26%,329.32亿,12.16%,1.8300,13.76,2.56,5.09,15.34,35.47%,14.09%,13.32%,False,False,False,False,False,15.40,93.90%
600926,杭州银行,2023-03-31,42.39亿,28.11%,41.74亿,28.97%,94.31亿,7.55%,0.6700,14.49,2.56,5.75,1.13,44.95%,4.72%,4.60%,False,False,False,False,False,15.48,93.93%
600926,杭州银行,2023-06-30,83.26亿,26.29%,81.73亿,26.52%,183.56亿,6.09%,1.3600,14.90,2.56,6.04,-2.88,45.36%,9.33%,9.10%,False,False,False,False,False,15.56,93.96%
600926,杭州银行,2023-09-30,116.92亿,26.06%,114.14亿,25.20%,274.32亿,5.26%,1.9200,15.41,2.56,6.60,3.33,42.62%,13.12%,12.48%,False,False,False,False,False,15.52,93.95%
600926,杭州银行,2023-12-31,143.83亿,23.15%,140.39亿,23.13%,350.16亿,6.33%,2.3100,15.90,2.56,6.46,12.18,41.08%,15.57%,14.52%,False,False,False,False,False,15.54,93.96%
600926,杭州银行,2024-03-31,51.33亿,21.11%,50.82亿,21.74%,97.61亿,3.50%,0.8200,16.82,2.56,7.27,-1.93,52.59%,4.99%,4.86%,False,False,False,False,False,15.42,93.91%
600926,杭州银行,2024-06-30,99.96亿,20.06%,98.63亿,20.68%,193.40亿,5.36%,1.6400,17.19,2.56,7.56,1.52,51.69%,9.74%,9.52%,False,False,False,False,False,14.40,93.50%
600926,杭州银行,2024-09-30,138.70亿,18.63%,136.94亿,19.98%,284.94亿,3.87%,2.2900,17.83,2.56,8.21,3.39,48.68%,13.51%,12.85%,False,False,False,False,False,14.21,93.42%
600926,杭州银行,2024-12-31,169.83亿,18.07%,167.62亿,19.39%,383.81亿,9.61%,2.7400,18.03,2.75,7.32,10.88,44.25%,16.00%,14.94%,False,False,False,False,False,14.53,93.56%
600926,杭州银行,2025-03-31,60.21亿,17.30%,59.68亿,17.44%,99.78亿,2.22%,0.9400,18.37,3.12,7.92,7.49,60.35%,5.15%,4.13%,False,False,False,False,False,14.23,93.43%
600926,杭州银行,2025-06-30,116.62亿,16.66%,115.59亿,17.20%,200.93亿,3.90%,1.7500,18.03,4.16,7.36,4.04,58.04%,9.50%,8.53%,False,False,False,False,False,12.93,92.82%
600926,杭州银行,2025-09-30,158.85亿,14.53%,157.49亿,15.01%,288.80亿,1.35%,2.3100,18.34,4.17,7.93,11.41,55.00%,12.68%,11.55%,False,False,False,False,False,13.09,92.90%
600926,杭州银行,2025-12-31,190.29亿,12.05%,188.33亿,12.36%,387.99亿,1.09%,2.6600,18.37,4.17,7.09,21.98,49.05%,14.65%,13.59%,False,False,False,False,False,13.48,93.09%
600926,杭州银行,2026-03-31,66.29亿,10.09%,66.16亿,10.85%,104.06亿,4.29%,0.8800,19.32,4.17,7.97,-5.08,63.71%,4.69%,4.57%,False,False,False,False,False,13.33,93.02%
600928,西安银行,2005-12-31,False,False,False,False,False,False,False,False,False,0.10,False,False,False,False,,,,,,20.56,95.36%
600928,西安银行,2006-12-31,1.08亿,False,False,False,30.18亿,False,False,False,0.0029,0.11,False,3.57%,False,False,,,,,,18.14,94.78%
600928,西安银行,2007-12-31,1.12亿,4.42%,False,False,36.26亿,20.15%,False,False,0.0029,0.07,False,3.10%,False,False,,,,,,20.33,95.31%
600928,西安银行,2008-12-31,6.76亿,501.83%,False,False,22.67亿,-37.46%,False,False,0.0038,0.0083,False,29.82%,False,False,,,,,,27.23,96.46%
600928,西安银行,2009-12-31,7.16亿,5.89%,False,False,17.13亿,-24.44%,False,False,0.0043,0.24,False,41.78%,False,False,,,,,,15.20,93.83%
600928,西安银行,2010-12-31,8.26亿,15.38%,False,False,17.80亿,10.65%,0.2800,False,-0.0026,0.28,False,43.56%,False,False,,,,,,17.14,94.48%
600928,西安银行,2011-12-31,11.07亿,34.03%,False,False,26.13亿,46.84%,0.3700,False,-0.0001,0.43,False,42.37%,False,False,,,,,,18.53,94.88%
600928,西安银行,2012-12-31,14.55亿,31.41%,False,False,31.13亿,19.11%,False,False,0.0040,0.85,False,46.77%,False,False,,,,,,17.03,94.45%
600928,西安银行,2013-12-31,16.31亿,12.07%,14.87亿,False,34.32亿,10.27%,0.5435,2.74,0.04,1.05,0.97,47.55%,22.08%,19.81%,,,,,,15.23,93.80%
600928,西安银行,2014-12-31,18.07亿,10.82%,18.07亿,21.51%,41.04亿,19.58%,0.6023,3.25,0.04,1.46,-1.83,44.11%,20.22%,18.51%,,,,,,14.49,93.50%
600928,西安银行,2015-06-30,10.01亿,False,False,False,21.68亿,False,False,False,0.53,1.13,False,46.15%,False,False,,,,,,8.95,89.91%
600928,西安银行,2015-09-30,13.75亿,False,False,False,33.34亿,False,False,False,0.54,1.22,False,41.24%,False,False,,,,,,9.21,90.21%
600928,西安银行,2015-12-31,19.90亿,10.11%,18.82亿,4.15%,47.08亿,14.71%,0.5700,3.59,0.53,1.38,-0.14,42.35%,16.64%,13.86%,,,,,,13.63,93.13%
600928,西安银行,2016-03-31,6.03亿,False,False,False,11.52亿,False,False,False,0.53,1.52,False,52.38%,False,False,,,,,,10.71,91.46%
600928,西安银行,2016-06-30,10.18亿,1.68%,10.16亿,False,22.75亿,4.91%,0.2544,3.74,0.53,1.27,-4.65,44.68%,6.91%,6.81%,,,,,,11.37,91.88%
600928,西安银行,2016-09-30,15.02亿,9.20%,False,False,32.19亿,-3.46%,False,False,0.53,1.39,False,46.66%,False,False,,,,,,11.22,91.82%
600928,西安银行,2016-12-31,20.11亿,1.09%,19.78亿,5.10%,45.18亿,-4.04%,0.5000,3.98,0.53,1.39,-0.05,44.57%,13.33%,12.65%,,,,,,12.70,92.67%
600928,西安银行,2017-03-31,5.81亿,-3.74%,False,False,11.34亿,-1.51%,False,False,0.53,1.53,False,51.19%,False,False,,,,,,11.89,92.24%
600928,西安银行,2017-06-30,10.98亿,7.88%,False,False,23.10亿,1.57%,False,False,0.53,1.61,False,46.54%,False,False,,,,,,11.27,91.83%
600928,西安银行,2017-09-30,16.53亿,10.05%,16.48亿,False,35.16亿,9.23%,False,False,False,False,False,46.36%,False,False,,,,,,False,False
600928,西安银行,2017-12-31,21.31亿,5.96%,20.24亿,2.29%,49.26亿,9.04%,0.5300,4.42,0.53,1.75,3.16,42.65%,12.66%,12.06%,,,,,,12.24,92.43%
600928,西安银行,2018-03-31,6.08亿,4.74%,6.08亿,False,13.11亿,14.61%,0.1500,4.58,0.54,1.90,-4.42,46.67%,3.38%,3.31%,,,,,,10.80,91.53%
600928,西安银行,2018-06-30,12.00亿,9.32%,11.80亿,False,26.76亿,15.81%,0.3000,4.68,0.53,2.00,-2.26,44.97%,6.59%,6.41%,,,,,,11.74,92.13%
600928,西安银行,2018-09-30,18.04亿,9.14%,17.84亿,8.24%,43.29亿,22.32%,0.4500,4.85,0.53,2.15,-5.48,41.86%,False,9.28%,,,,,,11.10,91.74%
600928,西安银行,2018-12-31,23.62亿,10.82%,23.40亿,15.62%,59.76亿,21.31%,0.5900,4.99,0.53,2.22,-4.44,39.58%,12.61%,11.84%,,,,,,11.20,91.79%
600928,西安银行,2019-03-31,7.00亿,15.02%,6.99亿,14.95%,16.98亿,29.47%,0.1700,5.08,0.83,2.07,-0.07,41.28%,3.37%,3.10%,,,,,,10.17,91.03%
600928,西安银行,2019-06-30,13.33亿,11.03%,13.30亿,12.71%,33.92亿,26.78%,0.3100,5.08,0.83,2.05,2.44,39.29%,6.12%,5.90%,,,,,,10.38,91.20%
600928,西安银行,2019-09-30,20.11亿,11.49%,20.08亿,12.58%,51.19亿,18.26%,0.4600,5.21,0.83,2.20,-0.34,39.29%,9.10%,8.69%,,,,,,10.46,91.26%
600928,西安银行,2019-12-31,26.75亿,13.27%,26.66亿,13.94%,68.45亿,14.55%,0.6100,5.31,0.83,2.25,0.44,39.13%,11.94%,11.33%,,,,,,10.78,91.50%
600928,西安银行,2020-03-31,7.70亿,10.10%,7.82亿,11.85%,17.58亿,3.55%,0.1700,5.50,0.83,2.42,0.31,43.76%,3.21%,3.15%,,,,,,10.49,91.28%
600928,西安银行,2020-06-30,13.48亿,1.12%,13.58亿,2.15%,33.65亿,-0.79%,0.3000,5.41,0.83,2.37,3.51,40.02%,5.58%,5.61%,,,,,,11.32,91.87%
600928,西安银行,2020-09-30,19.91亿,-1.00%,19.95亿,-0.66%,51.49亿,0.58%,0.4500,5.57,0.83,2.51,6.26,38.66%,8.21%,8.05%,,,,,,11.26,91.83%
600928,西安银行,2020-12-31,27.56亿,3.05%,27.53亿,3.26%,71.38亿,4.27%,0.6200,5.75,0.83,2.50,7.54,38.66%,11.24%,10.78%,,,,,,10.98,91.64%
600928,西安银行,2021-03-31,7.08亿,-8.04%,7.10亿,-9.23%,18.94亿,7.73%,0.1600,5.91,0.83,2.66,-0.21,37.39%,2.73%,2.70%,,,,,,10.82,91.52%
600928,西安银行,2021-06-30,14.18亿,5.21%,14.20亿,4.56%,35.55亿,5.65%,0.3200,5.87,0.83,2.63,-0.61,39.91%,5.43%,5.43%,,,,,,11.31,91.86%
600928,西安银行,2021-09-30,20.30亿,1.97%,20.28亿,1.66%,53.07亿,3.07%,0.4600,6.01,0.83,2.77,0.17,38.29%,7.75%,7.59%,,,,,,11.58,92.03%
600928,西安银行,2021-12-31,28.04亿,1.73%,27.99亿,1.67%,72.03亿,0.91%,0.6300,6.20,0.83,2.79,3.11,38.97%,10.59%,10.18%,,,,,,11.56,92.02%
600928,西安银行,2022-03-31,6.08亿,-14.17%,6.14亿,-13.54%,15.43亿,-18.52%,0.1400,6.37,0.83,2.93,0.25,39.43%,2.18%,2.15%,,,,,,11.05,91.68%
600928,西安银行,2022-06-30,12.27亿,-13.45%,12.27亿,-13.60%,32.54亿,-8.48%,0.2800,6.34,0.83,2.88,4.74,37.75%,4.36%,4.35%,,,,,,11.53,92.00%
600928,西安银行,2022-09-30,17.79亿,-12.37%,17.81亿,-12.20%,48.62亿,-8.39%,0.4000,6.47,0.83,3.00,5.67,36.63%,6.31%,6.19%,,,,,,11.65,92.08%
600928,西安银行,2022-12-31,24.24亿,-13.55%,24.24亿,-13.38%,65.68亿,-8.82%,0.5500,6.57,0.83,3.01,11.72,36.94%,8.57%,8.31%,,,,,,12.90,92.79%
600928,西安银行,2023-03-31,6.58亿,8.20%,6.58亿,7.14%,18.05亿,16.99%,0.1500,6.74,0.83,3.16,-0.93,36.44%,2.22%,2.20%,,,,,,12.89,92.79%
600928,西安银行,2023-06-30,13.33亿,8.60%,13.33亿,8.60%,34.24亿,5.24%,0.3000,6.73,0.83,3.15,-0.19,38.96%,4.47%,4.46%,,,,,,13.14,92.91%
600928,西安银行,2023-09-30,19.05亿,7.10%,19.02亿,6.83%,50.41亿,3.68%,0.4300,6.84,0.83,3.28,2.55,37.82%,6.39%,6.27%,,,,,,13.02,92.85%
600928,西安银行,2023-12-31,24.62亿,1.56%,24.53亿,1.20%,72.05亿,9.70%,0.5500,6.94,0.83,3.36,2.77,34.21%,8.22%,7.98%,,,,,,13.00,92.84%
600928,西安银行,2024-03-31,6.83亿,3.79%,6.83亿,3.84%,18.85亿,4.44%,0.1500,7.11,0.83,3.52,-2.44,36.23%,2.19%,2.16%,,,,,,12.96,92.82%
600928,西安银行,2024-06-30,13.37亿,0.31%,13.37亿,0.37%,36.22亿,5.77%,0.3000,7.20,0.83,3.61,-0.91,36.93%,4.24%,4.18%,,,,,,12.91,92.80%
600928,西安银行,2024-09-30,19.27亿,1.14%,19.28亿,1.34%,55.29亿,9.69%,0.4300,7.34,0.83,3.74,-1.32,34.87%,6.07%,5.90%,,,,,,12.78,92.73%
600928,西安银行,2024-12-31,25.59亿,3.91%,25.54亿,4.12%,81.90亿,13.68%,0.5800,7.52,0.83,3.75,-2.58,31.26%,7.97%,7.66%,,,,,,13.38,93.03%
600928,西安银行,2025-03-31,7.12亿,4.30%,7.12亿,4.28%,20.39亿,8.14%,0.1600,7.58,0.83,3.91,0.68,34.84%,2.12%,2.11%,,,,,,14.42,93.50%
600928,西安银行,2025-06-30,14.52亿,8.59%,14.54亿,8.68%,52.05亿,43.70%,0.3300,8.87,0.83,3.98,-1.26,27.86%,4.26%,3.68%,,,,,,12.67,92.67%
600928,西安银行,2025-09-30,20.33亿,5.51%,20.54亿,6.57%,76.91亿,39.11%,0.4600,7.76,0.83,4.11,-0.67,26.40%,5.98%,5.15%,,,,,,12.95,92.82%
600928,西安银行,2025-12-31,26.50亿,3.57%,26.71亿,4.56%,99.66亿,21.68%,0.6000,7.90,0.83,4.04,-3.12,26.56%,7.74%,6.61%,,,,,,12.42,92.54%
600928,西安银行,2026-03-31,7.56亿,6.16%,7.55亿,5.96%,28.86亿,41.54%,0.1700,8.07,0.83,4.21,3.71,26.19%,2.13%,1.85%,,,,,,12.38,92.51%
601009,南京银行,2002-12-31,1.06亿,False,False,False,9.12亿,False,False,False,0.03,-0.12,False,11.61%,False,False,,,0.60,0.57,0.02,20.30,95.31%
601009,南京银行,2003-12-31,1.70亿,60.03%,False,False,10.10亿,10.68%,False,False,0.03,0.0021,False,16.79%,False,False,,,0.78,0.76,0.03,21.45,95.55%
601009,南京银行,2004-12-31,2.18亿,28.61%,2.10亿,False,8.43亿,-16.54%,0.1800,1.38,0.0100,0.25,4.52,25.87%,13.84%,13.09%,,,False,False,False,21.99,95.65%
601009,南京银行,2005-12-31,3.67亿,68.42%,3.30亿,56.79%,12.19亿,44.73%,0.3000,1.74,0.07,0.25,3.72,30.11%,19.48%,17.45%,,,False,False,False,22.09,95.67%
601009,南京银行,2006-06-30,3.16亿,False,False,False,7.42亿,False,0.2600,False,False,False,False,42.57%,False,False,,,False,False,False,False,False
601009,南京银行,2006-12-31,5.95亿,61.95%,6.03亿,82.88%,15.09亿,23.75%,0.4900,2.16,0.08,0.53,1.91,39.40%,25.31%,22.77%,,,False,False,False,21.20,95.50%
601009,南京银行,2007-03-31,1.51亿,False,False,False,4.32亿,False,0.1300,False,False,False,False,34.97%,False,False,,,False,False,False,False,False
601009,南京银行,2007-06-30,3.49亿,10.62%,3.49亿,False,8.25亿,11.21%,0.2900,2.27,-0.0061,0.72,3.68,42.34%,13.05%,12.77%,,,False,False,False,26.59,96.38%
601009,南京银行,2007-09-30,6.47亿,False,6.49亿,False,14.02亿,False,0.4800,5.30,3.30,0.64,0.56,46.14%,False,14.59%,,,False,False,False,7.28,87.92%
601009,南京银行,2007-12-31,9.09亿,52.95%,8.87亿,47.17%,19.26亿,27.61%,0.6200,5.41,3.27,0.73,0.42,47.23%,15.95%,9.15%,,,False,False,False,6.65,86.93%
601009,南京银行,2008-03-31,4.10亿,171.51%,4.11亿,False,7.17亿,65.95%,0.2200,5.68,3.32,0.91,2.73,57.21%,False,3.93%,,,False,False,False,7.35,88.03%
601009,南京银行,2008-06-30,7.88亿,125.63%,7.90亿,126.03%,14.68亿,77.94%,0.4300,5.55,3.28,0.82,1.06,53.69%,7.62%,7.74%,,,False,False,False,7.84,88.69%
601009,南京银行,2008-09-30,12.13亿,87.49%,12.04亿,85.51%,22.71亿,61.98%,0.6600,5.85,3.35,1.05,3.10,53.41%,0.0000%,11.28%,,,False,False,False,7.83,88.68%
601009,南京银行,2008-12-31,14.56亿,60.10%,14.41亿,62.39%,32.24亿,67.40%,0.7900,6.15,3.52,1.18,3.37,45.17%,13.71%,12.89%,,,False,False,False,7.29,87.89%
601009,南京银行,2009-03-31,4.13亿,0.68%,4.14亿,0.70%,8.87亿,23.65%,0.2200,6.35,3.49,1.26,2.40,46.55%,0.0000%,3.54%,,,False,False,False,8.63,89.58%
601009,南京银行,2009-06-30,8.01亿,1.56%,8.01亿,1.40%,17.42亿,18.62%,0.3400,6.22,3.45,1.17,3.57,45.98%,6.88%,7.00%,,,False,False,False,10.34,91.15%
601009,南京银行,2009-09-30,12.24亿,0.91%,12.25亿,1.74%,25.96亿,14.29%,0.5100,6.38,3.38,1.40,4.70,47.17%,0.0000%,10.44%,,,False,False,False,11.49,91.91%
601009,南京银行,2009-12-31,15.44亿,6.02%,15.41亿,6.99%,36.28亿,12.53%,0.6100,6.55,3.38,1.24,6.20,42.58%,13.23%,12.82%,,,False,False,False,11.41,91.86%
601009,南京银行,2010-03-31,5.87亿,42.17%,5.87亿,42.00%,12.09亿,36.35%,0.2000,6.91,3.42,1.56,9.11,48.62%,4.75%,4.62%,,,False,False,False,12.67,92.61%
601009,南京银行,2010-06-30,11.97亿,49.53%,11.94亿,49.06%,25.63亿,47.18%,0.4700,5.48,2.62,1.15,9.03,46.79%,9.46%,9.14%,,,False,False,False,13.97,93.26%
601009,南京银行,2010-09-30,18.27亿,49.24%,18.25亿,49.00%,39.55亿,52.34%,0.7200,5.75,2.62,1.42,8.33,46.30%,14.15%,13.32%,,,False,False,False,13.47,93.02%
601009,南京银行,2010-12-31,23.11亿,49.70%,23.05亿,49.54%,53.06亿,46.25%,0.9000,6.34,3.47,1.08,8.91,43.70%,17.21%,12.27%,,,False,False,False,10.75,91.44%
601009,南京银行,2011-03-31,7.85亿,33.60%,7.85亿,33.63%,16.71亿,38.19%,0.2600,6.60,3.46,1.34,0.60,47.21%,4.08%,4.00%,,,False,False,False,11.28,91.80%
601009,南京银行,2011-06-30,15.89亿,32.76%,15.87亿,32.92%,34.91亿,36.19%,0.5400,6.65,3.44,1.41,4.87,45.79%,8.11%,8.04%,,,False,False,False,12.34,92.45%
601009,南京银行,2011-09-30,23.42亿,28.16%,23.22亿,27.25%,52.70亿,33.26%,0.7900,6.88,3.41,1.67,3.50,44.74%,11.87%,11.47%,,,False,False,False,11.88,92.19%
601009,南京银行,2011-12-31,32.12亿,38.97%,31.92亿,38.49%,74.63亿,40.66%,1.0800,7.29,3.53,1.69,4.22,43.35%,15.87%,14.84%,,,False,False,False,12.01,92.26%
601009,南京银行,2012-03-31,10.33亿,31.71%,10.33亿,31.56%,22.44亿,34.28%,0.3500,7.63,3.52,2.04,0.25,46.43%,4.67%,4.56%,,,False,False,False,12.59,92.59%
601009,南京银行,2012-06-30,21.84亿,37.42%,21.87亿,37.83%,47.72亿,36.70%,0.7400,7.79,3.60,2.12,3.55,46.13%,9.57%,9.44%,,,False,False,False,13.45,93.03%
601009,南京银行,2012-09-30,29.65亿,26.63%,29.55亿,27.27%,68.07亿,29.18%,1.0000,7.97,3.51,2.39,0.71,43.96%,13.01%,12.54%,,,False,False,False,13.06,92.83%
601009,南京银行,2012-12-31,40.13亿,24.94%,40.05亿,25.47%,91.14亿,22.14%,1.3500,8.29,3.48,2.07,3.75,44.37%,17.35%,16.30%,,,False,False,False,12.96,92.78%
601009,南京银行,2013-03-31,11.92亿,15.33%,11.93亿,15.54%,24.96亿,11.26%,0.4000,8.74,3.53,2.47,10.49,48.13%,4.71%,4.59%,,,False,False,False,14.05,93.31%
601009,南京银行,2013-06-30,24.04亿,10.05%,23.95亿,9.50%,51.24亿,7.37%,0.8100,8.71,3.49,2.47,14.58,47.29%,9.30%,9.30%,,,False,False,False,14.85,93.64%
601009,南京银行,2013-09-30,34.19亿,15.29%,34.08亿,15.33%,77.18亿,13.37%,1.1500,8.89,3.33,2.81,17.56,44.65%,13.31%,12.96%,,,False,False,False,15.14,93.75%
601009,南京银行,2013-12-31,44.97亿,12.07%,44.78亿,11.80%,104.78亿,14.96%,1.5100,8.96,3.04,2.68,22.44,43.24%,17.56%,16.91%,,,False,False,False,15.31,93.81%
601009,南京银行,2014-03-31,14.20亿,19.13%,14.25亿,19.41%,34.25亿,37.20%,0.4800,9.58,3.19,3.16,12.57,41.80%,5.16%,4.99%,,,False,False,False,16.71,94.30%
601009,南京银行,2014-06-30,28.67亿,19.26%,28.52亿,19.09%,74.32亿,45.05%,0.9700,9.83,3.40,3.03,21.24,38.90%,10.04%,9.83%,,,False,False,False,16.60,94.26%
601009,南京银行,2014-09-30,41.60亿,21.68%,41.35亿,21.32%,115.31亿,49.41%,1.4000,10.33,3.49,3.47,29.70,36.38%,14.42%,13.57%,,,False,False,False,16.81,94.33%
601009,南京银行,2014-12-31,56.09亿,24.72%,55.91亿,24.87%,159.92亿,52.62%,1.8900,10.93,3.49,3.53,37.56,35.37%,19.00%,17.28%,,,False,False,False,16.65,94.28%
601009,南京银行,2015-03-31,17.73亿,24.91%,17.83亿,25.20%,50.64亿,47.86%,0.6000,11.43,3.49,4.12,12.17,35.35%,5.34%,5.22%,,,False,False,False,18.50,94.82%
601009,南京银行,2015-06-30,35.68亿,24.45%,35.56亿,24.67%,109.15亿,46.87%,0.6700,13.06,5.31,4.00,20.06,32.99%,10.42%,8.11%,,,False,False,False,15.62,93.94%
601009,南京银行,2015-09-30,51.78亿,24.48%,51.67亿,24.95%,166.05亿,44.00%,0.8500,13.16,5.31,3.98,23.08,31.49%,14.77%,11.69%,,,False,False,False,16.38,94.20%
601009,南京银行,2015-12-31,70.01亿,24.82%,69.82亿,24.87%,228.30亿,42.77%,1.2300,14.01,5.31,3.75,25.58,30.95%,17.59%,13.46%,,,False,False,False,14.47,93.49%
601009,南京银行,2016-03-31,21.19亿,19.49%,21.17亿,18.73%,78.48亿,54.98%,0.3500,14.58,5.31,4.38,13.34,27.24%,4.40%,3.93%,,,False,False,False,16.92,94.38%
601009,南京银行,2016-06-30,43.62亿,22.26%,43.56亿,22.52%,149.77亿,37.21%,0.5100,8.18,2.51,2.47,17.50,29.47%,8.94%,8.02%,,,False,False,False,17.65,94.60%
601009,南京银行,2016-09-30,63.52亿,22.67%,63.42亿,22.75%,210.61亿,26.84%,0.7500,8.54,2.51,2.80,9.39,30.55%,12.83%,10.31%,,,False,False,False,15.60,93.94%
601009,南京银行,2016-12-31,82.62亿,18.01%,82.64亿,18.36%,266.16亿,16.60%,0.9500,8.59,2.51,2.59,8.11,31.35%,16.25%,13.34%,,,False,False,False,16.17,94.14%
601009,南京银行,2017-03-31,24.53亿,15.78%,24.59亿,16.13%,62.31亿,-20.61%,0.2900,8.91,2.51,2.99,-3.09,39.78%,4.63%,3.84%,,,False,False,False,16.56,94.27%
601009,南京银行,2017-06-30,51.05亿,17.03%,50.92亿,16.88%,124.25亿,-17.04%,0.6000,6.40,2.51,3.04,-4.35,41.53%,9.51%,7.96%,,,False,False,False,16.65,94.29%
601009,南京银行,2017-09-30,74.33亿,17.02%,74.22亿,17.03%,185.67亿,-11.84%,0.8800,6.63,1.51,2.42,-1.71,40.48%,13.71%,11.24%,,,False,False,False,16.31,94.18%
601009,南京银行,2017-12-31,96.68亿,17.02%,96.67亿,16.99%,248.39亿,-6.68%,1.0900,6.77,1.51,2.65,0.05,39.30%,16.94%,14.36%,,,False,False,False,15.93,94.02%
601009,南京银行,2018-03-31,28.86亿,17.61%,29.19亿,18.71%,67.00亿,7.53%,0.3400,7.23,1.56,2.99,-1.47,43.50%,5.01%,4.05%,,,False,False,False,15.54,93.88%
601009,南京银行,2018-06-30,59.78亿,17.11%,59.78亿,17.40%,134.96亿,8.62%,0.7000,7.30,1.56,2.89,0.52,44.74%,9.81%,8.32%,,,False,False,False,15.60,93.91%
601009,南京银行,2018-09-30,85.74亿,15.35%,85.75亿,15.53%,201.91亿,8.75%,1.0100,7.64,1.56,3.17,2.11,42.90%,13.65%,11.48%,,,False,False,False,15.28,93.79%
601009,南京银行,2018-12-31,110.73亿,14.53%,110.53亿,14.33%,274.06亿,10.33%,1.2600,8.01,1.56,3.31,4.91,40.82%,16.96%,14.23%,,,False,False,False,14.97,93.66%
601009,南京银行,2019-03-31,33.20亿,15.07%,33.25亿,13.92%,86.91亿,29.73%,0.3900,8.46,1.56,3.69,1.04,38.55%,4.75%,4.07%,,,False,False,False,15.13,93.73%
601009,南京银行,2019-06-30,68.79亿,15.07%,68.65亿,14.84%,166.39亿,23.29%,0.8100,8.46,1.56,3.59,1.13,41.70%,9.61%,8.42%,,,False,False,False,15.50,93.87%
601009,南京银行,2019-09-30,98.89亿,15.33%,98.60亿,15.00%,244.53亿,21.10%,1.1700,8.80,1.56,3.92,-1.83,40.82%,13.42%,11.71%,,,False,False,False,14.78,93.59%
601009,南京银行,2019-12-31,124.53亿,12.47%,123.98亿,12.16%,324.42亿,18.38%,1.4200,9.08,1.56,4.09,3.32,38.74%,16.53%,14.33%,,,False,False,False,14.45,93.46%
601009,南京银行,2020-03-31,37.51亿,12.96%,37.14亿,11.69%,100.33亿,15.44%,0.4400,9.56,1.56,4.53,4.80,37.68%,4.75%,4.12%,,,False,False,False,15.28,93.79%
601009,南京银行,2020-06-30,72.21亿,4.98%,71.52亿,4.18%,177.38亿,6.60%,0.8000,10.19,2.33,3.67,1.47,41.02%,8.56%,7.11%,,,False,False,False,13.42,93.00%
601009,南京银行,2020-09-30,100.88亿,2.01%,100.29亿,1.71%,250.45亿,2.42%,1.0600,9.37,2.33,3.94,0.47,40.62%,11.47%,9.73%,,,False,False,False,13.41,92.99%
601009,南京银行,2020-12-31,131.01亿,5.20%,130.58亿,5.33%,344.65亿,6.24%,1.3400,9.69,2.33,4.08,3.00,38.33%,14.32%,12.26%,,,False,False,False,13.18,92.88%
601009,南京银行,2021-03-31,40.99亿,9.30%,40.34亿,8.62%,101.98亿,1.64%,0.4100,10.09,2.33,4.49,4.65,40.50%,4.14%,3.70%,,,False,False,False,13.60,93.08%
601009,南京银行,2021-06-30,84.54亿,17.07%,83.86亿,17.26%,202.37亿,14.09%,0.8400,10.16,2.33,4.40,5.29,42.08%,8.40%,7.44%,,,False,False,False,13.64,93.10%
601009,南京银行,2021-09-30,123.44亿,22.36%,122.69亿,22.33%,303.02亿,20.99%,1.2100,10.78,2.33,4.77,8.11,41.03%,11.88%,10.48%,,,False,False,False,13.50,93.04%
601009,南京银行,2021-12-31,158.57亿,21.04%,157.24亿,20.41%,409.25亿,18.74%,1.5400,11.14,2.34,4.94,12.06,39.01%,14.85%,13.07%,,,False,False,False,13.40,92.99%
601009,南京银行,2022-03-31,50.15亿,22.33%,48.85亿,21.09%,122.77亿,20.39%,0.5000,11.61,2.34,5.43,-1.29,40.99%,4.41%,3.97%,,,False,False,False,13.91,93.23%
601009,南京银行,2022-06-30,101.51亿,20.07%,99.97亿,19.21%,235.32亿,16.28%,1.0100,11.57,2.54,5.17,-0.87,43.32%,8.74%,7.86%,,,False,False,False,13.80,93.18%
601009,南京银行,2022-09-30,149.71亿,21.28%,147.16亿,19.95%,351.88亿,16.13%,1.4500,12.02,2.54,5.62,1.50,42.80%,12.52%,11.19%,,,False,False,False,13.52,93.04%
601009,南京银行,2022-12-31,184.08亿,16.09%,180.88亿,15.03%,446.06亿,9.00%,1.7600,12.22,2.56,5.66,9.59,41.57%,15.12%,11.78%,,,False,False,False,12.17,92.34%
601009,南京银行,2023-03-31,54.27亿,8.22%,52.26亿,6.97%,129.53亿,5.51%,0.5200,12.75,2.56,6.18,6.25,42.22%,4.20%,3.35%,,,False,False,False,12.26,92.33%
601009,南京银行,2023-06-30,106.85亿,5.26%,103.78亿,3.81%,243.04亿,3.28%,1.0300,12.82,2.55,5.98,5.85,44.20%,8.14%,6.58%,,,False,False,False,12.66,92.56%
601009,南京银行,2023-09-30,152.84亿,2.09%,148.06亿,0.61%,356.92亿,1.43%,1.4600,13.21,2.55,6.40,3.65,43.08%,11.44%,9.18%,,,False,False,False,12.44,92.43%
601009,南京银行,2023-12-31,185.02亿,0.51%,179.25亿,-0.90%,451.60亿,1.24%,1.6800,13.50,2.55,6.44,3.58,41.25%,13.12%,10.91%,,,False,False,False,12.48,92.46%
601009,南京银行,2024-03-31,57.06亿,5.14%,56.35亿,7.83%,133.20亿,2.83%,0.5500,14.13,2.55,6.98,-0.35,43.17%,3.99%,3.24%,,,False,False,False,12.60,92.53%
601009,南京银行,2024-06-30,115.94亿,8.51%,114.77亿,10.59%,262.16亿,7.87%,1.1200,14.23,2.55,6.82,-5.73,44.47%,7.98%,6.55%,,,False,False,False,13.01,92.75%
601009,南京银行,2024-09-30,166.63亿,9.02%,164.86亿,11.35%,385.58亿,8.03%,1.5900,14.23,2.64,6.83,-7.21,43.50%,11.31%,9.30%,,,False,False,False,13.20,92.83%
601009,南京银行,2024-12-31,201.77亿,9.05%,199.37亿,11.22%,502.73亿,11.32%,1.8300,14.33,2.93,6.39,-6.30,40.51%,12.97%,10.70%,,,False,False,False,12.73,92.59%
601009,南京银行,2025-03-31,61.08亿,7.06%,60.64亿,7.61%,141.90亿,6.53%,0.5500,14.69,2.93,6.93,9.10,43.26%,3.80%,3.17%,,,False,False,False,13.34,92.91%
601009,南京银行,2025-06-30,126.19亿,8.84%,125.21亿,9.09%,284.80亿,8.64%,1.1300,14.50,3.40,6.48,10.70,44.61%,7.66%,6.11%,,,False,False,False,13.02,92.76%
601009,南京银行,2025-09-30,180.05亿,8.06%,178.69亿,8.39%,419.49亿,8.79%,1.5400,14.72,3.47,6.81,15.11,43.25%,10.53%,8.50%,,,False,False,False,12.96,92.73%
601009,南京银行,2025-12-31,218.07亿,8.08%,216.77亿,8.73%,555.42亿,10.48%,1.7600,14.66,3.47,6.24,17.89,39.71%,12.05%,10.57%,,,False,False,False,13.63,93.04%
601009,南京银行,2026-03-31,66.00亿,8.05%,66.04亿,8.91%,161.11亿,13.54%,0.5300,15.22,3.47,6.75,2.68,41.22%,3.57%,3.10%,,,False,False,False,14.03,93.23%
601077,渝农商行,2006-12-31,5.04亿,False,False,False,44.70亿,False,False,False,0.02,False,False,11.28%,False,False,5.41,5.41,0.71,0.71,0.04,27.73,96.52%
601077,渝农商行,2007-12-31,6.56亿,30.01%,False,False,64.64亿,44.60%,False,False,0.02,False,False,10.14%,False,False,3.88,3.88,0.81,0.81,0.28,33.21,97.08%
601077,渝农商行,2008-06-30,10.66亿,False,False,False,28.17亿,False,False,False,False,False,False,37.84%,False,False,False,False,False,False,False,False,False
601077,渝农商行,2008-12-31,7.02亿,7.05%,False,False,29.77亿,37.00%,False,False,False,False,False,8.20%,False,False,2.61,2.61,0.66,0.66,0.08,19.23,95.06%
601077,渝农商行,2009-06-30,4.86亿,-54.37%,False,False,51.07亿,81.31%,False,False,False,0.08,False,9.52%,False,False,1.68,1.68,0.61,0.61,0.05,20.83,95.42%
601077,渝农商行,2009-12-31,19.37亿,176.03%,False,False,57.74亿,93.97%,False,False,0.0100,0.36,False,33.55%,False,False,False,False,False,False,False,21.41,95.54%
601077,渝农商行,2010-12-31,31.13亿,60.70%,False,False,78.11亿,35.27%,0.4500,False,0.85,0.31,False,39.82%,False,False,False,False,False,False,False,12.03,92.29%
601077,渝农商行,2011-12-31,42.71亿,37.20%,False,False,110.24亿,41.13%,0.4600,False,0.92,0.42,False,38.76%,False,False,False,False,False,False,False,11.56,91.99%
601077,渝农商行,2012-12-31,53.61亿,25.54%,False,False,135.54亿,22.95%,0.5800,False,0.93,0.53,False,39.68%,False,False,False,False,False,False,False,12.76,92.66%
601077,渝农商行,2013-12-31,59.91亿,11.74%,False,False,162.10亿,19.60%,0.6400,False,0.92,0.66,False,37.11%,False,False,False,False,False,False,False,13.00,92.74%
601077,渝农商行,2014-12-31,68.28亿,13.98%,67.84亿,False,197.10亿,21.59%,0.7300,4.41,0.93,1.03,5.30,34.57%,17.78%,16.66%,False,False,False,False,False,14.05,93.14%
601077,渝农商行,2015-12-31,72.23亿,5.78%,71.83亿,5.88%,217.75亿,10.48%,0.7800,4.98,0.93,1.35,9.24,33.19%,16.55%,15.59%,False,False,False,False,False,14.43,93.32%
601077,渝农商行,2016-06-30,41.75亿,False,False,False,110.56亿,False,0.4500,False,0.93,1.45,False,38.04%,False,False,False,False,False,False,False,14.80,93.48%
601077,渝农商行,2016-12-31,79.45亿,9.99%,79.03亿,10.02%,217.05亿,-0.32%,0.8500,5.61,0.93,1.77,0.65,36.86%,16.14%,15.23%,False,False,False,False,False,14.36,93.30%
601077,渝农商行,2017-09-30,69.08亿,False,68.89亿,False,175.29亿,False,0.7400,6.15,1.19,2.02,-4.33,39.74%,12.51%,11.24%,False,False,False,False,False,13.21,92.79%
601077,渝农商行,2017-12-31,89.36亿,12.48%,88.89亿,12.48%,239.88亿,10.52%,0.9400,6.32,1.19,2.14,-1.94,37.55%,15.73%,14.13%,False,False,False,False,False,13.29,92.84%
601077,渝农商行,2018-06-30,48.36亿,False,48.33亿,False,132.64亿,False,0.4800,6.61,1.19,2.28,-4.86,36.84%,7.37%,7.32%,False,False,False,False,False,12.73,92.58%
601077,渝农商行,2018-09-30,73.35亿,6.18%,73.25亿,6.34%,197.46亿,12.65%,0.7300,False,False,False,-8.96,37.53%,11.06%,False,False,False,False,False,False,False,92.35%
601077,渝农商行,2018-12-31,90.58亿,1.37%,90.29亿,1.59%,261.16亿,8.87%,0.9100,7.03,1.19,2.61,-8.12,35.09%,13.55%,12.88%,False,False,False,False,False,12.49,92.45%
601077,渝农商行,2019-03-31,33.08亿,False,25.25亿,False,66.66亿,False,0.3300,7.37,1.19,2.94,2.67,50.22%,4.59%,4.49%,False,False,False,False,False,12.40,92.40%
601077,渝农商行,2019-06-30,57.51亿,18.94%,49.63亿,2.69%,132.67亿,0.02%,0.5800,7.41,1.19,2.94,3.10,44.02%,False,7.77%,False,False,False,False,False,12.74,92.59%
601077,渝农商行,2019-09-30,86.28亿,17.62%,78.34亿,6.95%,199.91亿,1.24%,0.8600,7.68,1.19,3.23,3.34,44.00%,11.67%,11.23%,False,False,False,False,False,12.44,92.42%
601077,渝农商行,2019-12-31,97.60亿,7.75%,89.26亿,-1.15%,266.30亿,1.97%,0.9500,7.73,1.80,2.86,2.10,37.51%,12.82%,11.12%,False,False,False,False,False,10.71,91.32%
601077,渝农商行,2020-03-31,30.80亿,-6.90%,31.03亿,22.87%,69.70亿,4.55%,0.2700,8.02,1.80,3.13,3.64,45.11%,3.44%,3.38%,False,False,False,False,False,10.50,91.16%
601077,渝农商行,2020-06-30,51.83亿,-9.89%,51.83亿,4.43%,139.26亿,4.97%,0.4600,7.95,1.80,2.98,5.13,37.81%,5.75%,5.74%,False,False,False,False,False,10.86,91.42%
601077,渝农商行,2020-09-30,77.69亿,-9.95%,77.59亿,-0.96%,209.98亿,5.04%,0.6800,8.14,1.80,3.20,6.10,37.83%,8.60%,8.40%,False,False,False,False,False,10.97,91.50%
601077,渝农商行,2020-12-31,84.01亿,-13.92%,82.43亿,-7.65%,281.86亿,5.84%,0.7400,8.21,1.79,3.18,3.73,30.39%,9.28%,9.01%,False,False,False,False,False,11.17,91.67%
601077,渝农商行,2021-03-31,32.48亿,5.48%,31.88亿,2.76%,74.87亿,7.42%,0.2900,8.50,1.79,3.46,1.47,44.09%,3.42%,3.36%,False,False,False,False,False,11.32,91.77%
601077,渝农商行,2021-06-30,57.33亿,10.62%,56.31亿,8.65%,151.72亿,8.95%,0.5000,8.50,1.79,3.31,0.86,38.35%,5.96%,5.94%,False,False,False,False,False,11.66,91.99%
601077,渝农商行,2021-09-30,87.51亿,12.65%,84.94亿,9.48%,230.66亿,9.85%,0.7700,9.13,1.79,3.57,1.86,38.51%,8.87%,8.44%,False,False,False,False,False,11.05,91.59%
601077,渝农商行,2021-12-31,95.60亿,13.79%,92.65亿,12.40%,308.42亿,9.42%,0.8400,8.85,1.79,3.56,3.63,31.51%,9.87%,9.15%,False,False,False,False,False,11.10,91.62%
601077,渝农商行,2022-03-31,36.19亿,11.42%,35.73亿,12.06%,75.87亿,1.33%,0.3200,9.14,1.79,3.87,4.72,48.38%,3.59%,3.36%,False,False,False,False,False,11.13,91.65%
601077,渝农商行,2022-06-30,63.79亿,11.26%,63.10亿,12.06%,153.29亿,1.04%,0.5600,9.12,1.79,3.71,5.68,42.38%,6.16%,5.82%,False,False,False,False,False,10.99,91.55%
601077,渝农商行,2022-09-30,92.42亿,5.60%,91.26亿,7.44%,225.57亿,-2.21%,0.8000,9.37,1.79,3.94,7.09,41.75%,8.76%,8.22%,False,False,False,False,False,10.82,91.42%
601077,渝农商行,2022-12-31,102.76亿,7.49%,100.64亿,8.62%,289.91亿,-6.00%,0.8900,9.45,1.79,3.95,6.24,36.14%,9.76%,9.07%,False,False,False,False,False,10.92,91.49%
601077,渝农商行,2023-03-31,39.51亿,9.18%,39.05亿,9.30%,73.39亿,-3.26%,0.3500,9.79,1.79,4.29,3.36,54.69%,3.67%,3.37%,False,False,False,False,False,11.20,91.69%
601077,渝农商行,2023-06-30,69.86亿,9.52%,67.99亿,7.75%,148.65亿,-3.03%,0.6100,9.85,1.79,4.17,1.76,47.90%,6.25%,5.93%,False,False,False,False,False,11.19,91.68%
601077,渝农商行,2023-09-30,99.55亿,7.72%,97.11亿,6.41%,219.00亿,-2.91%,0.8600,10.08,1.79,4.42,0.88,46.32%,8.78%,8.26%,False,False,False,False,False,10.99,91.54%
601077,渝农商行,2023-12-31,109.02亿,6.10%,106.49亿,5.82%,279.56亿,-3.57%,0.9400,10.19,1.79,4.42,3.47,39.80%,9.58%,8.96%,False,False,False,False,False,10.82,91.43%
601077,渝农商行,2024-03-31,35.24亿,-10.81%,35.03亿,-10.30%,71.28亿,-2.88%,0.3100,10.59,1.79,4.73,6.16,51.37%,3.00%,2.79%,False,False,False,False,False,10.80,91.41%
601077,渝农商行,2024-06-30,73.58亿,5.33%,70.36亿,3.48%,146.73亿,-1.30%,0.6400,10.69,1.79,4.66,3.96,51.53%,6.06%,5.78%,False,False,False,False,False,10.84,91.44%
601077,渝农商行,2024-09-30,103.08亿,3.55%,99.66亿,2.63%,215.14亿,-1.76%,0.8900,10.93,1.79,4.90,1.74,49.15%,8.37%,7.92%,False,False,False,False,False,10.64,91.30%
601077,渝农商行,2024-12-31,115.13亿,5.60%,111.44亿,4.64%,282.61亿,1.09%,0.9900,11.07,1.79,4.72,0.40,41.71%,9.28%,8.74%,False,False,False,False,False,10.49,91.18%
601077,渝农商行,2025-03-31,37.45亿,6.25%,37.42亿,6.83%,72.24亿,1.35%,0.3300,11.22,1.79,5.05,1.99,52.84%,3.00%,2.81%,False,False,False,False,False,11.06,91.59%
601077,渝农商行,2025-06-30,76.99亿,4.63%,76.95亿,9.37%,147.41亿,0.46%,0.6700,11.52,1.79,5.18,0.30,53.23%,5.92%,5.63%,False,False,False,False,False,10.90,91.48%
601077,渝农商行,2025-09-30,106.94亿,3.74%,106.75亿,7.11%,216.58亿,0.67%,0.9200,11.58,1.79,5.43,1.67,50.44%,8.15%,7.77%,False,False,False,False,False,11.02,91.56%
601077,渝农商行,2025-12-31,121.28亿,5.35%,120.97亿,8.55%,286.48亿,1.37%,1.0500,11.55,1.79,5.26,0.03,43.35%,9.18%,8.84%,False,False,False,False,False,11.13,91.64%
601077,渝农商行,2026-03-31,39.35亿,5.07%,39.32亿,5.07%,78.30亿,8.39%,0.3500,11.97,1.79,5.60,7.61,51.36%,2.99%,2.77%,False,False,False,False,False,11.43,91.83%
601128,常熟银行,2006-12-31,2.64亿,False,False,False,5.56亿,False,0.5100,False,0.02,0.58,False,47.54%,False,False,,,,,,21.67,95.59%
601128,常熟银行,2007-12-31,3.48亿,31.69%,False,False,6.98亿,25.66%,0.6700,False,0.51,0.50,False,49.76%,False,False,,,,,,15.19,93.81%
601128,常熟银行,2008-12-31,4.46亿,28.25%,False,False,9.42亿,34.90%,0.7800,False,0.69,0.44,False,47.27%,False,False,,,,,,14.53,93.47%
601128,常熟银行,2009-12-31,4.81亿,7.72%,False,False,9.75亿,3.49%,0.5600,False,0.53,0.41,False,49.53%,False,False,,,,,,14.78,93.58%
601128,常熟银行,2010-12-31,5.66亿,17.74%,False,False,13.96亿,43.19%,0.6600,False,0.92,0.37,False,40.92%,False,False,,,,,,11.92,92.10%
601128,常熟银行,2011-12-31,7.90亿,39.46%,7.62亿,False,19.87亿,42.28%,0.5200,3.16,0.34,0.48,6.18,40.16%,18.03%,16.44%,,,,,,13.90,93.18%
601128,常熟银行,2012-12-31,8.73亿,10.53%,8.82亿,15.72%,23.35亿,17.54%,0.4400,3.71,0.31,0.71,-0.91,37.96%,16.74%,15.49%,,,,,,12.15,92.27%
601128,常熟银行,2013-12-31,9.81亿,12.43%,9.73亿,10.31%,23.65亿,1.26%,0.4900,3.85,0.31,0.72,-0.17,42.10%,17.39%,16.79%,,,,,,13.41,92.83%
601128,常熟银行,2014-12-31,9.99亿,1.79%,9.94亿,2.21%,30.68亿,29.73%,0.5000,4.68,0.31,0.68,8.73,32.61%,15.30%,14.03%,,,,,,13.25,92.75%
601128,常熟银行,2015-06-30,4.92亿,False,4.87亿,False,15.00亿,False,0.2500,3.74,0.0020,0.67,-0.65,33.29%,6.70%,6.57%,,,,,,12.94,92.52%
601128,常熟银行,2015-09-30,7.29亿,False,7.27亿,False,23.92亿,False,0.3600,False,False,False,False,31.14%,9.83%,False,,,,,,False,False
601128,常熟银行,2015-12-31,9.66亿,-3.28%,9.61亿,-3.27%,34.92亿,13.83%,0.4800,4.04,0.0020,0.62,-1.62,28.14%,12.79%,11.96%,,,,,,12.39,92.23%
601128,常熟银行,2016-03-31,2.84亿,False,2.80亿,False,9.93亿,False,0.1400,False,False,False,2.95,30.27%,3.45%,False,,,,,,False,False
601128,常熟银行,2016-06-30,5.28亿,7.27%,5.24亿,7.48%,21.03亿,40.26%,0.2600,4.28,0.0025,0.88,1.67,26.22%,6.34%,6.16%,,,,,,13.23,92.56%
601128,常熟银行,2016-09-30,7.75亿,6.25%,7.71亿,5.96%,32.49亿,35.84%,0.3900,4.39,0.31,0.90,2.68,24.77%,9.16%,7.94%,,,,,,11.79,91.75%
601128,常熟银行,2016-12-31,10.41亿,7.71%,10.30亿,7.10%,44.75亿,28.16%,0.5100,4.43,0.31,0.74,3.08,23.57%,11.91%,10.56%,,,,,,12.13,91.98%
601128,常熟银行,2017-03-31,3.16亿,11.51%,3.07亿,9.67%,11.46亿,15.37%,0.1400,4.55,0.31,0.88,-0.55,29.27%,3.17%,3.13%,,,,,,12.58,92.23%
601128,常熟银行,2017-06-30,5.71亿,8.16%,5.62亿,7.33%,23.62亿,12.29%,0.2600,4.45,0.31,0.82,-2.48,25.60%,5.71%,5.78%,,,,,,13.16,92.54%
601128,常熟银行,2017-09-30,8.94亿,15.29%,8.85亿,14.87%,36.19亿,11.37%,0.4000,4.58,0.31,0.96,-2.82,25.97%,8.89%,8.77%,,,,,,12.91,92.40%
601128,常熟银行,2017-12-31,12.64亿,21.51%,12.51亿,21.49%,49.97亿,11.65%,0.5700,4.71,0.31,0.81,-3.01,26.46%,12.52%,12.08%,,,,,,12.87,92.38%
601128,常熟银行,2018-03-31,3.69亿,16.76%,3.69亿,19.97%,12.89亿,12.50%,0.1700,5.19,0.31,0.97,2.90,31.09%,3.32%,3.20%,,,,,,12.13,91.98%
601128,常熟银行,2018-06-30,7.11亿,24.55%,7.15亿,27.15%,27.47亿,16.30%,0.3200,4.95,0.31,0.95,2.28,28.13%,6.27%,6.11%,,,,,,12.97,92.45%
601128,常熟银行,2018-09-30,11.20亿,25.32%,11.22亿,26.71%,42.80亿,18.27%,0.5000,5.46,0.31,1.13,0.45,28.20%,9.71%,9.22%,,,,,,12.51,92.21%
601128,常熟银行,2018-12-31,14.86亿,17.53%,14.87亿,18.86%,58.24亿,16.55%,0.6700,5.67,0.39,0.91,0.64,27.21%,12.62%,11.58%,,,,,,11.93,91.88%
601128,常熟银行,2019-03-31,4.47亿,20.96%,4.48亿,21.38%,15.37亿,19.25%,0.2000,5.86,0.84,1.08,2.25,31.41%,3.35%,3.04%,,,,,,10.56,90.96%
601128,常熟银行,2019-06-30,8.54亿,20.16%,8.57亿,19.93%,31.21亿,13.63%,0.3500,5.72,1.19,0.96,3.27,29.38%,6.03%,5.45%,,,,,,10.17,90.66%
601128,常熟银行,2019-09-30,13.71亿,22.39%,13.73亿,22.45%,47.87亿,11.86%,0.5400,5.91,1.19,1.15,2.90,30.63%,9.20%,8.46%,,,,,,9.96,90.41%
601128,常熟银行,2019-12-31,17.85亿,20.14%,17.84亿,19.95%,64.45亿,10.67%,0.6900,6.18,1.18,0.94,4.04,29.47%,11.52%,10.55%,,,,,,9.86,90.32%
601128,常熟银行,2020-03-31,5.10亿,14.05%,5.14亿,14.74%,16.97亿,10.41%,0.1900,6.43,1.18,1.13,-0.67,32.76%,2.95%,2.89%,,,,,,9.95,90.39%
601128,常熟银行,2020-06-30,8.66亿,1.38%,8.70亿,1.51%,34.17亿,9.46%,0.3200,6.25,1.18,1.06,1.66,27.68%,5.01%,5.05%,,,,,,10.71,90.97%
601128,常熟银行,2020-09-30,13.95亿,1.76%,13.98亿,1.80%,49.87亿,4.17%,0.5100,6.39,1.18,1.25,-0.15,30.21%,8.06%,7.97%,,,,,,10.54,90.83%
601128,常熟银行,2020-12-31,18.03亿,1.01%,17.99亿,0.84%,65.82亿,2.13%,0.6600,6.55,1.18,1.15,1.50,29.42%,10.34%,10.04%,,,,,,10.56,90.84%
601128,常熟银行,2021-03-31,5.34亿,4.84%,5.35亿,4.12%,17.83亿,5.03%,0.1900,6.78,1.18,1.35,3.16,32.91%,2.92%,2.87%,,,,,,11.28,91.38%
601128,常熟银行,2021-06-30,10.01亿,15.52%,10.04亿,15.36%,36.80亿,7.71%,0.3700,6.72,1.18,1.20,1.10,29.76%,5.45%,5.43%,,,,,,11.49,91.51%
601128,常熟银行,2021-09-30,16.60亿,19.04%,16.64亿,18.97%,56.33亿,12.96%,0.6100,7.01,1.18,1.44,-2.43,31.81%,8.92%,8.64%,,,,,,11.50,91.49%
601128,常熟银行,2021-12-31,21.88亿,21.34%,21.87亿,21.59%,76.55亿,16.31%,0.8000,7.22,1.18,1.63,-0.62,30.58%,11.62%,11.06%,,,,,,11.39,91.43%
601128,常熟银行,2022-03-31,6.59亿,23.38%,6.61亿,23.66%,21.28亿,19.34%,0.2400,7.52,1.18,1.87,3.17,33.43%,3.26%,3.20%,,,,,,11.97,91.81%
601128,常熟银行,2022-06-30,12.01亿,19.96%,12.04亿,20.00%,43.74亿,18.86%,0.4400,7.53,1.19,1.87,2.25,29.84%,5.86%,5.81%,,,,,,12.24,91.96%
601128,常熟银行,2022-09-30,20.79亿,25.23%,20.76亿,24.79%,66.82亿,18.61%,0.7600,8.09,1.19,2.19,1.24,33.45%,10.04%,9.37%,,,,,,11.74,91.67%
601128,常熟银行,2022-12-31,27.44亿,25.39%,27.36亿,25.08%,88.09亿,15.07%,1.0000,8.24,1.19,2.43,4.80,33.23%,13.06%,12.15%,,,,,,11.68,91.62%
601128,常熟银行,2023-03-31,7.95亿,20.60%,7.89亿,19.27%,24.10亿,13.28%,0.2900,8.54,1.19,2.72,4.78,35.60%,13.83%,3.40%,,,,,,12.47,92.11%
601128,常熟银行,2023-06-30,14.50亿,20.82%,14.46亿,20.05%,49.14亿,12.36%,0.4800,8.59,1.19,2.71,0.40,32.14%,6.20%,6.16%,,,,,,12.43,92.07%
601128,常熟银行,2023-09-30,25.18亿,21.10%,25.12亿,21.00%,75.20亿,12.55%,0.8400,8.95,1.19,3.10,2.46,36.10%,10.64%,10.27%,,,,,,12.33,92.01%
601128,常熟银行,2023-12-31,32.82亿,19.60%,32.71亿,19.57%,98.70亿,12.05%,1.0900,9.25,1.19,3.38,5.97,35.53%,13.69%,12.94%,,,,,,12.12,91.89%
601128,常熟银行,2024-03-31,9.52亿,19.80%,9.52亿,20.65%,27.00亿,12.01%,0.3200,9.61,1.19,3.73,6.15,38.03%,3.69%,3.62%,,,,,,12.78,92.26%
601128,常熟银行,2024-06-30,17.34亿,19.58%,17.38亿,20.22%,55.06亿,12.03%,0.5200,8.76,0.99,3.42,5.55,34.14%,6.64%,6.57%,,,,,,12.83,92.27%
601128,常熟银行,2024-09-30,29.76亿,18.17%,29.78亿,18.56%,83.70亿,11.30%,0.9000,9.17,0.99,3.83,5.11,38.35%,11.22%,10.77%,,,,,,12.05,91.83%
601128,常熟银行,2024-12-31,38.13亿,16.20%,38.17亿,16.69%,109.09亿,10.53%,1.1500,9.50,0.99,3.76,6.02,37.34%,14.15%,13.31%,,,,,,11.73,91.63%
601128,常熟银行,2025-03-31,10.84亿,13.81%,10.62亿,11.56%,29.71亿,10.04%,0.3300,9.81,0.99,4.12,4.37,39.20%,3.72%,3.67%,,,,,,12.09,91.87%
601128,常熟银行,2025-06-30,19.69亿,13.51%,19.52亿,12.30%,60.62亿,10.10%,0.5900,9.01,0.80,3.79,6.47,34.93%,6.67%,6.59%,,,,,,12.36,92.03%
601128,常熟银行,2025-09-30,33.57亿,12.82%,33.42亿,12.22%,90.52亿,8.15%,1.0100,9.18,0.80,4.05,5.91,39.59%,11.27%,11.02%,,,,,,12.14,91.90%
601128,常熟银行,2025-12-31,42.19亿,10.65%,41.99亿,10.02%,116.19亿,6.51%,1.2700,9.46,0.79,4.31,5.54,38.42%,14.05%,13.45%,,,,,,11.78,91.70%
601128,常熟银行,2026-03-31,12.04亿,11.10%,12.08亿,13.74%,31.71亿,6.74%,0.3600,9.88,0.80,4.68,-1.73,40.50%,3.75%,3.68%,,,,,,11.74,91.71%
601166,兴业银行,2003-12-31,14.34亿,False,14.30亿,False,96.94亿,False,0.4800,2.02,0.38,0.48,3.07,14.79%,25.84%,23.64%,,,,,,41.71,97.66%
601166,兴业银行,2004-12-31,17.66亿,23.13%,17.28亿,20.80%,74.18亿,-23.48%,0.4800,2.52,0.71,0.65,3.40,23.80%,20.57%,17.51%,,,,,,32.72,97.03%
601166,兴业银行,2005-12-31,24.65亿,39.61%,24.59亿,42.32%,97.37亿,31.26%,0.6200,3.20,0.71,0.51,20.74,25.32%,22.25%,19.28%,,,,,,36.16,97.31%
601166,兴业银行,2006-06-30,17.46亿,False,17.42亿,False,60.59亿,False,0.4400,3.54,0.71,0.94,-1.47,28.84%,12.78%,12.35%,,,,,,36.64,97.34%
601166,兴业银行,2006-12-31,37.98亿,54.09%,37.67亿,53.20%,136.61亿,40.19%,0.9500,4.05,0.71,1.06,2.73,27.83%,25.87%,23.45%,,,,,,37.13,97.38%
601166,兴业银行,2007-03-31,14.08亿,False,14.03亿,False,46.47亿,False,0.3000,6.62,3.49,1.13,2.13,30.31%,False,4.25%,,,,,,20.48,95.34%
601166,兴业银行,2007-06-30,36.43亿,108.65%,36.27亿,108.17%,100.36亿,65.64%,0.7500,6.92,3.49,1.41,4.68,36.30%,11.46%,10.52%,,,,,,22.56,95.76%
601166,兴业银行,2007-09-30,60.24亿,False,59.99亿,False,159.83亿,False,1.2300,7.40,3.49,1.89,0.80,37.69%,False,16.28%,,,,,,22.18,95.69%
601166,兴业银行,2007-12-31,85.86亿,126.04%,79.90亿,112.14%,220.55亿,61.45%,1.7500,7.78,3.47,1.90,5.05,38.93%,25.34%,22.07%,,,,,,20.89,95.43%
601166,兴业银行,2008-03-31,30.88亿,119.25%,30.72亿,118.88%,73.39亿,57.94%,0.6200,8.40,3.48,2.52,-8.07,42.08%,False,7.35%,,,,,,19.61,95.15%
601166,兴业银行,2008-06-30,65.44亿,79.65%,65.16亿,79.68%,150.17亿,49.63%,1.3100,8.78,3.48,2.89,-13.14,43.58%,15.49%,14.91%,,,,,,19.90,95.21%
601166,兴业银行,2008-09-30,94.27亿,56.49%,93.84亿,56.43%,222.68亿,39.33%,1.8900,9.34,3.46,3.47,-11.77,42.33%,22.07%,20.19%,,,,,,18.82,94.95%
601166,兴业银行,2008-12-31,113.85亿,32.60%,111.87亿,40.01%,297.15亿,34.73%,2.2800,9.80,3.54,3.31,0.67,38.31%,26.06%,23.22%,,,,,,19.83,95.20%
601166,兴业银行,2009-03-31,29.41亿,-4.75%,28.60亿,-6.90%,67.23亿,-8.39%,0.5900,10.40,3.55,3.90,-10.68,43.75%,5.82%,5.66%,,,,,,20.10,95.26%
601166,兴业银行,2009-06-30,62.23亿,-4.90%,61.51亿,-5.60%,139.23亿,-7.29%,1.1700,10.62,3.56,4.10,-1.90,44.70%,12.01%,11.72%,,,,,,21.86,95.63%
601166,兴业银行,2009-09-30,95.72亿,1.54%,94.81亿,1.04%,219.56亿,-1.40%,1.8000,11.17,3.44,4.77,-3.14,43.60%,18.21%,17.14%,,,,,,21.67,95.59%
601166,兴业银行,2009-12-31,132.82亿,16.66%,125.96亿,12.59%,316.79亿,6.61%,2.5000,11.92,3.45,5.17,14.37,41.93%,24.54%,22.29%,,,,,,21.35,95.53%
601166,兴业银行,2010-03-31,40.79亿,38.68%,40.47亿,41.52%,96.25亿,43.16%,0.7700,12.34,3.55,5.49,2.31,42.38%,6.59%,6.61%,,,,,,23.21,95.87%
601166,兴业银行,2010-06-30,87.64亿,40.83%,86.96亿,41.37%,203.58亿,46.23%,0.9200,14.00,5.73,5.36,13.89,43.05%,13.93%,10.44%,,,,,,19.43,95.11%
601166,兴业银行,2010-09-30,135.95亿,42.03%,135.05亿,42.45%,317.93亿,44.80%,1.3700,14.84,5.75,6.17,24.01,42.76%,19.18%,15.29%,,,,,,19.36,95.09%
601166,兴业银行,2010-12-31,185.21亿,39.44%,183.36亿,45.57%,434.56亿,37.18%,1.8200,15.35,5.44,6.68,19.63,42.62%,24.64%,20.13%,,,,,,19.11,95.03%
601166,兴业银行,2011-03-31,52.21亿,28.00%,52.02亿,28.54%,116.53亿,21.07%,0.4800,16.20,5.42,7.55,-17.22,44.84%,5.52%,5.38%,,,,,,18.74,94.91%
601166,兴业银行,2011-06-30,122.32亿,39.57%,121.18亿,39.34%,262.46亿,28.92%,1.1300,9.38,2.55,4.59,-8.28,46.68%,12.55%,12.09%,,,,,,19.65,95.14%
601166,兴业银行,2011-09-30,187.88亿,38.20%,186.52亿,38.11%,410.87亿,29.23%,1.7400,9.91,2.47,5.20,-8.18,45.84%,18.87%,17.58%,,,,,,18.57,94.87%
601166,兴业银行,2011-12-31,255.05亿,37.71%,253.15亿,38.06%,598.70亿,37.77%,2.3600,10.68,2.62,5.23,-0.73,42.75%,24.67%,22.14%,,,,,,19.90,95.18%
601166,兴业银行,2012-03-31,82.88亿,58.74%,82.51亿,58.61%,192.32亿,65.04%,0.7700,11.49,2.67,6.00,1.01,43.27%,6.93%,6.69%,,,,,,20.20,95.25%
601166,兴业银行,2012-06-30,171.02亿,39.81%,170.08亿,40.35%,412.21亿,57.06%,1.5900,12.03,2.75,6.45,19.57,41.69%,13.81%,13.18%,,,,,,20.43,95.30%
601166,兴业银行,2012-09-30,263.41亿,40.20%,262.40亿,40.68%,635.22亿,54.60%,1.6300,12.78,2.65,7.30,6.02,41.70%,20.78%,19.10%,,,,,,20.49,95.32%
601166,兴业银行,2012-12-31,347.18亿,36.12%,345.85亿,36.62%,876.19亿,46.35%,2.1500,13.35,3.94,5.61,9.19,39.86%,26.65%,20.47%,,,,,,18.16,94.75%
601166,兴业银行,2013-03-31,109.77亿,32.44%,109.34亿,32.52%,250.96亿,30.49%,0.5800,14.27,3.99,6.48,9.73,44.05%,6.26%,6.06%,,,,,,18.13,94.74%
601166,兴业银行,2013-06-30,216.38亿,26.52%,215.90亿,26.94%,534.64亿,29.70%,1.1400,14.51,3.96,6.75,16.55,40.75%,12.06%,11.74%,,,,,,18.40,94.81%
601166,兴业银行,2013-09-30,331.02亿,25.67%,330.09亿,25.80%,803.04亿,26.42%,1.7400,10.21,2.58,4.77,9.43,41.50%,18.15%,17.02%,,,,,,17.68,94.61%
601166,兴业银行,2013-12-31,412.11亿,18.70%,409.98亿,18.54%,1092.87亿,24.73%,2.1600,10.49,2.43,4.90,10.98,37.98%,22.39%,20.63%,,,,,,17.40,94.53%
601166,兴业银行,2014-03-31,133.63亿,21.74%,133.55亿,22.14%,286.02亿,13.97%,0.7000,11.27,2.51,5.60,7.91,47.01%,6.45%,6.23%,,,,,,16.66,94.27%
601166,兴业银行,2014-06-30,255.27亿,17.97%,253.31亿,17.33%,594.08亿,11.12%,1.3400,11.57,2.63,5.78,8.61,43.24%,11.90%,11.58%,,,,,,16.90,94.35%
601166,兴业银行,2014-09-30,383.04亿,15.72%,379.83亿,15.07%,908.50亿,13.13%,2.0100,12.28,2.66,6.46,11.22,42.45%,17.54%,16.37%,,,,,,16.06,94.07%
601166,兴业银行,2014-12-31,471.38亿,14.38%,466.60亿,13.81%,1248.98亿,14.28%,2.4700,12.86,2.67,6.28,35.80,38.06%,21.21%,18.28%,,,,,,16.07,94.07%
601166,兴业银行,2015-03-31,147.90亿,10.68%,146.86亿,9.97%,342.07亿,19.60%,0.7800,13.65,2.67,7.05,-2.82,43.56%,5.86%,5.42%,,,,,,15.52,93.88%
601166,兴业银行,2015-06-30,277.44亿,8.68%,275.08亿,8.59%,722.58亿,21.63%,1.4500,13.76,2.67,7.16,35.73,38.73%,10.77%,9.63%,,,,,,16.79,94.31%
601166,兴业银行,2015-09-30,412.21亿,7.62%,407.89亿,7.39%,1123.54亿,23.67%,2.1600,14.51,2.67,7.87,31.86,36.95%,15.75%,13.63%,,,,,,16.48,94.22%
601166,兴业银行,2015-12-31,502.07亿,6.51%,494.93亿,6.07%,1543.48亿,23.58%,2.6300,15.10,2.67,7.44,42.97,32.82%,18.89%,16.01%,,,,,,15.88,94.01%
601166,兴业银行,2016-03-31,157.00亿,6.15%,155.10亿,5.61%,409.17亿,19.62%,0.8200,15.95,2.67,8.26,-4.19,38.62%,5.31%,4.76%,,,,,,15.58,93.90%
601166,兴业银行,2016-06-30,294.41亿,6.12%,288.59亿,4.91%,808.70亿,11.92%,1.4900,15.88,2.67,8.31,1.46,36.61%,9.46%,8.97%,,,,,,16.38,94.18%
601166,兴业银行,2016-09-30,439.82亿,6.70%,432.21亿,5.96%,1186.58亿,5.61%,2.2500,16.70,2.67,9.07,0.75,37.29%,14.11%,12.79%,,,,,,15.90,94.02%
601166,兴业银行,2016-12-31,538.50亿,7.26%,523.99亿,5.87%,1570.87亿,1.76%,2.7700,17.02,2.67,9.11,10.66,34.59%,17.28%,15.38%,,,,,,16.37,94.18%
601166,兴业银行,2017-03-31,168.24亿,7.16%,164.89亿,6.31%,345.87亿,-15.57%,0.8800,17.59,3.61,9.16,-2.25,48.99%,4.70%,4.30%,,,,,,14.90,93.63%
601166,兴业银行,2017-06-30,316.01亿,7.34%,306.66亿,6.26%,683.57亿,-15.78%,1.5100,17.67,3.61,9.19,-2.03,46.75%,8.61%,8.04%,,,,,,15.23,93.76%
601166,兴业银行,2017-09-30,471.49亿,7.20%,459.70亿,6.36%,1033.04亿,-13.16%,2.2600,18.41,3.61,9.94,-7.82,46.09%,12.74%,11.55%,,,,,,14.67,93.54%
601166,兴业银行,2017-12-31,572.00亿,6.22%,544.64亿,3.94%,1399.75亿,-10.89%,2.7400,18.82,3.61,10.35,-7.83,41.25%,15.35%,13.72%,,,,,,14.38,93.41%
601166,兴业银行,2018-03-31,176.55亿,4.94%,165.73亿,0.51%,353.32亿,2.15%,0.8500,19.74,3.61,11.20,-10.11,50.15%,4.41%,4.05%,,,,,,13.75,93.13%
601166,兴业银行,2018-06-30,336.57亿,6.51%,316.65亿,3.26%,733.85亿,7.36%,1.5500,19.70,3.61,11.22,-7.67,46.11%,7.95%,7.73%,,,,,,14.07,93.28%
601166,兴业银行,2018-09-30,506.01亿,7.32%,475.40亿,3.42%,1146.19亿,10.95%,2.3600,20.63,3.61,12.04,-18.09,44.47%,11.97%,11.14%,,,,,,13.38,92.96%
601166,兴业银行,2018-12-31,606.20亿,5.98%,560.41亿,2.90%,1582.87亿,13.08%,2.8500,21.18,3.61,12.41,-17.14,38.69%,14.27%,13.01%,,,,,,13.39,92.96%
601166,兴业银行,2019-03-31,196.58亿,11.35%,187.41亿,13.08%,476.19亿,34.78%,0.9500,21.97,3.61,13.10,-16.75,41.55%,4.41%,4.08%,,,,,,12.88,92.72%
601166,兴业银行,2019-06-30,358.79亿,6.60%,357.98亿,13.05%,899.07亿,22.51%,1.6600,21.87,3.61,13.11,-17.44,40.16%,7.66%,7.03%,,,,,,12.68,92.59%
601166,兴业银行,2019-09-30,549.10亿,8.52%,547.06亿,15.07%,1366.06亿,19.18%,2.5700,22.85,3.61,14.03,-25.97,40.53%,11.72%,10.35%,,,,,,12.14,92.28%
601166,兴业银行,2019-12-31,658.68亿,8.66%,654.58亿,16.80%,1813.08亿,14.54%,3.1000,23.37,3.61,14.32,-28.31,36.79%,14.02%,12.17%,,,,,,12.18,92.31%
601166,兴业银行,2020-03-31,209.85亿,6.75%,209.75亿,11.92%,502.58亿,5.54%,1.0100,24.42,3.61,15.32,3.60,42.08%,4.23%,3.73%,,,,,,12.15,92.29%
601166,兴业银行,2020-06-30,325.90亿,-9.17%,324.75亿,-9.28%,1000.17亿,11.25%,1.4500,23.96,3.61,15.00,-1.40,32.96%,6.01%,5.89%,,,,,,12.61,92.55%
601166,兴业银行,2020-09-30,518.75亿,-5.53%,516.00亿,-5.68%,1517.83亿,11.11%,2.3700,24.67,3.61,15.92,-4.14,34.62%,9.83%,9.13%,,,,,,12.39,92.43%
601166,兴业银行,2020-12-31,666.26亿,1.15%,662.18亿,1.16%,2031.37亿,12.04%,3.0800,25.50,3.61,16.20,-1.65,33.32%,12.62%,10.82%,,,,,,11.81,92.09%
601166,兴业银行,2021-03-31,238.53亿,13.67%,238.23亿,13.58%,556.63亿,10.75%,1.1500,26.69,3.61,17.34,-14.31,43.25%,4.40%,3.73%,,,,,,11.47,91.87%
601166,兴业银行,2021-06-30,401.12亿,23.08%,400.01亿,23.17%,1089.55亿,8.94%,1.7900,26.58,3.61,17.18,-10.51,37.30%,6.79%,6.29%,,,,,,11.70,92.01%
601166,兴业银行,2021-09-30,640.38亿,23.45%,636.83亿,23.42%,1640.47亿,8.08%,2.9500,27.83,3.61,18.33,-4.18,39.42%,11.05%,9.65%,,,,,,11.79,92.07%
601166,兴业银行,2021-12-31,826.80亿,24.10%,822.06亿,24.14%,2212.36亿,8.91%,3.7700,28.80,3.61,18.68,-18.76,37.89%,13.94%,12.09%,,,,,,11.56,91.93%
601166,兴业银行,2022-03-31,275.78亿,15.62%,275.25亿,15.54%,594.03亿,6.72%,1.3300,30.09,3.61,19.98,-12.02,46.52%,4.51%,3.88%,,,,,,11.40,91.83%
601166,兴业银行,2022-06-30,448.87亿,11.90%,447.25亿,11.81%,1158.53亿,6.33%,2.0300,29.77,3.61,19.63,-18.97,39.09%,6.80%,6.37%,,,,,,11.74,92.04%
601166,兴业银行,2022-09-30,718.08亿,12.13%,715.98亿,12.43%,1708.54亿,4.15%,3.3200,31.00,3.61,20.55,-15.87,42.27%,11.05%,9.84%,,,,,,11.44,91.86%
601166,兴业银行,2022-12-31,913.77亿,10.52%,909.96亿,10.69%,2223.74亿,0.51%,4.2000,31.79,3.61,21.31,-16.59,41.56%,13.85%,12.25%,,,,,,11.40,91.83%
601166,兴业银行,2023-03-31,251.15亿,-8.93%,250.41亿,-9.02%,554.10亿,-6.72%,1.2100,33.05,3.61,22.51,27.27,45.74%,3.73%,3.25%,,,,,,11.71,92.03%
601166,兴业银行,2023-06-30,426.80亿,-4.92%,424.49亿,-5.09%,1110.47亿,-4.15%,1.9200,32.59,3.61,22.03,11.66,38.80%,5.96%,5.59%,,,,,,11.95,92.17%
601166,兴业银行,2023-09-30,649.65亿,-9.53%,645.29亿,-9.87%,1612.96亿,-5.59%,2.9900,33.58,3.59,23.09,11.52,40.43%,9.10%,8.29%,,,,,,11.65,91.99%
601166,兴业银行,2023-12-31,771.16亿,-15.61%,765.23亿,-15.91%,2108.31亿,-5.19%,3.5100,34.20,3.60,23.09,20.87,36.83%,10.64%,9.69%,,,,,,11.74,92.05%
601166,兴业银行,2024-03-31,243.36亿,-3.10%,241.83亿,-3.43%,577.51亿,4.22%,1.1700,35.43,3.60,24.25,-0.59,42.06%,3.37%,2.96%,,,,,,11.47,91.88%
601166,兴业银行,2024-06-30,430.49亿,0.86%,427.68亿,0.75%,1130.43亿,1.80%,1.9400,35.22,3.60,23.97,-13.88,38.07%,5.50%,5.08%,,,,,,11.20,91.70%
601166,兴业银行,2024-09-30,630.06亿,-3.02%,625.62亿,-3.05%,1642.17亿,1.81%,2.9000,36.22,3.60,24.93,-12.76,38.35%,8.19%,7.26%,,,,,,10.86,91.47%
601166,兴业银行,2024-12-31,772.05亿,0.12%,767.72亿,0.33%,2122.26亿,0.66%,3.5100,36.88,3.60,25.31,-11.42,36.51%,9.89%,8.75%,,,,,,10.90,91.50%
601166,兴业银行,2025-03-31,237.96亿,-2.22%,236.81亿,-2.08%,556.83亿,-3.58%,1.1500,37.94,3.60,26.45,-2.86,42.99%,3.06%,2.63%,,,,,,10.75,91.39%
601166,兴业银行,2025-06-30,431.41亿,0.21%,428.40亿,0.17%,1104.58亿,-2.29%,1.9100,37.48,3.96,25.66,-3.74,39.26%,5.06%,4.89%,,,,,,11.02,91.58%
601166,兴业银行,2025-09-30,630.83亿,0.12%,628.27亿,0.42%,1612.34亿,-1.82%,2.8500,38.31,3.90,26.59,9.59,39.29%,7.55%,7.08%,,,,,,10.97,91.54%
601166,兴业银行,2025-12-31,774.69亿,0.34%,770.64亿,0.38%,2127.41亿,0.24%,3.4600,38.83,3.90,26.77,30.89,36.60%,9.15%,8.59%,,,,,,11.29,91.76%
601166,兴业银行,2026-03-31,238.32亿,0.15%,237.03亿,0.09%,550.90亿,-1.07%,1.1300,39.34,3.90,27.33,3.11,43.34%,2.89%,2.61%,,,,,,11.35,91.81%
601169,北京银行,2004-12-31,13.84亿,False,13.15亿,False,40.21亿,False,0.4100,0.98,0.21,-0.87,5.72,34.41%,51.00%,40.00%,,,,,,57.40,98.29%
601169,北京银行,2005-12-31,16.86亿,21.81%,16.61亿,26.39%,42.51亿,5.71%,0.4300,1.56,0.41,-0.13,1.11,39.65%,34.00%,21.00%,,,,,,28.72,96.64%
601169,北京银行,2006-09-30,16.57亿,False,False,False,41.47亿,False,0.3300,False,False,False,False,39.95%,False,False,,,,,,False,False
601169,北京银行,2006-12-31,21.40亿,26.98%,21.27亿,28.02%,58.28亿,37.10%,0.4300,1.96,0.41,0.14,4.12,36.73%,24.00%,22.00%,,,,,,26.74,96.40%
601169,北京银行,2007-03-31,5.51亿,False,5.51亿,False,16.12亿,False,0.1100,2.05,0.41,0.25,-2.69,34.15%,5.46%,5.33%,,,,,,24.58,96.09%
601169,北京银行,2007-06-30,13.10亿,False,False,False,31.42亿,False,0.2600,False,False,False,False,41.70%,False,False,,,,,,False,False
601169,北京银行,2007-09-30,24.36亿,47.02%,False,False,52.55亿,26.73%,0.4800,4.20,2.50,0.46,-1.14,46.35%,False,9.32%,,,,,,10.74,91.48%
601169,北京银行,2007-12-31,33.48亿,56.43%,33.70亿,58.45%,76.42亿,31.13%,0.6300,4.28,2.35,0.34,3.60,43.81%,23.00%,13.00%,,,,,,12.28,92.47%
601169,北京银行,2008-03-31,15.96亿,189.80%,15.99亿,190.43%,28.91亿,79.31%,0.2600,4.57,2.38,0.59,-0.28,55.19%,False,5.61%,,,,,,11.78,92.17%
601169,北京银行,2008-06-30,29.02亿,121.48%,29.20亿,False,57.16亿,81.92%,0.4700,4.61,2.34,0.68,-1.31,50.77%,10.00%,10.00%,,,,,,11.65,92.10%
601169,北京银行,2008-09-30,43.89亿,80.19%,43.93亿,False,89.51亿,70.34%,0.7000,5.02,2.51,0.92,-1.03,49.03%,0.0000%,14.03%,,,,,,11.89,92.24%
601169,北京银行,2008-12-31,54.17亿,61.79%,53.36亿,58.33%,123.04亿,61.01%,0.8700,5.43,2.75,0.86,0.02,44.02%,18.00%,16.00%,,,,,,11.34,91.89%
601169,北京银行,2009-03-31,15.03亿,-5.81%,14.97亿,-6.40%,26.51亿,-8.30%,0.2400,5.64,2.72,1.10,-0.87,56.66%,0.0000%,4.28%,,,,,,11.57,92.04%
601169,北京银行,2009-06-30,29.24亿,0.75%,29.30亿,0.34%,55.91亿,-2.19%,0.4700,5.68,2.71,1.15,-0.36,52.27%,8.00%,8.00%,,,,,,12.52,92.60%
601169,北京银行,2009-09-30,43.93亿,0.10%,43.97亿,0.10%,85.86亿,-4.08%,0.7100,5.85,2.65,1.38,1.23,51.15%,0.0000%,12.06%,,,,,,12.77,92.74%
601169,北京银行,2009-12-31,56.34亿,4.00%,56.28亿,5.47%,118.94亿,-3.33%,0.0900,6.03,2.63,1.38,5.62,47.36%,16.00%,15.00%,,,,,,13.20,92.96%
601169,北京银行,2010-03-31,20.92亿,39.20%,20.92亿,39.78%,35.59亿,34.26%,0.3400,6.41,2.67,1.72,-0.89,58.79%,False,5.24%,,,,,,13.17,92.94%
601169,北京银行,2010-06-30,39.02亿,33.47%,39.07亿,33.35%,73.76亿,31.93%,0.6300,6.52,2.67,1.83,6.23,52.92%,9.89%,9.61%,,,,,,14.92,93.72%
601169,北京银行,2010-09-30,59.47亿,35.36%,59.47亿,35.25%,114.78亿,33.68%,0.9500,6.85,2.67,2.16,9.59,51.83%,False,13.94%,,,,,,15.17,93.81%
601169,北京银行,2010-12-31,68.03亿,20.75%,68.09亿,20.99%,156.35亿,31.45%,1.0900,6.83,2.52,1.98,5.43,43.53%,17.00%,16.00%,,,,,,16.23,94.19%
601169,北京银行,2011-03-31,25.20亿,20.45%,25.19亿,20.39%,46.53亿,30.72%,0.4000,7.24,2.52,2.38,-1.18,54.18%,False,5.59%,,,,,,15.28,93.85%
601169,北京银行,2011-06-30,51.00亿,30.69%,51.01亿,30.56%,97.47亿,32.14%,0.6800,7.39,2.47,2.58,5.83,52.32%,11.40%,11.09%,,,,,,16.73,94.36%
601169,北京银行,2011-09-30,77.73亿,30.72%,77.74亿,30.71%,150.09亿,30.76%,1.0400,7.74,2.39,3.01,7.05,51.79%,False,16.14%,,,,,,16.90,94.41%
601169,北京银行,2011-12-31,89.47亿,31.51%,89.12亿,30.88%,207.28亿,32.57%,1.2000,8.09,2.55,2.75,11.17,43.16%,19.00%,18.00%,,,,,,17.98,94.73%
601169,北京银行,2012-03-31,33.71亿,33.79%,33.72亿,33.87%,63.02亿,35.45%,0.4600,8.93,3.62,2.79,-3.67,53.51%,False,5.15%,,,,,,14.29,93.45%
601169,北京银行,2012-06-30,64.01亿,25.51%,63.99亿,25.46%,133.07亿,36.53%,0.7900,9.20,3.68,3.01,2.37,48.13%,10.77%,9.48%,,,,,,15.31,93.86%
601169,北京银行,2012-09-30,99.71亿,28.27%,99.63亿,28.16%,203.62亿,35.67%,1.1900,7.96,2.95,2.75,-2.48,49.00%,False,14.24%,,,,,,14.96,93.73%
601169,北京银行,2012-12-31,116.75亿,30.49%,116.66亿,30.90%,278.17亿,34.20%,1.3800,8.14,2.93,2.07,-0.52,42.00%,18.30%,16.30%,,,,,,14.64,93.60%
601169,北京银行,2013-03-31,41.29亿,22.48%,41.12亿,21.95%,79.56亿,26.24%,0.4700,8.65,2.97,2.54,-0.21,51.92%,False,5.43%,,,,,,14.13,93.38%
601169,北京银行,2013-06-30,78.01亿,21.87%,77.79亿,21.56%,157.34亿,18.24%,0.7400,8.63,2.94,2.55,5.61,49.61%,10.41%,10.27%,,,,,,14.83,93.67%
601169,北京银行,2013-09-30,110.15亿,10.47%,109.87亿,10.27%,231.72亿,13.80%,1.0400,8.84,2.79,2.92,2.60,47.56%,14.74%,14.15%,,,,,,14.51,93.54%
601169,北京银行,2013-12-31,134.54亿,15.24%,134.25亿,15.07%,306.59亿,10.24%,1.2700,8.88,2.54,2.74,2.37,43.91%,18.05%,17.23%,,,,,,16.11,94.14%
601169,北京银行,2014-03-31,45.22亿,9.51%,45.10亿,9.69%,88.31亿,10.99%,0.4300,9.48,2.64,3.26,0.20,51.25%,False,5.42%,,,,,,15.65,93.98%
601169,北京银行,2014-06-30,88.47亿,13.41%,88.37亿,13.60%,182.20亿,15.80%,0.7000,9.94,2.79,3.57,2.76,48.61%,10.63%,10.11%,,,,,,15.86,94.05%
601169,北京银行,2014-09-30,125.92亿,14.32%,125.96亿,14.65%,278.00亿,19.97%,0.9900,8.70,2.38,3.16,3.24,45.34%,14.82%,13.71%,,,,,,15.23,93.82%
601169,北京银行,2014-12-31,156.23亿,16.12%,156.08亿,16.26%,368.78亿,20.28%,1.2300,9.08,2.47,3.10,11.79,42.43%,17.98%,16.29%,,,,,,14.89,93.69%
601169,北京银行,2015-03-31,49.86亿,10.26%,50.00亿,10.86%,106.25亿,20.31%,0.3900,9.49,2.47,3.57,-1.87,47.05%,5.08%,4.97%,,,,,,14.24,93.42%
601169,北京银行,2015-06-30,100.36亿,13.44%,100.55亿,13.78%,215.18亿,18.10%,0.6600,8.15,2.47,3.80,-2.20,46.76%,9.99%,9.72%,,,,,,14.73,93.63%
601169,北京银行,2015-09-30,141.36亿,12.26%,141.35亿,12.22%,329.74亿,18.61%,0.9300,8.51,2.06,3.32,3.38,42.99%,13.88%,13.11%,,,,,,15.57,93.95%
601169,北京银行,2015-12-31,168.39亿,7.78%,168.03亿,7.66%,440.81亿,19.53%,1.1100,8.81,2.06,3.02,2.87,38.30%,16.26%,15.08%,,,,,,14.83,93.67%
601169,北京银行,2016-03-31,52.75亿,5.80%,52.72亿,5.44%,127.02亿,19.55%,0.3500,9.22,2.06,3.43,-9.86,41.68%,4.62%,4.33%,,,,,,14.65,93.60%
601169,北京银行,2016-06-30,106.21亿,5.83%,106.20亿,5.62%,246.55亿,14.58%,0.5800,7.82,2.07,3.61,-6.15,43.29%,9.13%,8.94%,,,,,,14.92,93.65%
601169,北京银行,2016-09-30,149.55亿,5.79%,149.84亿,6.01%,362.96亿,10.07%,0.8200,8.12,1.73,3.12,-2.57,41.43%,12.70%,10.58%,,,,,,13.44,93.00%
601169,北京银行,2016-12-31,178.02亿,5.72%,178.30亿,6.11%,474.56亿,7.66%,0.9600,8.17,1.73,2.98,-0.35,37.77%,14.92%,14.32%,,,,,,13.88,93.21%
601169,北京银行,2017-03-31,54.45亿,3.22%,54.45亿,3.28%,136.06亿,7.12%,0.3000,8.49,1.73,3.34,-1.35,40.28%,4.30%,3.71%,,,,,,13.79,93.17%
601169,北京银行,2017-06-30,110.79亿,4.31%,110.81亿,4.34%,264.98亿,7.48%,0.5800,7.13,1.73,3.42,0.39,42.10%,8.21%,7.49%,,,,,,14.12,93.31%
601169,北京银行,2017-09-30,155.16亿,3.75%,155.25亿,3.61%,388.14亿,6.94%,0.8200,7.37,1.44,2.93,0.46,40.26%,11.58%,10.19%,,,,,,13.93,93.23%
601169,北京银行,2017-12-31,187.33亿,5.23%,187.61亿,5.22%,503.53亿,6.10%,0.9900,7.43,2.08,2.47,0.59,37.50%,13.77%,10.71%,,,,,,12.31,92.42%
601169,北京银行,2018-03-31,57.85亿,6.24%,57.76亿,6.08%,137.16亿,0.81%,0.2700,7.74,2.08,2.74,-1.32,42.37%,3.61%,3.19%,,,,,,12.17,92.34%
601169,北京银行,2018-06-30,118.54亿,7.00%,118.73亿,7.15%,273.66亿,3.28%,0.5400,7.77,2.08,2.73,1.11,43.45%,6.97%,6.51%,,,,,,12.64,92.60%
601169,北京银行,2018-09-30,166.27亿,7.16%,166.43亿,7.20%,411.17亿,5.93%,0.7600,8.02,2.08,2.96,-0.15,40.59%,9.84%,8.87%,,,,,,12.50,92.51%
601169,北京银行,2018-12-31,200.02亿,6.77%,200.58亿,6.91%,554.88亿,10.20%,0.9100,8.26,2.08,2.91,1.76,36.29%,11.65%,10.39%,,,,,,12.36,92.45%
601169,北京银行,2019-03-31,63.34亿,9.49%,63.24亿,9.49%,169.78亿,23.78%,0.3000,8.50,2.08,3.13,1.05,37.54%,3.59%,3.20%,,,,,,12.34,92.44%
601169,北京银行,2019-06-30,128.69亿,8.56%,130.62亿,10.01%,327.42亿,19.64%,0.5800,8.51,2.08,3.13,3.05,39.52%,6.91%,6.51%,,,,,,12.50,92.53%
601169,北京银行,2019-09-30,180.85亿,8.77%,182.89亿,9.89%,481.20亿,17.03%,0.8300,8.78,2.08,3.37,1.18,37.85%,9.77%,8.89%,,,,,,12.16,92.34%
601169,北京银行,2019-12-31,214.41亿,7.19%,216.49亿,7.93%,631.29亿,13.77%,0.9800,8.95,2.08,3.38,0.96,34.20%,11.45%,10.35%,,,,,,12.21,92.37%
601169,北京银行,2020-03-31,66.67亿,5.26%,66.64亿,5.38%,178.43亿,5.09%,0.3200,9.32,2.08,3.69,-1.51,37.68%,3.45%,3.10%,,,,,,11.97,92.22%
601169,北京银行,2020-06-30,115.14亿,-10.53%,115.68亿,-11.44%,331.85亿,1.35%,0.5200,9.15,2.08,3.59,1.18,34.95%,5.68%,5.45%,,,,,,12.64,92.61%
601169,北京银行,2020-09-30,165.71亿,-8.37%,166.15亿,-9.15%,482.20亿,0.21%,0.7600,9.27,2.08,3.83,-0.54,34.64%,8.32%,7.75%,,,,,,12.41,92.48%
601169,北京银行,2020-12-31,214.84亿,0.20%,215.66亿,-0.38%,642.99亿,1.85%,0.9800,9.52,2.08,3.89,0.90,33.66%,10.65%,9.80%,,,,,,12.22,92.37%
601169,北京银行,2021-03-31,68.98亿,3.46%,69.39亿,4.13%,172.65亿,-3.24%,0.3300,9.86,2.08,4.22,1.24,40.16%,3.37%,3.05%,,,,,,12.39,92.47%
601169,北京银行,2021-06-30,125.83亿,9.28%,126.71亿,9.53%,333.72亿,0.56%,0.5700,9.80,2.08,4.16,-0.02,38.01%,5.84%,5.59%,,,,,,12.58,92.58%
601169,北京银行,2021-09-30,181.83亿,9.73%,182.72亿,9.97%,497.83亿,3.24%,0.8400,10.09,2.08,4.43,-0.63,36.81%,11.34%,7.87%,,,,,,12.22,92.37%
601169,北京银行,2021-12-31,222.26亿,3.45%,223.38亿,3.58%,662.75亿,3.07%,1.0200,10.27,2.08,4.39,-1.87,33.79%,10.29%,7.53%,,,,,,9.36,90.29%
601169,北京银行,2022-03-31,73.53亿,6.60%,73.10亿,5.35%,176.22亿,2.07%,0.3500,10.58,2.08,4.74,0.14,41.92%,3.33%,2.44%,,,,,,9.40,90.33%
601169,北京银行,2022-06-30,135.74亿,7.88%,135.43亿,6.88%,339.43亿,1.71%,0.6200,10.56,2.08,4.71,0.17,40.21%,5.89%,4.51%,,,,,,9.63,90.53%
601169,北京银行,2022-09-30,193.61亿,6.48%,193.09亿,5.68%,513.90亿,3.23%,0.8900,10.85,2.08,4.98,0.92,37.92%,11.25%,6.30%,,,,,,9.35,90.28%
601169,北京银行,2022-12-31,247.60亿,11.40%,247.44亿,10.77%,662.76亿,0.0015%,1.0200,10.91,2.08,4.83,5.96,37.62%,9.60%,8.03%,,,,,,9.98,90.83%
601169,北京银行,2023-03-31,74.93亿,1.90%,75.05亿,2.67%,164.03亿,-6.92%,0.3500,11.29,2.07,5.16,-1.59,45.94%,3.19%,2.37%,,,,,,10.06,90.93%
601169,北京银行,2023-06-30,142.38亿,4.89%,142.76亿,5.41%,334.14亿,-1.56%,0.6500,11.34,2.07,5.14,1.27,42.81%,5.79%,4.48%,,,,,,10.43,91.22%
601169,北京银行,2023-09-30,202.33亿,4.50%,203.03亿,5.15%,497.39亿,-3.21%,0.9300,11.61,2.07,5.43,0.50,40.86%,11.05%,6.26%,,,,,,10.36,91.16%
601169,北京银行,2023-12-31,256.24亿,3.49%,254.11亿,2.70%,667.11亿,0.66%,1.0600,11.78,2.07,5.24,1.99,38.57%,9.32%,7.84%,,,,,,10.46,91.24%
601169,北京银行,2024-03-31,78.64亿,4.95%,78.57亿,4.69%,176.90亿,7.85%,0.3700,12.23,2.07,5.61,-0.57,44.56%,3.10%,2.34%,,,,,,10.57,91.33%
601169,北京银行,2024-06-30,148.86亿,4.55%,146.02亿,2.28%,358.51亿,6.37%,0.6800,12.29,2.07,5.58,-1.13,41.10%,5.49%,4.32%,,,,,,10.68,91.41%
601169,北京银行,2024-09-30,210.10亿,3.84%,206.83亿,1.87%,521.51亿,4.06%,0.9700,12.58,2.07,5.86,3.46,39.93%,7.81%,5.83%,,,,,,10.38,91.18%
601169,北京银行,2024-12-31,263.34亿,2.77%,259.09亿,1.96%,704.20亿,4.81%,1.0900,12.73,2.08,5.49,6.13,37.03%,8.65%,7.23%,,,,,,10.82,91.51%
601169,北京银行,2025-03-31,76.72亿,-2.44%,76.75亿,-2.32%,171.27亿,-3.18%,0.3600,12.94,2.08,5.86,-0.55,44.88%,2.83%,2.12%,,,,,,11.36,91.88%
601169,北京银行,2025-06-30,150.53亿,1.12%,150.51亿,3.07%,362.18亿,1.02%,0.6900,13.02,2.08,5.99,7.89,41.64%,5.32%,3.93%,,,,,,11.39,91.90%
601169,北京银行,2025-09-30,210.64亿,0.26%,210.68亿,1.86%,515.88亿,-1.08%,0.9600,13.14,2.07,6.26,15.77,40.91%,7.40%,5.46%,,,,,,11.68,92.09%
601169,北京银行,2025-12-31,200.86亿,-23.73%,201.40亿,-22.27%,680.36亿,-3.39%,0.7800,12.97,2.07,5.54,17.92,29.59%,6.11%,5.32%,,,,,,12.09,92.33%
601169,北京银行,2026-03-31,80.98亿,5.55%,81.12亿,5.69%,195.99亿,14.43%,0.3800,13.40,2.07,5.93,3.02,41.45%,2.91%,2.10%,,,,,,11.80,92.16%
601187,厦门银行,1999-12-31,False,False,False,False,False,False,False,False,False,0.17,False,False,False,False,False,False,0.78,0.78,0.08,10.20,91.07%
601187,厦门银行,2000-12-31,False,False,False,False,False,False,False,False,False,0.02,False,False,False,False,False,False,0.60,0.60,0.08,13.61,93.16%
601187,厦门银行,2001-12-31,964.31万,False,False,False,1.17亿,False,False,False,False,0.11,False,8.21%,False,False,141.51,141.51,0.60,0.60,0.05,15.76,94.04%
601187,厦门银行,2002-12-31,672.80万,-30.23%,False,False,1.30亿,10.25%,False,False,False,0.09,False,5.19%,False,False,97.98,97.98,0.51,0.51,0.02,15.74,94.03%
601187,厦门银行,2006-12-31,5637.12万,False,False,False,4.10亿,False,False,False,0.0003,0.11,False,13.74%,False,False,28.74,28.74,0.67,0.67,0.15,32.98,97.12%
601187,厦门银行,2007-12-31,1.06亿,88.22%,False,False,4.37亿,6.49%,False,False,-0.17,-0.08,False,24.28%,False,False,False,False,False,False,False,78.09,98.74%
601187,厦门银行,2008-12-31,2.15亿,102.74%,False,False,5.55亿,26.97%,False,False,0.69,0.35,False,38.78%,False,False,False,False,False,False,False,14.51,93.55%
601187,厦门银行,2009-06-30,3312.20万,False,False,False,2.06亿,False,False,False,0.69,0.10,False,16.11%,False,False,False,False,False,False,False,17.29,94.53%
601187,厦门银行,2009-12-31,6307.22万,-70.68%,False,False,3.82亿,-31.09%,0.1000,False,0.81,0.12,False,16.50%,False,False,False,False,False,False,False,20.04,95.25%
601187,厦门银行,2010-03-31,4847.06万,False,False,False,1.17亿,False,False,False,0.87,0.19,False,41.46%,False,False,False,False,False,False,False,15.33,93.87%
601187,厦门银行,2010-12-31,1.36亿,116.27%,False,False,5.67亿,48.30%,False,False,1.04,0.09,False,24.06%,False,False,False,False,False,False,False,24.86,96.13%
601187,厦门银行,2011-12-31,3.78亿,177.47%,False,False,12.88亿,127.10%,False,False,1.21,0.22,False,29.39%,False,False,False,False,False,False,False,22.02,95.66%
601187,厦门银行,2012-12-31,4.67亿,23.48%,False,False,14.34亿,11.33%,False,False,1.47,0.12,False,32.60%,False,False,False,False,False,False,False,19.79,95.19%
601187,厦门银行,2013-06-30,2.57亿,False,False,False,7.56亿,False,False,False,1.46,0.31,False,34.02%,False,False,False,False,False,False,False,13.41,93.06%
601187,厦门银行,2013-12-31,5.20亿,11.20%,False,False,15.38亿,7.29%,0.3800,False,1.31,0.36,False,33.79%,False,False,False,False,False,False,False,21.56,95.57%
601187,厦门银行,2014-12-31,7.23亿,39.11%,7.19亿,False,23.05亿,49.87%,0.4600,3.94,1.70,0.27,-0.40,31.37%,12.43%,11.57%,False,False,False,False,False,18.05,94.75%
601187,厦门银行,2015-06-30,4.63亿,False,False,False,14.56亿,False,False,False,1.82,0.48,False,31.76%,False,False,False,False,False,False,False,15.01,93.75%
601187,厦门银行,2015-12-31,8.90亿,23.10%,8.84亿,22.98%,32.14亿,39.44%,0.5000,4.39,1.82,0.25,13.62,27.69%,12.01%,10.82%,False,False,False,False,False,18.48,94.87%
601187,厦门银行,2016-03-31,2.71亿,False,False,False,11.25亿,False,False,False,1.85,0.40,False,24.05%,False,False,False,False,False,False,False,19.33,95.08%
601187,厦门银行,2016-06-30,4.35亿,-6.01%,False,False,18.60亿,27.70%,False,False,1.85,0.49,False,23.38%,False,False,False,False,False,False,False,18.80,94.95%
601187,厦门银行,2016-09-30,7.92亿,False,False,False,27.93亿,False,False,False,1.87,0.68,False,28.36%,False,False,False,False,False,False,False,19.06,95.01%
601187,厦门银行,2016-12-31,10.32亿,15.93%,10.23亿,15.75%,36.18亿,12.56%,0.5500,4.81,1.82,0.54,5.28,28.56%,11.97%,11.44%,False,False,False,False,False,19.93,95.10%
601187,厦门银行,2017-03-31,2.65亿,-1.95%,False,False,8.36亿,-25.74%,False,False,1.75,0.68,False,31.75%,False,False,False,False,False,False,False,19.49,95.12%
601187,厦门银行,2017-06-30,5.79亿,33.23%,5.78亿,False,19.25亿,3.52%,0.3100,4.90,1.94,0.61,-0.46,30.23%,6.28%,5.94%,False,False,False,False,False,18.20,94.67%
601187,厦门银行,2017-09-30,8.72亿,10.07%,False,False,27.37亿,-1.98%,False,False,2.17,0.63,False,31.85%,False,False,False,False,False,False,False,15.73,94.02%
601187,厦门银行,2017-12-31,12.16亿,17.82%,12.07亿,18.00%,36.86亿,1.88%,0.6000,5.07,2.24,0.67,-1.23,33.18%,12.11%,10.09%,False,False,False,False,False,16.64,94.22%
601187,厦门银行,2018-03-31,2.87亿,8.06%,False,False,9.06亿,8.44%,False,False,2.18,0.79,False,31.64%,False,False,False,False,False,False,False,15.56,93.96%
601187,厦门银行,2018-06-30,6.85亿,18.23%,7.09亿,22.74%,19.05亿,-1.04%,0.2900,5.39,2.24,0.86,-9.49,36.03%,5.46%,5.35%,False,False,False,False,False,15.94,93.99%
601187,厦门银行,2018-09-30,10.75亿,23.25%,False,False,28.84亿,5.36%,False,False,2.23,1.02,False,37.26%,False,False,False,False,False,False,False,15.33,93.88%
601187,厦门银行,2018-12-31,14.09亿,15.92%,14.45亿,19.69%,41.86亿,13.57%,0.5900,5.77,2.24,1.09,-15.23,33.81%,10.94%,10.28%,False,False,False,False,False,15.94,94.00%
601187,厦门银行,2019-03-31,3.73亿,30.25%,False,False,11.31亿,24.87%,False,False,2.24,1.24,False,33.01%,False,False,False,False,False,False,False,14.32,93.47%
601187,厦门银行,2019-06-30,7.68亿,12.20%,False,False,20.88亿,9.58%,False,False,2.24,1.31,False,36.80%,False,False,False,False,False,False,False,15.53,93.95%
601187,厦门银行,2019-09-30,11.65亿,8.40%,11.68亿,False,31.27亿,8.42%,0.4900,6.15,2.24,1.47,-10.06,37.68%,7.82%,7.97%,False,False,False,False,False,15.15,93.81%
601187,厦门银行,2019-12-31,17.11亿,21.41%,17.14亿,18.60%,45.09亿,7.73%,0.7200,6.44,2.24,1.59,-3.22,38.51%,11.11%,11.19%,False,False,False,False,False,15.12,93.69%
601187,厦门银行,2020-03-31,5.11亿,36.79%,5.10亿,False,13.88亿,21.88%,0.2200,6.77,2.24,1.80,-3.34,36.74%,3.23%,3.12%,False,False,False,False,False,14.53,93.46%
601187,厦门银行,2020-06-30,9.51亿,23.72%,9.49亿,False,27.11亿,29.84%,0.4000,6.70,2.24,1.89,-0.47,35.70%,5.85%,5.97%,False,False,False,False,False,15.68,93.90%
601187,厦门银行,2020-09-30,12.54亿,7.68%,12.53亿,7.30%,37.39亿,19.56%,0.5300,6.68,2.24,2.02,-7.67,34.25%,7.84%,7.91%,False,False,False,False,False,16.08,94.04%
601187,厦门银行,2020-12-31,18.23亿,6.53%,17.79亿,3.82%,55.56亿,23.20%,0.7500,6.96,2.57,1.80,-4.51,33.41%,11.23%,9.41%,False,False,False,False,False,13.71,93.10%
601187,厦门银行,2021-03-31,5.38亿,5.37%,5.25亿,2.85%,11.56亿,-16.68%,0.2000,7.14,2.57,2.01,-7.69,46.90%,2.89%,2.52%,False,False,False,False,False,12.40,92.39%
601187,厦门银行,2021-06-30,10.71亿,12.61%,10.67亿,12.43%,24.16亿,-10.89%,0.4100,7.20,2.57,2.03,-7.88,44.98%,5.66%,4.98%,False,False,False,False,False,13.27,92.85%
601187,厦门银行,2021-09-30,15.13亿,20.61%,15.16亿,20.96%,38.56亿,3.13%,0.5700,7.41,2.57,2.19,-7.57,39.90%,7.98%,6.86%,False,False,False,False,False,13.47,92.95%
601187,厦门银行,2021-12-31,21.69亿,18.99%,21.75亿,22.24%,53.16亿,-4.32%,0.8000,7.68,2.57,2.12,-8.32,41.63%,10.98%,9.53%,False,False,False,False,False,13.46,92.94%
601187,厦门银行,2022-03-31,6.27亿,16.52%,6.25亿,19.14%,13.67亿,18.22%,0.2100,7.87,2.57,2.33,3.52,47.03%,2.71%,2.70%,False,False,False,False,False,13.76,93.08%
601187,厦门银行,2022-06-30,12.32亿,15.11%,12.31亿,15.39%,28.55亿,18.17%,0.4400,7.84,2.57,2.31,6.62,44.20%,5.58%,5.31%,False,False,False,False,False,14.14,93.26%
601187,厦门银行,2022-09-30,18.00亿,19.00%,17.95亿,18.47%,44.50亿,15.41%,0.6500,8.07,2.57,2.52,5.44,41.46%,8.32%,7.56%,False,False,False,False,False,14.26,93.31%
601187,厦门银行,2022-12-31,25.06亿,15.56%,24.96亿,14.79%,58.95亿,10.90%,0.9000,8.22,2.57,2.56,9.96,43.62%,11.38%,10.36%,False,False,False,False,False,14.32,93.33%
601187,厦门银行,2023-03-31,7.21亿,14.98%,7.21亿,15.31%,14.36亿,5.02%,0.2500,8.54,2.57,2.80,-7.81,51.66%,2.93%,2.88%,False,False,False,False,False,13.57,92.99%
601187,厦门银行,2023-06-30,14.28亿,15.92%,14.22亿,15.54%,29.58亿,3.60%,0.5100,8.58,2.57,2.78,-10.39,49.87%,6.14%,5.68%,False,False,False,False,False,13.01,92.71%
601187,厦门银行,2023-09-30,20.63亿,14.63%,20.53亿,14.34%,42.93亿,-3.52%,0.7500,8.81,2.57,3.02,-7.76,49.89%,8.89%,7.06%,False,False,False,False,False,11.93,92.11%
601187,厦门银行,2023-12-31,26.64亿,6.30%,26.43亿,5.86%,56.03亿,-4.96%,0.9600,9.05,2.57,3.01,-1.66,49.13%,11.20%,8.92%,False,False,False,False,False,12.06,92.19%
601187,厦门银行,2024-03-31,7.52亿,4.35%,7.52亿,4.30%,14.89亿,3.69%,0.2600,9.39,2.57,3.26,-0.83,51.72%,2.80%,2.44%,False,False,False,False,False,11.75,92.00%
601187,厦门银行,2024-06-30,12.14亿,-15.03%,12.13亿,-14.70%,28.92亿,-2.21%,0.4300,9.31,2.57,3.13,0.03,43.50%,4.71%,3.97%,False,False,False,False,False,12.01,92.16%
601187,厦门银行,2024-09-30,19.34亿,-6.27%,19.31亿,-5.91%,41.61亿,-3.07%,0.6500,9.51,2.57,3.35,1.76,48.33%,7.04%,6.22%,False,False,False,False,False,11.94,92.12%
601187,厦门银行,2024-12-31,25.95亿,-2.60%,26.08亿,-1.32%,57.59亿,2.79%,0.8900,9.72,2.57,3.23,-1.64,46.98%,9.36%,8.20%,False,False,False,False,False,11.87,92.06%
601187,厦门银行,2025-03-31,6.45亿,-14.21%,6.44亿,-14.33%,12.14亿,-18.42%,0.2200,9.75,2.57,3.44,0.61,54.63%,2.23%,2.03%,False,False,False,False,False,12.03,92.16%
601187,厦门银行,2025-06-30,11.58亿,-4.59%,11.52亿,-5.07%,26.89亿,-7.02%,0.4100,9.82,2.57,3.48,-0.81,45.21%,4.18%,3.63%,False,False,False,False,False,12.58,92.47%
601187,厦门银行,2025-09-30,19.39亿,0.25%,19.33亿,0.05%,42.87亿,3.02%,0.6600,9.97,2.57,3.72,-1.42,47.25%,6.64%,6.00%,False,False,False,False,False,12.67,92.52%
601187,厦门银行,2025-12-31,26.35亿,1.55%,26.32亿,0.93%,58.60亿,1.75%,0.9000,10.06,2.57,3.46,-0.42,46.96%,9.05%,7.88%,False,False,False,False,False,12.52,92.43%
601187,厦门银行,2026-03-31,6.93亿,7.42%,6.24亿,-3.23%,15.19亿,25.05%,0.2400,10.33,2.57,3.72,-1.46,47.95%,2.31%,2.12%,False,False,False,False,False,13.33,92.85%
601229,上海银行,2001-12-31,8.53亿,False,False,False,33.71亿,False,False,False,0.45,0.55,False,25.31%,False,False,26.83,26.83,0.69,0.68,0.0071,15.87,94.07%
601229,上海银行,2002-12-31,7.77亿,-9.00%,False,False,41.75亿,23.83%,False,False,0.52,0.67,False,18.60%,False,False,18.30,18.30,0.72,0.71,0.0094,19.48,95.12%
601229,上海银行,2003-12-31,11.41亿,46.86%,False,False,55.22亿,32.26%,False,False,0.52,0.76,False,20.66%,False,False,9.60,9.60,0.63,0.62,0.02,21.52,95.56%
601229,上海银行,2004-12-31,14.63亿,28.30%,False,False,66.21亿,19.91%,False,False,0.52,0.56,False,22.10%,False,False,False,False,0.67,0.67,0.15,29.12,96.68%
601229,上海银行,2005-12-31,21.39亿,46.16%,False,False,58.00亿,-12.40%,0.8200,False,0.53,1.18,False,36.87%,False,False,False,False,False,False,False,22.03,95.66%
601229,上海银行,2006-12-31,23.84亿,11.46%,False,False,61.34亿,5.76%,False,False,0.51,1.28,False,38.86%,False,False,False,False,False,False,False,20.30,95.31%
601229,上海银行,2007-06-30,13.39亿,False,False,False,33.73亿,False,0.5200,False,False,False,False,39.70%,False,False,False,False,False,False,False,False,False
601229,上海银行,2007-12-31,29.34亿,23.09%,False,False,76.64亿,24.94%,False,False,0.43,1.74,False,38.29%,False,False,False,False,False,False,False,19.93,95.22%
601229,上海银行,2008-06-30,20.11亿,50.15%,False,False,46.61亿,38.17%,0.7700,False,0.47,1.62,False,43.15%,False,False,False,False,False,False,False,19.38,95.09%
601229,上海银行,2008-12-31,30.77亿,4.87%,False,False,98.14亿,28.05%,0.8100,False,0.97,2.03,False,31.36%,False,False,False,False,False,False,False,18.52,94.88%
601229,上海银行,2009-06-30,15.93亿,-20.79%,False,False,42.85亿,-8.07%,False,False,0.86,1.96,False,37.18%,False,False,False,False,False,False,False,20.12,95.27%
601229,上海银行,2009-09-30,26.69亿,False,False,False,64.57亿,False,False,False,False,False,False,41.33%,False,False,False,False,False,False,False,False,False
601229,上海银行,2009-12-31,36.23亿,17.73%,False,False,94.36亿,-3.85%,0.9500,False,0.75,2.74,False,38.39%,False,False,False,False,False,False,False,20.66,95.38%
601229,上海银行,2010-09-30,37.06亿,38.87%,False,False,93.48亿,44.77%,False,False,0.98,2.08,False,39.65%,False,False,False,False,False,False,False,17.41,94.57%
601229,上海银行,2010-12-31,50.28亿,38.79%,False,False,129.49亿,37.23%,1.2100,False,0.86,2.39,False,38.83%,False,False,False,False,False,False,False,18.22,94.80%
601229,上海银行,2011-06-30,28.10亿,False,False,False,66.94亿,False,0.6600,False,0.83,2.30,False,41.97%,False,False,False,False,False,False,False,18.25,94.78%
601229,上海银行,2011-12-31,58.06亿,15.47%,57.75亿,False,141.62亿,9.37%,1.3700,8.30,0.95,3.01,2.31,41.00%,18.02%,16.53%,False,False,False,False,False,17.66,94.62%
601229,上海银行,2012-06-30,38.43亿,36.74%,False,False,84.40亿,26.09%,False,False,0.97,3.07,False,45.59%,False,False,False,False,False,False,False,17.63,94.59%
601229,上海银行,2012-12-31,75.09亿,29.33%,74.55亿,29.10%,172.90亿,22.09%,1.7700,9.91,0.81,3.93,0.92,43.48%,19.53%,17.90%,False,False,False,False,False,18.46,94.83%
601229,上海银行,2013-12-31,93.42亿,24.42%,93.30亿,25.14%,214.67亿,24.16%,2.2100,13.22,2.35,4.65,30.59,43.60%,20.51%,16.70%,False,False,False,False,False,16.47,94.24%
601229,上海银行,2014-06-30,58.92亿,False,False,False,132.42亿,False,False,False,False,False,False,44.54%,False,False,False,False,False,False,False,False,False
601229,上海银行,2014-09-30,87.73亿,False,False,False,203.90亿,False,False,False,False,False,False,43.08%,False,False,False,False,False,False,False,False,False
601229,上海银行,2014-12-31,113.76亿,21.77%,113.27亿,21.41%,280.98亿,30.88%,2.4600,15.73,3.34,5.30,22.54,40.57%,18.44%,15.38%,False,False,False,False,False,15.05,93.74%
601229,上海银行,2015-06-30,66.35亿,12.61%,65.87亿,False,156.58亿,18.24%,1.3000,15.85,3.77,4.31,4.93,42.55%,8.58%,7.75%,False,False,False,False,False,14.93,93.69%
601229,上海银行,2015-09-30,99.09亿,12.95%,98.60亿,False,244.19亿,19.76%,1.9000,16.46,3.77,4.94,5.59,40.72%,12.29%,11.14%,False,False,False,False,False,14.81,93.65%
601229,上海银行,2015-12-31,130.02亿,14.29%,129.14亿,14.01%,331.59亿,18.01%,2.4700,17.10,3.77,5.48,11.13,39.34%,15.67%,14.07%,False,False,False,False,False,14.68,93.59%
601229,上海银行,2016-03-31,36.36亿,False,36.01亿,False,92.88亿,False,0.6700,17.77,3.77,6.16,4.93,39.22%,3.86%,3.79%,False,False,False,False,False,14.91,93.69%
601229,上海银行,2016-06-30,73.15亿,10.24%,72.61亿,10.23%,179.68亿,14.76%,1.0400,18.37,3.77,5.29,17.45,40.82%,False,7.37%,False,False,False,False,False,15.30,93.84%
601229,上海银行,2016-09-30,109.11亿,10.11%,108.27亿,9.80%,264.19亿,8.19%,1.5500,19.13,3.77,5.95,19.42,41.42%,11.15%,10.56%,False,False,False,False,False,14.97,93.71%
601229,上海银行,2016-12-31,143.08亿,10.04%,142.35亿,10.23%,344.04亿,3.77%,2.0100,19.28,5.04,5.92,28.45,41.63%,14.35%,12.36%,False,False,False,False,False,14.16,93.38%
601229,上海银行,2017-03-31,38.74亿,6.55%,38.54亿,7.04%,81.85亿,-11.88%,0.5000,19.96,5.04,6.56,-3.92,47.40%,3.29%,3.23%,False,False,False,False,False,13.87,93.25%
601229,上海银行,2017-06-30,77.96亿,6.57%,77.43亿,6.63%,153.96亿,-14.33%,0.7100,15.47,5.04,5.27,-9.21,50.71%,6.51%,6.45%,False,False,False,False,False,13.17,92.92%
601229,上海银行,2017-09-30,116.58亿,6.84%,115.74亿,6.90%,244.28亿,-7.54%,1.0700,15.91,3.65,4.55,-11.10,47.68%,9.68%,9.39%,False,False,False,False,False,13.17,92.92%
601229,上海银行,2017-12-31,153.28亿,7.13%,152.36亿,7.03%,331.25亿,-3.72%,1.4000,16.27,3.65,5.01,-7.78,46.30%,12.63%,10.43%,False,False,False,False,False,11.30,91.84%
601229,上海银行,2018-03-31,43.98亿,13.52%,43.67亿,13.32%,91.56亿,11.86%,0.4000,16.85,3.65,5.57,-10.58,48.13%,3.40%,2.90%,False,False,False,False,False,11.13,91.73%
601229,上海银行,2018-06-30,93.72亿,20.21%,93.11亿,20.26%,197.50亿,28.28%,0.6600,12.15,3.65,5.13,-7.30,47.54%,7.11%,6.14%,False,False,False,False,False,11.56,92.02%
601229,上海银行,2018-09-30,142.76亿,22.46%,141.50亿,22.26%,316.30亿,29.48%,1.0000,12.62,2.32,4.11,-7.49,45.24%,10.73%,9.04%,False,False,False,False,False,11.40,91.91%
601229,上海银行,2018-12-31,180.34亿,17.65%,178.87亿,17.40%,438.88亿,32.49%,1.2000,12.93,2.32,4.36,-1.99,41.17%,12.67%,11.18%,False,False,False,False,False,11.57,92.02%
601229,上海银行,2019-03-31,50.19亿,14.12%,50.02亿,14.52%,130.15亿,42.16%,0.3500,13.37,2.32,4.63,0.30,38.69%,3.50%,3.02%,False,False,False,False,False,11.41,91.92%
601229,上海银行,2019-06-30,107.14亿,14.32%,106.48亿,14.35%,251.51亿,27.35%,0.7500,10.37,2.32,3.97,3.59,42.70%,7.31%,6.41%,False,False,False,False,False,11.94,92.25%
601229,上海银行,2019-09-30,163.59亿,14.59%,162.25亿,14.66%,378.81亿,19.76%,1.1500,10.79,1.55,3.45,-0.88,43.28%,11.06%,9.44%,False,False,False,False,False,11.62,92.05%
601229,上海银行,2019-12-31,202.98亿,12.55%,201.59亿,12.70%,498.00亿,13.47%,1.3600,11.03,1.55,3.66,-0.56,40.83%,12.94%,11.49%,False,False,False,False,False,11.66,92.08%
601229,上海银行,2020-03-31,52.37亿,4.34%,52.14亿,4.23%,130.86亿,0.54%,0.3700,11.43,1.55,4.02,2.51,40.08%,3.28%,2.87%,False,False,False,False,False,11.54,92.00%
601229,上海银行,2020-06-30,111.31亿,3.90%,110.50亿,3.78%,254.12亿,1.04%,0.7800,11.45,1.55,3.41,5.04,43.87%,6.85%,6.09%,False,False,False,False,False,12.07,92.33%
601229,上海银行,2020-09-30,150.52亿,-7.99%,149.29亿,-7.99%,375.36亿,-0.91%,1.0600,11.75,1.55,3.67,1.07,40.17%,9.25%,8.06%,False,False,False,False,False,12.08,92.33%
601229,上海银行,2020-12-31,208.85亿,2.89%,207.66亿,3.01%,507.46亿,1.90%,1.4000,12.00,1.55,4.01,0.88,41.21%,12.09%,10.97%,False,False,False,False,False,11.93,92.25%
601229,上海银行,2021-03-31,55.54亿,6.04%,55.52亿,6.50%,138.22亿,5.62%,0.3900,12.31,1.55,4.40,-1.02,40.25%,3.22%,2.85%,False,False,False,False,False,12.09,92.34%
601229,上海银行,2021-06-30,122.78亿,10.30%,122.53亿,10.89%,277.05亿,9.02%,0.8600,12.38,1.55,3.83,2.47,44.39%,6.97%,6.26%,False,False,False,False,False,12.39,92.51%
601229,上海银行,2021-09-30,166.44亿,10.58%,166.23亿,11.34%,414.56亿,10.44%,1.1700,12.73,1.55,4.14,0.73,40.22%,9.42%,8.29%,False,False,False,False,False,12.20,92.41%
601229,上海银行,2021-12-31,220.42亿,5.54%,219.97亿,5.93%,562.30亿,10.81%,1.4800,13.04,1.55,4.44,-0.78,39.27%,11.80%,10.74%,False,False,False,False,False,11.93,92.24%
601229,上海银行,2022-03-31,58.53亿,5.39%,58.33亿,5.05%,142.29亿,2.95%,0.4100,13.46,1.55,4.85,2.15,41.20%,3.11%,2.77%,False,False,False,False,False,12.06,92.32%
601229,上海银行,2022-06-30,126.74亿,3.23%,126.49亿,3.23%,279.42亿,0.86%,0.8900,13.49,1.55,4.26,2.67,45.43%,6.63%,5.99%,False,False,False,False,False,12.30,92.46%
601229,上海银行,2022-09-30,171.67亿,3.14%,170.26亿,2.43%,416.73亿,0.52%,1.2100,13.84,1.55,4.57,0.64,41.26%,8.95%,7.93%,False,False,False,False,False,12.30,92.47%
601229,上海银行,2022-12-31,222.80亿,1.08%,219.94亿,-0.01%,531.12亿,-5.54%,1.5000,14.16,1.55,4.81,1.77,42.02%,11.00%,10.08%,False,False,False,False,False,12.02,92.30%
601229,上海银行,2023-03-31,60.43亿,3.25%,58.66亿,0.56%,132.15亿,-7.12%,0.4300,14.52,1.55,5.24,0.27,45.81%,2.97%,2.67%,False,False,False,False,False,12.12,92.36%
601229,上海银行,2023-06-30,128.35亿,1.27%,126.25亿,-0.19%,263.60亿,-5.66%,0.9000,14.67,1.55,4.60,-0.35,48.77%,6.18%,5.62%,False,False,False,False,False,12.28,92.45%
601229,上海银行,2023-09-30,173.45亿,1.03%,170.35亿,0.05%,392.73亿,-5.76%,1.2200,14.94,1.55,4.91,-2.56,44.23%,8.35%,7.47%,False,False,False,False,False,12.17,92.40%
601229,上海银行,2023-12-31,225.45亿,1.19%,222.37亿,1.11%,505.64亿,-4.80%,1.5300,15.39,1.55,5.22,0.28,44.64%,10.36%,9.45%,False,False,False,False,False,11.93,92.25%
601229,上海银行,2024-03-31,61.50亿,1.77%,61.03亿,4.05%,130.94亿,-0.92%,0.4300,15.86,1.55,5.65,0.52,46.99%,2.77%,2.51%,False,False,False,False,False,11.86,92.21%
601229,上海银行,2024-06-30,129.69亿,1.04%,128.56亿,1.83%,262.47亿,-0.43%,0.9100,15.89,1.55,4.94,-0.27,49.41%,5.75%,5.28%,False,False,False,False,False,12.11,92.36%
601229,上海银行,2024-09-30,175.87亿,1.40%,174.23亿,2.28%,395.42亿,0.68%,1.2400,15.96,1.55,4.99,1.68,44.49%,7.79%,7.13%,False,False,False,False,False,12.08,92.34%
601229,上海银行,2024-12-31,235.60亿,4.50%,236.15亿,6.20%,529.86亿,4.79%,1.6000,16.49,1.55,5.35,0.29,44.47%,10.01%,9.27%,False,False,False,False,False,11.69,92.11%
601229,上海银行,2025-03-31,62.92亿,2.30%,62.64亿,2.62%,135.97亿,3.85%,0.4400,16.81,1.55,5.79,-10.13,46.27%,2.66%,2.43%,False,False,False,False,False,11.64,92.08%
601229,上海银行,2025-06-30,132.31亿,2.02%,132.44亿,3.02%,273.44亿,4.18%,0.9300,17.14,1.55,5.40,-9.20,48.38%,5.50%,5.02%,False,False,False,False,False,11.50,91.99%
601229,上海银行,2025-09-30,180.75亿,2.77%,181.12亿,3.95%,411.40亿,4.04%,1.2700,16.91,1.55,5.44,-10.87,43.90%,7.53%,6.95%,False,False,False,False,False,11.71,92.12%
601229,上海银行,2025-12-31,241.93亿,2.69%,242.21亿,2.56%,547.61亿,3.35%,1.6500,17.33,1.55,5.81,-4.77,44.14%,9.69%,9.44%,False,False,False,False,False,11.91,92.25%
601229,上海银行,2026-03-31,63.34亿,0.66%,63.33亿,1.11%,141.75亿,4.25%,0.4500,17.81,1.55,6.25,-0.0096,44.64%,2.54%,2.41%,False,False,False,False,False,11.84,92.21%
601288,农业银行,2007-12-31,437.87亿,False,461.18亿,False,1792.37亿,False,False,-5.98,-0.04,-6.95,1.19,24.43%,False,False,,,,,,False,113.71%
601288,农业银行,2008-12-31,514.74亿,17.56%,491.81亿,6.64%,2111.89亿,17.83%,False,1.12,0.07,0.05,1.10,24.36%,False,17.72%,,,,,,23.15,95.86%
601288,农业银行,2009-06-30,327.14亿,False,321.97亿,False,1040.09亿,False,0.1300,False,False,False,False,31.46%,10.80%,False,,,,,,False,False
601288,农业银行,2009-09-30,514.79亿,False,False,False,1576.20亿,False,0.2000,False,False,False,False,32.67%,False,False,,,,,,False,False
601288,农业银行,2009-12-31,649.92亿,26.26%,603.05亿,22.62%,2222.74亿,5.25%,0.2500,1.32,0.02,0.23,-0.08,29.24%,20.53%,18.96%,,,,,,24.91,96.14%
601288,农业银行,2010-03-31,249.70亿,False,False,False,661.72亿,False,0.1000,False,False,False,False,37.75%,7.01%,False,,,,,,False,False
601288,农业银行,2010-06-30,458.40亿,40.12%,454.37亿,41.12%,1356.80亿,30.45%,0.1700,1.31,0.05,0.0053,0.64,33.80%,12.55%,12.94%,,,,,,26.37,96.34%
601288,农业银行,2010-09-30,701.46亿,36.26%,694.84亿,False,2094.89亿,32.91%,0.2500,1.63,0.33,0.08,0.63,33.50%,17.60%,13.28%,,,,,,18.16,94.78%
601288,农业银行,2010-12-31,948.73亿,45.98%,937.57亿,55.47%,2904.18亿,30.66%,0.3300,1.67,0.30,0.14,-0.28,32.68%,22.49%,17.50%,,,,,,18.07,94.75%
601288,农业银行,2011-03-31,340.67亿,36.43%,339.21亿,False,895.56亿,35.34%,0.1000,1.77,0.30,0.24,0.86,38.05%,6.09%,5.91%,,,,,,18.01,94.74%
601288,农业银行,2011-06-30,666.67亿,45.43%,662.05亿,45.71%,1841.58亿,35.73%,0.2100,1.81,0.29,0.27,1.17,36.21%,11.78%,11.31%,,,,,,18.45,94.86%
601288,农业银行,2011-09-30,1007.57亿,43.64%,1001.79亿,44.18%,2791.76亿,33.27%,0.3100,1.91,0.28,0.38,1.64,36.10%,17.25%,16.24%,,,,,,17.68,94.65%
601288,农业银行,2011-12-31,1219.27亿,28.52%,1207.27亿,28.77%,3777.31亿,30.06%,0.3800,2.00,0.31,0.40,0.69,32.29%,20.46%,18.77%,,,,,,16.98,94.44%
601288,农业银行,2012-03-31,434.54亿,27.55%,431.27亿,27.14%,1070.04亿,19.44%,0.1300,2.14,0.31,0.54,1.37,40.63%,6.47%,6.26%,,,,,,17.10,94.47%
601288,农业银行,2012-06-30,804.99亿,20.75%,802.37亿,21.19%,2098.65亿,13.89%,0.2500,2.13,0.32,0.49,1.57,38.39%,11.63%,11.64%,,,,,,17.66,94.64%
601288,农业银行,2012-09-30,1200.83亿,19.18%,1189.32亿,18.72%,3164.32亿,13.27%,0.3700,2.24,0.31,0.61,1.64,37.98%,17.27%,16.53%,,,,,,16.97,94.43%
601288,农业银行,2012-12-31,1450.94亿,19.00%,1439.32亿,19.22%,4219.64亿,11.71%,0.4500,2.31,0.30,0.64,1.05,34.39%,20.74%,19.35%,,,,,,16.66,94.33%
601288,农业银行,2013-03-31,470.11亿,8.19%,466.96亿,8.28%,1193.31亿,11.52%,0.1400,2.46,0.31,0.79,0.64,39.43%,6.07%,5.89%,,,,,,16.86,94.39%
601288,农业银行,2013-06-30,923.52亿,14.72%,920.45亿,14.72%,2349.58亿,11.96%,0.2800,2.43,0.30,0.57,-0.40,39.32%,11.61%,11.70%,,,,,,17.01,94.44%
601288,农业银行,2013-09-30,1379.88亿,14.91%,1377.17亿,15.79%,3513.41亿,11.03%,0.4200,2.55,0.27,0.71,0.45,39.29%,17.32%,16.68%,,,,,,16.65,94.32%
601288,农业银行,2013-12-31,1663.15亿,14.63%,1656.59亿,15.10%,4626.25亿,9.64%,0.5100,2.60,0.23,0.75,0.10,35.93%,20.89%,19.73%,,,,,,16.27,94.20%
601288,农业银行,2014-03-31,534.30亿,13.65%,533.69亿,14.29%,1361.00亿,14.05%,0.1600,2.78,0.26,0.91,0.53,39.33%,6.12%,5.91%,,,,,,15.95,94.09%
601288,农业银行,2014-06-30,1040.32亿,12.65%,1038.42亿,12.82%,2666.35亿,13.48%,0.3200,2.79,0.28,0.84,1.48,39.03%,11.52%,11.48%,,,,,,16.66,94.33%
601288,农业银行,2014-09-30,1524.39亿,10.47%,1523.38亿,10.62%,3939.66亿,12.13%,0.4700,2.95,0.29,0.99,0.20,38.71%,16.76%,15.93%,,,,,,15.67,93.99%
601288,农业银行,2014-12-31,1794.61亿,7.90%,1797.28亿,8.49%,5208.58亿,12.59%,0.5500,3.05,0.30,1.02,0.11,34.46%,19.57%,17.41%,,,,,,14.49,93.54%
601288,农业银行,2015-03-31,541.16亿,1.28%,539.10亿,1.01%,1394.43亿,2.46%,0.1700,3.21,0.30,1.18,1.19,38.95%,5.32%,4.82%,,,,,,13.98,93.32%
601288,农业银行,2015-06-30,1043.15亿,0.27%,1041.18亿,0.27%,2741.47亿,2.82%,0.3200,3.20,0.30,1.10,1.60,38.14%,9.98%,9.31%,,,,,,14.58,93.57%
601288,农业银行,2015-09-30,1532.10亿,0.51%,1538.57亿,1.00%,4072.76亿,3.38%,0.4700,3.37,0.30,1.25,1.57,37.66%,14.56%,13.06%,,,,,,14.09,93.36%
601288,农业银行,2015-12-31,1805.82亿,0.62%,1841.97亿,2.49%,5361.68亿,2.94%,0.5500,3.48,0.30,1.27,2.53,33.72%,16.79%,14.92%,,,,,,13.70,93.19%
601288,农业银行,2016-03-31,546.88亿,1.06%,550.47亿,2.11%,1380.46亿,-1.00%,0.1600,3.64,0.30,1.43,0.59,39.53%,4.68%,4.33%,,,,,,13.59,93.14%
601288,农业银行,2016-06-30,1051.48亿,0.80%,1053.47亿,1.18%,2603.85亿,-5.02%,0.3200,3.62,0.30,1.35,1.65,40.34%,8.82%,8.37%,,,,,,13.87,93.26%
601288,农业银行,2016-09-30,1541.70亿,0.63%,1540.91亿,0.15%,3861.54亿,-5.19%,0.4700,3.79,0.30,1.50,1.57,39.93%,12.83%,11.76%,,,,,,13.55,93.11%
601288,农业银行,2016-12-31,1839.41亿,1.86%,1844.56亿,0.14%,5060.16亿,-5.62%,0.5500,3.81,0.30,1.53,2.20,36.37%,15.14%,13.95%,,,,,,13.84,93.25%
601288,农业银行,2017-03-31,557.10亿,1.87%,553.65亿,0.58%,1483.88亿,7.49%,0.1600,3.95,0.30,1.69,0.91,37.59%,4.37%,4.09%,,,,,,13.91,93.28%
601288,农业银行,2017-06-30,1085.93亿,3.28%,1089.14亿,3.39%,2769.53亿,6.36%,0.3300,3.93,0.30,1.59,1.06,39.24%,8.37%,8.01%,,,,,,14.18,93.40%
601288,农业银行,2017-09-30,1600.10亿,3.79%,1596.35亿,3.60%,4083.90亿,5.76%,0.4900,4.08,0.30,1.74,1.84,39.21%,12.26%,11.38%,,,,,,13.88,93.26%
601288,农业银行,2017-12-31,1929.62亿,4.90%,1926.95亿,4.47%,5370.41亿,6.13%,0.5800,4.15,0.30,1.78,1.95,35.96%,14.57%,13.53%,,,,,,13.76,93.21%
601288,农业银行,2018-03-31,587.36亿,5.43%,585.36亿,5.73%,1558.65亿,5.04%,0.1700,4.25,0.30,1.84,-0.36,37.88%,4.31%,4.02%,,,,,,13.82,93.24%
601288,农业银行,2018-06-30,1157.89亿,6.63%,1155.07亿,6.05%,3063.02亿,10.60%,0.3500,4.24,0.50,1.68,-0.63,37.86%,8.36%,7.40%,,,,,,13.00,92.84%
601288,农业银行,2018-09-30,1716.11亿,7.25%,1712.90亿,7.30%,4574.48亿,12.01%,0.5100,4.43,0.50,1.84,0.32,37.56%,11.96%,10.53%,,,,,,12.92,92.80%
601288,农业银行,2018-12-31,2027.83亿,5.09%,2022.91亿,4.98%,5985.88亿,11.46%,0.5900,4.54,0.50,1.87,0.30,33.85%,13.66%,12.14%,,,,,,12.53,92.59%
601288,农业银行,2019-03-31,612.51亿,4.28%,611.44亿,4.46%,1730.31亿,11.01%,0.1700,4.72,0.50,2.03,0.75,35.90%,3.74%,3.54%,,,,,,12.65,92.66%
601288,农业银行,2019-06-30,1214.45亿,4.88%,1212.28亿,4.95%,3231.79亿,5.51%,0.3400,4.72,0.50,1.92,-0.03,37.87%,7.29%,7.01%,,,,,,12.83,92.75%
601288,农业银行,2019-09-30,1806.71亿,5.28%,1802.56亿,5.23%,4749.81亿,3.83%,0.5100,4.91,0.50,2.09,0.29,38.27%,10.76%,9.42%,,,,,,11.97,92.27%
601288,农业银行,2019-12-31,2120.98亿,4.59%,2116.49亿,4.63%,6272.68亿,4.79%,0.5900,5.00,0.50,2.12,1.01,33.94%,12.43%,10.89%,,,,,,11.76,92.12%
601288,农业银行,2020-03-31,641.87亿,4.79%,641.19亿,4.87%,1867.06亿,7.90%,0.1800,5.20,0.50,2.29,0.75,34.47%,3.56%,3.18%,,,,,,11.97,92.25%
601288,农业银行,2020-06-30,1088.34亿,-10.38%,1065.71亿,-12.09%,3391.72亿,4.95%,0.3000,5.14,0.50,2.14,-0.93,32.19%,5.97%,5.23%,,,,,,11.71,92.09%
601288,农业银行,2020-09-30,1653.35亿,-8.49%,1654.48亿,-8.21%,4982.44亿,4.90%,0.4500,5.24,0.50,2.29,-0.83,33.30%,8.86%,7.68%,,,,,,11.67,92.07%
601288,农业银行,2020-12-31,2159.25亿,1.80%,2164.65亿,2.28%,6579.61亿,4.89%,0.5900,5.39,0.50,2.37,-0.17,32.89%,11.35%,9.79%,,,,,,11.34,91.87%
601288,农业银行,2021-03-31,658.61亿,2.61%,657.63亿,2.56%,1944.52亿,4.15%,0.1800,5.56,0.50,2.55,1.09,34.04%,3.41%,2.91%,,,,,,11.61,92.05%
601288,农业银行,2021-06-30,1222.78亿,12.35%,1219.83亿,14.46%,3655.37亿,7.77%,0.3400,5.53,0.50,2.40,0.46,33.60%,6.20%,5.42%,,,,,,11.70,92.10%
601288,农业银行,2021-09-30,1867.09亿,12.93%,1863.77亿,12.65%,5448.97亿,9.36%,0.5000,5.72,0.50,2.57,0.44,34.39%,9.13%,8.05%,,,,,,11.49,91.97%
601288,农业银行,2021-12-31,2411.83亿,11.70%,2411.48亿,11.40%,7199.15亿,9.42%,0.6500,5.87,0.50,2.65,0.68,33.61%,11.57%,9.99%,,,,,,11.04,91.67%
601288,农业银行,2022-03-31,703.21亿,6.77%,708.02亿,7.66%,1853.05亿,5.91%,0.2000,6.05,0.50,2.84,1.05,34.30%,3.37%,2.80%,,,,,,11.22,91.80%
601288,农业银行,2022-06-30,1287.52亿,5.29%,1289.81亿,5.74%,3627.32亿,5.93%,0.3500,6.03,0.50,2.70,2.60,33.30%,5.97%,5.12%,,,,,,11.87,92.21%
601288,农业银行,2022-09-30,1975.38亿,5.80%,1976.95亿,6.07%,5362.27亿,3.62%,0.5300,6.24,0.50,2.87,3.97,34.94%,8.84%,7.52%,,,,,,11.88,92.22%
601288,农业银行,2022-12-31,2592.32亿,7.48%,2595.62亿,7.64%,6946.52亿,0.69%,0.6900,6.37,0.50,2.95,3.78,35.69%,11.28%,9.71%,,,,,,11.71,92.12%
601288,农业银行,2023-03-31,715.54亿,1.75%,714.58亿,0.93%,1893.60亿,2.19%,0.2000,6.53,0.50,3.15,2.59,38.08%,3.15%,2.62%,,,,,,12.50,92.58%
601288,农业银行,2023-06-30,1332.34亿,3.48%,1328.51亿,3.00%,3657.58亿,0.83%,0.3700,6.50,0.50,2.90,3.87,36.59%,5.72%,4.91%,,,,,,13.01,92.85%
601288,农业银行,2023-09-30,2073.56亿,4.97%,2067.61亿,4.59%,5333.58亿,-0.54%,0.5500,6.67,0.50,3.09,3.94,38.96%,8.54%,7.36%,,,,,,12.74,92.71%
601288,农业银行,2023-12-31,2693.56亿,3.91%,2692.86亿,3.75%,6948.28亿,0.03%,0.7200,6.88,0.50,3.18,5.22,38.83%,10.91%,9.32%,,,,,,12.80,92.73%
601288,农业银行,2024-03-31,703.86亿,-1.63%,703.47亿,-1.55%,1860.21亿,-1.76%,0.1900,7.06,0.50,3.37,2.24,38.08%,2.85%,2.35%,,,,,,13.09,92.89%
601288,农业银行,2024-06-30,1358.92亿,1.99%,1354.87亿,1.98%,3668.35亿,0.29%,0.3700,7.06,0.50,3.10,0.83,37.21%,5.38%,4.46%,,,,,,12.76,92.72%
601288,农业银行,2024-09-30,2143.72亿,3.38%,2138.36亿,3.42%,5402.12亿,1.29%,0.5600,7.27,0.50,3.30,5.36,39.85%,8.09%,7.14%,,,,,,13.50,93.09%
601288,农业银行,2024-12-31,2820.83亿,4.72%,2815.61亿,4.56%,7105.55亿,2.26%,0.7500,7.40,0.50,3.29,3.87,39.78%,10.46%,9.13%,,,,,,12.99,92.84%
601288,农业银行,2025-03-31,719.31亿,2.20%,719.91亿,2.34%,1866.74亿,0.35%,0.1900,7.54,0.50,3.48,-2.20,38.63%,2.71%,2.29%,,,,,,13.28,92.99%
601288,农业银行,2025-06-30,1395.10亿,2.66%,1393.85亿,2.88%,3699.37亿,0.85%,0.3700,7.65,0.50,3.43,2.87,37.83%,5.08%,4.44%,,,,,,13.91,93.28%
601288,农业银行,2025-09-30,2208.59亿,3.03%,2208.33亿,3.27%,5508.76亿,1.97%,0.5900,7.82,0.50,3.64,5.81,40.36%,7.85%,6.97%,,,,,,14.19,93.40%
601288,农业银行,2025-12-31,2910.41亿,3.18%,2913.66亿,3.48%,7253.06亿,2.08%,0.7800,7.91,0.50,3.64,6.04,40.26%,10.16%,8.99%,,,,,,14.07,93.35%
601288,农业银行,2026-03-31,751.85亿,4.52%,748.67亿,3.99%,2062.55亿,10.49%,0.2000,8.08,0.50,3.84,3.39,36.64%,2.65%,2.28%,,,,,,14.48,93.53%
601328,交通银行,2001-12-31,19.09亿,False,False,False,282.32亿,False,False,False,0.33,0.12,False,6.76%,False,False,49.28,49.28,0.77,0.74,0.05,19.40,95.10%
601328,交通银行,2002-12-31,49.36亿,158.60%,False,False,273.11亿,-3.26%,False,False,0.33,-1.35,False,18.07%,False,False,False,False,0.71,0.69,0.04,83.64,98.82%
601328,交通银行,2003-12-31,43.12亿,-12.64%,False,False,323.85亿,18.58%,False,False,0.69,-1.16,False,13.31%,False,False,False,False,0.71,0.70,0.06,50.60,98.06%
601328,交通银行,2004-12-31,11.98亿,-72.22%,64.39亿,False,288.33亿,-10.97%,0.0500,1.32,0.32,0.0053,1.39,4.16%,4.00%,2.00%,False,False,False,False,False,21.10,95.48%
601328,交通银行,2005-12-31,95.09亿,693.74%,92.59亿,43.80%,350.90亿,21.70%,0.2300,1.79,0.58,0.19,1.24,27.10%,15.00%,12.00%,False,False,False,False,False,16.35,94.24%
601328,交通银行,2006-03-31,29.01亿,False,False,False,96.47亿,False,0.0600,False,False,False,False,30.07%,False,False,False,False,False,False,False,False,False
601328,交通银行,2006-06-30,64.89亿,False,False,False,202.64亿,False,0.1400,False,False,False,False,32.03%,False,False,False,False,False,False,False,False,False
601328,交通银行,2006-09-30,94.61亿,False,False,False,315.93亿,False,0.2100,False,False,False,False,29.96%,False,False,False,False,False,False,False,False,False
601328,交通银行,2006-12-31,125.45亿,31.93%,123.74亿,33.64%,434.59亿,23.18%,0.2700,1.93,0.53,0.26,3.56,29.31%,14.00%,14.00%,False,False,False,False,False,18.37,94.84%
601328,交通银行,2007-03-31,39.36亿,35.68%,False,False,127.14亿,32.64%,0.0900,2.06,0.47,0.36,1.11,29.87%,False,4.02%,False,False,False,False,False,18.23,94.79%
601328,交通银行,2007-06-30,89.18亿,37.43%,88.04亿,False,272.08亿,34.27%,0.1900,2.47,0.93,0.42,-0.18,33.01%,8.74%,7.37%,False,False,False,False,False,16.62,94.32%
601328,交通银行,2007-09-30,147.86亿,56.28%,144.35亿,False,435.68亿,37.90%,0.3100,2.49,0.93,0.30,2.62,34.12%,False,12.10%,False,False,False,False,False,17.16,94.48%
601328,交通银行,2007-12-31,205.13亿,63.52%,204.20亿,65.02%,623.22亿,43.40%,0.4300,2.62,0.94,0.38,0.43,33.12%,17.17%,15.98%,False,False,False,False,False,15.38,93.88%
601328,交通银行,2008-03-31,78.83亿,100.28%,78.95亿,False,180.23亿,41.76%,0.1600,2.76,0.92,0.54,0.46,43.86%,5.96%,5.83%,False,False,False,False,False,15.71,94.00%
601328,交通银行,2008-06-30,155.34亿,74.19%,155.49亿,76.61%,376.39亿,38.34%,0.3200,2.75,0.91,0.33,1.06,41.43%,11.13%,11.51%,False,False,False,False,False,16.98,94.42%
601328,交通银行,2008-09-30,227.89亿,54.13%,227.60亿,57.67%,574.09亿,31.77%,0.4700,2.81,0.92,0.38,1.87,39.85%,15.86%,16.58%,False,False,False,False,False,17.12,94.47%
601328,交通银行,2008-12-31,284.23亿,38.56%,283.96亿,39.06%,766.60亿,23.01%,0.5800,2.96,0.96,0.44,3.95,37.20%,20.86%,19.57%,False,False,False,False,False,17.44,94.56%
601328,交通银行,2009-03-31,79.46亿,0.80%,79.52亿,0.72%,178.65亿,-0.88%,0.1600,3.11,0.94,0.60,-0.11,44.60%,5.34%,5.22%,False,False,False,False,False,18.93,94.97%
601328,交通银行,2009-06-30,155.79亿,0.29%,155.50亿,0.0064%,368.13亿,-2.19%,0.3000,3.17,0.95,0.40,2.04,42.47%,10.27%,10.02%,False,False,False,False,False,20.19,95.27%
601328,交通银行,2009-09-30,229.70亿,0.79%,229.80亿,0.97%,574.39亿,0.05%,0.4500,3.20,0.93,0.45,1.75,40.17%,14.96%,14.64%,False,False,False,False,False,20.04,95.23%
601328,交通银行,2009-12-31,300.75亿,5.81%,298.69亿,5.19%,809.37亿,5.58%,0.5900,3.34,0.93,0.53,1.51,37.33%,19.26%,18.36%,False,False,False,False,False,19.19,95.03%
601328,交通银行,2010-03-31,104.51亿,31.53%,104.22亿,31.06%,239.36亿,33.98%,0.2000,3.57,0.94,0.74,-1.07,43.83%,6.18%,5.98%,False,False,False,False,False,19.22,95.03%
601328,交通银行,2010-06-30,203.57亿,30.67%,203.11亿,30.62%,493.98亿,34.19%,0.3600,3.72,1.11,0.39,-0.44,41.35%,11.75%,10.37%,False,False,False,False,False,17.89,94.69%
601328,交通银行,2010-09-30,295.37亿,28.59%,294.12亿,27.99%,759.69亿,32.26%,0.5100,3.82,1.26,0.43,-1.03,39.01%,15.92%,13.73%,False,False,False,False,False,16.67,94.32%
601328,交通银行,2010-12-31,390.42亿,29.82%,388.26亿,29.99%,1042.34亿,28.78%,0.6600,3.96,1.22,0.53,-0.43,37.58%,20.08%,17.53%,False,False,False,False,False,16.73,94.34%
601328,交通银行,2011-03-31,132.80亿,27.07%,131.83亿,26.49%,302.39亿,26.33%,0.2100,4.20,1.23,0.77,-0.43,44.02%,5.79%,5.62%,False,False,False,False,False,16.47,94.26%
601328,交通银行,2011-06-30,263.96亿,29.67%,262.21亿,29.10%,619.37亿,25.38%,0.4300,4.40,1.22,0.59,0.19,42.70%,11.19%,10.66%,False,False,False,False,False,16.56,94.29%
601328,交通银行,2011-09-30,384.16亿,30.06%,381.13亿,29.58%,941.95亿,23.99%,0.6200,4.16,1.08,0.64,0.28,40.87%,15.90%,14.90%,False,False,False,False,False,15.92,94.07%
601328,交通银行,2011-12-31,507.35亿,29.95%,502.16亿,29.34%,1269.56亿,21.80%,0.8200,4.39,1.11,0.76,-0.02,40.03%,20.49%,18.67%,False,False,False,False,False,15.96,94.08%
601328,交通银行,2012-03-31,158.77亿,19.56%,158.74亿,20.41%,365.15亿,20.75%,0.2600,4.65,1.12,1.01,0.71,43.57%,5.68%,5.51%,False,False,False,False,False,15.95,94.08%
601328,交通银行,2012-06-30,310.89亿,17.78%,308.74亿,17.75%,736.42亿,18.90%,0.5000,4.82,1.13,0.92,3.17,42.29%,10.82%,10.43%,False,False,False,False,False,16.28,94.20%
601328,交通银行,2012-09-30,445.08亿,15.86%,442.10亿,16.00%,1096.65亿,16.42%,0.7000,4.93,1.51,0.95,0.69,40.66%,11.19%,12.15%,False,False,False,False,False,13.12,92.89%
601328,交通银行,2012-12-31,583.69亿,15.05%,578.74亿,15.25%,1473.37亿,16.05%,0.8800,5.12,1.51,1.05,1.03,39.69%,18.43%,15.36%,False,False,False,False,False,12.88,92.77%
601328,交通银行,2013-03-31,177.06亿,11.52%,176.71亿,11.32%,421.87亿,15.53%,0.2400,5.37,1.53,1.29,0.16,42.07%,4.56%,4.44%,False,False,False,False,False,13.14,92.90%
601328,交通银行,2013-06-30,348.27亿,12.02%,347.82亿,12.66%,848.12亿,15.17%,0.4700,5.34,1.52,0.63,0.89,41.17%,8.77%,8.79%,False,False,False,False,False,13.42,93.04%
601328,交通银行,2013-09-30,487.06亿,9.43%,485.41亿,9.80%,1242.22亿,13.27%,0.6600,5.50,1.50,0.81,1.55,39.32%,12.23%,11.92%,False,False,False,False,False,13.11,92.88%
601328,交通银行,2013-12-31,622.95亿,6.73%,620.12亿,7.15%,1644.35亿,11.60%,0.8400,5.65,1.46,0.91,1.87,37.99%,15.49%,14.85%,False,False,False,False,False,13.20,92.93%
601328,交通银行,2014-03-31,186.90亿,5.56%,185.99亿,5.25%,447.28亿,6.02%,0.2500,5.92,1.48,1.16,-0.83,41.94%,4.36%,4.25%,False,False,False,False,False,12.59,92.61%
601328,交通银行,2014-06-30,367.73亿,5.59%,365.49亿,5.08%,904.23亿,6.62%,0.5000,5.93,1.51,0.67,-0.14,40.80%,8.39%,8.35%,False,False,False,False,False,13.26,92.96%
601328,交通银行,2014-09-30,515.22亿,5.78%,512.07亿,5.49%,1351.69亿,8.81%,0.6900,6.14,1.51,0.87,-0.10,38.24%,11.69%,11.30%,False,False,False,False,False,12.63,92.63%
601328,交通银行,2014-12-31,658.50亿,5.71%,652.02亿,5.14%,1774.01亿,7.89%,0.8900,6.34,1.53,0.97,0.67,37.22%,14.87%,13.98%,False,False,False,False,False,12.30,92.44%
601328,交通银行,2015-03-31,189.70亿,1.50%,188.19亿,1.18%,494.05亿,10.46%,0.2600,6.60,1.53,1.22,1.04,38.56%,3.95%,3.87%,False,False,False,False,False,12.52,92.56%
601328,交通银行,2015-06-30,373.24亿,1.50%,370.67亿,1.42%,967.22亿,6.97%,0.5000,6.58,1.53,0.69,4.79,38.78%,7.62%,7.64%,False,False,False,False,False,13.57,93.09%
601328,交通银行,2015-09-30,520.40亿,1.01%,516.13亿,0.79%,1464.13亿,8.32%,0.7000,6.79,1.53,0.89,4.08,35.72%,10.61%,10.03%,False,False,False,False,False,12.88,92.76%
601328,交通银行,2015-12-31,665.28亿,1.03%,660.65亿,1.32%,1938.28亿,9.26%,0.9000,7.00,1.53,0.98,5.11,34.48%,13.46%,12.44%,False,False,False,False,False,12.37,92.48%
601328,交通银行,2016-03-31,190.66亿,0.51%,189.92亿,0.92%,560.33亿,13.42%,0.2600,7.25,1.53,1.24,-0.27,34.32%,3.60%,3.44%,False,False,False,False,False,12.37,92.48%
601328,交通银行,2016-06-30,376.61亿,0.90%,375.08亿,1.19%,1033.39亿,6.84%,0.5000,7.24,1.53,1.05,3.04,36.70%,6.91%,6.82%,False,False,False,False,False,13.39,93.02%
601328,交通银行,2016-09-30,525.78亿,1.03%,521.33亿,1.01%,1473.01亿,0.61%,0.7000,7.49,1.53,1.25,1.91,35.92%,9.63%,8.54%,False,False,False,False,False,12.13,92.35%
601328,交通银行,2016-12-31,672.10亿,1.03%,666.50亿,0.89%,1931.94亿,-0.36%,0.8900,7.67,1.53,1.36,6.53,35.03%,12.22%,10.68%,False,False,False,False,False,12.35,92.47%
601328,交通银行,2017-03-31,193.23亿,1.35%,192.62亿,1.42%,549.12亿,-2.05%,0.2600,7.93,1.53,1.61,0.64,35.44%,3.03%,2.98%,False,False,False,False,False,12.46,92.53%
601328,交通银行,2017-06-30,389.75亿,3.49%,388.28亿,3.52%,1037.07亿,0.34%,0.4900,7.86,1.53,1.35,0.62,37.83%,6.40%,6.06%,False,False,False,False,False,12.88,92.74%
601328,交通银行,2017-09-30,544.19亿,3.50%,539.86亿,3.55%,1497.90亿,1.64%,0.7000,8.06,1.53,1.56,0.39,36.60%,8.91%,8.27%,False,False,False,False,False,12.57,92.57%
601328,交通银行,2017-12-31,702.23亿,4.48%,694.85亿,4.25%,1960.11亿,1.46%,0.9100,8.23,1.53,1.68,0.14,36.06%,11.40%,10.46%,False,False,False,False,False,12.46,92.52%
601328,交通银行,2018-03-31,200.91亿,3.97%,200.07亿,3.87%,490.99亿,-10.59%,0.2700,8.13,1.53,1.56,0.19,41.21%,3.23%,3.03%,False,False,False,False,False,12.96,92.79%
601328,交通银行,2018-06-30,407.71亿,4.61%,406.52亿,4.70%,1018.65亿,-1.78%,0.5100,8.13,1.53,1.40,1.03,40.24%,6.26%,6.14%,False,False,False,False,False,13.04,92.81%
601328,交通银行,2018-09-30,573.04亿,5.30%,570.17亿,5.61%,1578.32亿,5.37%,0.7400,8.38,1.53,1.62,1.70,36.54%,8.77%,8.40%,False,False,False,False,False,12.75,92.66%
601328,交通银行,2018-12-31,736.30亿,4.85%,732.81亿,5.46%,2126.54亿,8.49%,0.9600,8.60,1.53,1.74,1.67,34.88%,11.17%,10.54%,False,False,False,False,False,12.64,92.60%
601328,交通银行,2019-03-31,210.71亿,4.88%,209.22亿,4.57%,621.00亿,26.48%,0.2800,8.87,1.53,2.01,-0.10,34.38%,3.25%,2.93%,False,False,False,False,False,12.61,92.58%
601328,交通银行,2019-06-30,427.49亿,4.85%,426.00亿,4.79%,1181.80亿,16.02%,0.5400,8.84,1.53,1.93,0.04,36.51%,6.29%,5.97%,False,False,False,False,False,12.79,92.68%
601328,交通银行,2019-09-30,601.47亿,4.96%,599.51亿,5.15%,1762.93亿,11.70%,0.7700,9.10,1.53,2.16,0.86,34.45%,8.81%,7.76%,False,False,False,False,False,11.80,92.12%
601328,交通银行,2019-12-31,772.81亿,4.96%,766.19亿,4.56%,2324.72亿,9.32%,1.0000,9.34,1.53,2.39,-1.11,33.58%,11.20%,9.74%,False,False,False,False,False,11.48,91.91%
601328,交通银行,2020-03-31,214.51亿,1.80%,212.90亿,1.76%,650.03亿,4.67%,0.2500,9.57,1.53,2.64,1.92,33.14%,2.96%,2.65%,False,False,False,False,False,11.89,92.14%
601328,交通银行,2020-06-30,365.05亿,-14.61%,361.03亿,-15.25%,1267.87亿,7.28%,0.4600,9.46,1.53,2.37,1.61,29.18%,4.95%,4.55%,False,False,False,False,False,12.28,92.37%
601328,交通银行,2020-09-30,527.12亿,-12.36%,522.83亿,-12.79%,1853.94亿,5.16%,0.6500,9.56,1.50,2.56,2.48,28.84%,6.99%,6.39%,False,False,False,False,False,12.07,92.25%
601328,交通银行,2020-12-31,782.74亿,1.28%,773.95亿,1.01%,2462.00亿,5.91%,0.9900,9.87,1.50,2.89,2.01,32.32%,10.35%,9.03%,False,False,False,False,False,11.33,91.79%
601328,交通银行,2021-03-31,219.46亿,2.31%,219.24亿,2.98%,683.44亿,5.14%,0.3000,10.19,1.50,3.18,-1.11,32.65%,2.95%,2.47%,False,False,False,False,False,11.54,91.93%
601328,交通银行,2021-06-30,420.19亿,15.10%,417.46亿,15.63%,1338.95亿,5.61%,0.5400,10.08,1.50,2.93,-1.52,32.02%,5.47%,4.55%,False,False,False,False,False,11.34,91.80%
601328,交通银行,2021-09-30,643.60亿,22.10%,640.73亿,22.55%,1999.70亿,7.86%,0.8000,10.36,1.50,3.18,-1.83,32.75%,8.04%,6.82%,False,False,False,False,False,11.14,91.66%
601328,交通银行,2021-12-31,875.81亿,11.89%,869.91亿,12.40%,2693.90亿,9.42%,1.1000,10.64,1.50,3.48,-0.47,33.02%,10.76%,9.08%,False,False,False,False,False,11.08,91.62%
601328,交通银行,2022-03-31,233.20亿,6.26%,232.48亿,6.04%,635.78亿,7.70%,0.3100,10.90,1.50,3.78,1.37,31.71%,2.92%,2.37%,False,False,False,False,False,11.51,91.91%
601328,交通银行,2022-06-30,440.52亿,4.84%,439.09亿,5.18%,1309.12亿,7.09%,0.5500,10.80,1.50,3.38,1.20,30.78%,5.23%,4.51%,False,False,False,False,False,11.87,92.14%
601328,交通银行,2022-09-30,678.90亿,5.48%,674.39亿,5.25%,1956.35亿,5.05%,0.8300,11.11,1.50,3.66,1.20,32.38%,7.76%,6.79%,False,False,False,False,False,11.68,92.02%
601328,交通银行,2022-12-31,921.02亿,5.16%,910.68亿,4.69%,2567.96亿,1.33%,1.1400,11.43,1.50,3.95,4.96,33.71%,10.35%,9.00%,False,False,False,False,False,11.68,92.03%
601328,交通银行,2023-03-31,246.33亿,5.63%,244.45亿,5.15%,670.79亿,5.51%,0.3300,11.73,1.50,4.27,1.79,37.20%,2.87%,2.36%,False,False,False,False,False,12.04,92.25%
601328,交通银行,2023-06-30,460.39亿,4.51%,456.68亿,4.01%,1371.55亿,4.77%,0.5700,11.69,1.50,3.85,-0.07,33.95%,5.08%,4.41%,False,False,False,False,False,12.23,92.36%
601328,交通银行,2023-09-30,691.66亿,1.88%,686.70亿,1.83%,1988.89亿,1.66%,0.8400,11.94,1.50,4.12,0.11,35.03%,7.37%,6.52%,False,False,False,False,False,12.02,92.24%
601328,交通银行,2023-12-31,927.28亿,0.68%,918.26亿,0.83%,2575.95亿,0.31%,1.1500,12.30,1.50,4.40,1.85,36.20%,9.68%,8.52%,False,False,False,False,False,11.91,92.18%
601328,交通银行,2024-03-31,249.88亿,1.44%,248.74亿,1.75%,670.59亿,-0.03%,0.3400,12.65,1.50,4.74,-1.69,37.66%,2.70%,2.24%,False,False,False,False,False,11.76,92.09%
601328,交通银行,2024-06-30,452.87亿,-1.63%,451.12亿,-1.22%,1323.47亿,-3.51%,0.5600,12.56,1.50,4.30,-3.00,34.62%,4.65%,4.09%,False,False,False,False,False,11.79,92.11%
601328,交通银行,2024-09-30,686.90亿,-0.69%,681.59亿,-0.74%,1961.23亿,-1.39%,0.8400,12.83,1.50,4.57,-1.56,35.39%,6.80%,6.09%,False,False,False,False,False,11.93,92.19%
601328,交通银行,2024-12-31,935.86亿,0.93%,927.26亿,0.98%,2598.26亿,0.87%,1.1600,13.06,1.50,4.69,-0.77,36.27%,9.08%,8.18%,False,False,False,False,False,12.01,92.24%
601328,交通银行,2025-03-31,253.72亿,1.54%,252.85亿,1.65%,663.74亿,-1.02%,0.3400,13.35,1.50,5.03,1.50,38.60%,2.59%,2.18%,False,False,False,False,False,12.10,92.30%
601328,交通银行,2025-06-30,460.16亿,1.61%,459.02亿,1.75%,1333.68亿,0.77%,0.5900,12.67,2.46,4.03,0.61,34.83%,4.58%,3.56%,False,False,False,False,False,10.92,91.55%
601328,交通银行,2025-09-30,699.94亿,1.90%,695.72亿,2.07%,1996.45亿,1.80%,0.8000,12.85,2.46,4.25,1.49,35.52%,6.36%,5.47%,False,False,False,False,False,11.10,91.67%
601328,交通银行,2025-12-31,956.22亿,2.18%,952.82亿,2.76%,2650.71亿,2.02%,1.0800,12.93,2.44,4.36,1.50,36.41%,8.38%,7.53%,False,False,False,False,False,11.24,91.77%
601328,交通银行,2026-03-31,261.62亿,3.11%,260.98亿,3.22%,696.18亿,4.89%,0.3000,13.18,2.44,4.66,1.35,37.90%,2.27%,2.03%,False,False,False,False,False,11.60,92.00%
601398,工商银行,2003-12-31,223.74亿,False,222.35亿,False,1918.83亿,False,False,-3.34,0.04,-4.47,1.00,11.66%,False,False,,,,,,False,111.74%
601398,工商银行,2004-12-31,307.63亿,37.49%,False,False,1393.42亿,-27.38%,False,-3.16,0.02,-4.28,0.75,22.33%,False,False,,,,,,False,109.95%
601398,工商银行,2005-06-30,251.12亿,False,False,False,764.90亿,False,False,False,False,False,False,33.21%,False,False,,,,,,False,False
601398,工商银行,2005-12-31,374.05亿,21.59%,385.91亿,False,1623.78亿,16.53%,False,1.04,0.0082,0.02,1.48,23.32%,False,14.56%,,,,,,24.11,95.96%
601398,工商银行,2006-06-30,251.93亿,0.32%,250.02亿,False,855.84亿,10.69%,0.1000,1.14,0.04,0.07,1.15,29.98%,9.04%,7.71%,,,,,,20.62,95.32%
601398,工商银行,2006-09-30,379.70亿,False,False,False,1316.93亿,False,0.1400,False,False,False,False,29.14%,False,False,,,,,,False,False
601398,工商银行,2006-12-31,488.19亿,30.51%,482.39亿,25.00%,1807.05亿,10.17%,0.1700,1.40,0.33,0.02,1.19,27.58%,15.16%,10.43%,,,,,,15.07,93.72%
601398,工商银行,2007-03-31,187.06亿,False,185.74亿,False,549.98亿,False,0.0600,1.45,0.33,0.07,0.32,34.65%,False,3.85%,,,,,,15.23,93.78%
601398,工商银行,2007-06-30,408.44亿,62.12%,400.86亿,60.33%,1170.62亿,36.11%,0.1200,1.49,0.32,0.12,0.94,35.37%,8.41%,8.19%,,,,,,15.64,93.94%
601398,工商银行,2007-09-30,633.07亿,66.73%,627.65亿,False,1832.95亿,38.48%,0.1900,1.56,0.32,0.19,1.31,35.03%,12.79%,12.15%,,,,,,15.49,93.88%
601398,工商银行,2007-12-31,812.56亿,66.44%,800.82亿,66.01%,2555.56亿,40.65%,0.2400,1.61,0.32,0.14,0.89,32.26%,16.15%,15.08%,,,,,,15.10,93.73%
601398,工商银行,2008-03-31,331.13亿,77.02%,328.31亿,76.76%,759.37亿,37.53%,0.1000,1.70,0.30,0.24,0.33,44.00%,5.99%,5.84%,,,,,,15.13,93.75%
601398,工商银行,2008-06-30,645.31亿,57.99%,639.06亿,59.42%,1550.07亿,32.41%,0.1900,1.65,0.30,0.20,0.59,41.86%,11.39%,11.73%,,,,,,16.08,94.10%
601398,工商银行,2008-09-30,927.30亿,46.48%,919.24亿,46.46%,2317.17亿,26.42%,0.2800,1.74,0.31,0.28,0.24,40.17%,16.34%,15.94%,,,,,,15.13,93.76%
601398,工商银行,2008-12-31,1107.66亿,36.32%,1104.05亿,37.86%,3097.58亿,21.21%,0.3300,1.81,0.34,0.22,1.11,35.88%,19.39%,18.36%,,,,,,15.17,93.78%
601398,工商银行,2009-03-31,351.53亿,6.16%,350.46亿,6.75%,728.87亿,-4.02%,0.1100,1.91,0.33,0.32,-0.40,48.42%,5.67%,5.52%,,,,,,16.24,94.17%
601398,工商银行,2009-06-30,663.13亿,2.76%,658.56亿,3.05%,1483.52亿,-4.29%,0.2000,1.85,0.33,0.25,-0.20,44.90%,10.40%,10.76%,,,,,,17.54,94.57%
601398,工商银行,2009-09-30,999.08亿,7.74%,993.24亿,8.05%,2266.34亿,-2.19%,0.3000,1.93,0.31,0.35,1.02,44.32%,15.76%,15.46%,,,,,,17.05,94.42%
601398,工商银行,2009-12-31,1285.99亿,16.10%,1276.83亿,15.65%,3094.54亿,-0.10%,0.3800,2.02,0.31,0.35,1.21,41.80%,20.14%,19.08%,,,,,,16.48,94.24%
601398,工商银行,2010-03-31,415.47亿,18.19%,414.33亿,18.22%,873.38亿,19.83%,0.1200,2.15,0.32,0.48,0.85,47.77%,5.97%,5.78%,,,,,,16.45,94.23%
601398,工商银行,2010-06-30,846.03亿,27.58%,843.44亿,28.07%,1817.08亿,22.48%,0.2500,2.11,0.32,0.44,1.45,46.76%,11.95%,12.01%,,,,,,17.39,94.52%
601398,工商银行,2010-09-30,1272.16亿,27.33%,1267.79亿,27.64%,2786.90亿,22.97%,0.3700,2.26,0.33,0.56,1.88,45.86%,17.77%,16.88%,,,,,,16.79,94.34%
601398,工商银行,2010-12-31,1651.56亿,28.43%,1643.69亿,28.73%,3808.21亿,23.06%,0.4800,2.35,0.35,0.58,0.80,43.60%,22.79%,20.13%,,,,,,15.40,93.89%
601398,工商银行,2011-03-31,537.87亿,29.46%,534.76亿,29.07%,1138.17亿,30.32%,0.1500,2.50,0.35,0.73,0.95,47.30%,6.36%,6.18%,,,,,,15.52,93.94%
601398,工商银行,2011-06-30,1094.81亿,29.41%,1088.26亿,29.03%,2326.88亿,28.06%,0.3100,2.46,0.34,0.71,0.68,47.09%,12.56%,12.75%,,,,,,16.35,94.23%
601398,工商银行,2011-09-30,1638.40亿,28.79%,1630.18亿,28.58%,3517.29亿,26.21%,0.4700,2.58,0.33,0.86,0.49,46.62%,18.80%,18.19%,,,,,,15.79,94.04%
601398,工商银行,2011-12-31,2082.65亿,26.10%,2072.08亿,26.06%,4752.14亿,24.79%,0.6000,2.74,0.36,0.90,1.00,43.86%,23.44%,21.77%,,,,,,15.18,93.81%
601398,工商银行,2012-03-31,613.35亿,14.03%,611.67亿,14.38%,1310.17亿,15.11%,0.1800,2.93,0.37,1.07,1.14,46.84%,6.20%,6.00%,,,,,,15.08,93.77%
601398,工商银行,2012-06-30,1231.60亿,12.49%,1227.20亿,12.77%,2654.86亿,14.10%,0.3500,2.91,0.38,1.05,2.35,46.42%,12.16%,12.12%,,,,,,15.80,94.04%
601398,工商银行,2012-09-30,1856.02亿,13.28%,1850.13亿,13.49%,4014.73亿,14.14%,0.5300,3.07,0.37,1.22,2.53,46.26%,18.18%,17.29%,,,,,,15.18,93.81%
601398,工商银行,2012-12-31,2385.32亿,14.53%,2375.82亿,14.66%,5369.45亿,12.99%,0.6800,3.22,0.37,1.07,1.53,44.45%,23.02%,21.20%,,,,,,14.59,93.57%
601398,工商银行,2013-03-31,687.43亿,12.08%,686.67亿,12.26%,1477.60亿,12.78%,0.2000,3.42,0.38,1.26,0.92,46.57%,5.97%,5.76%,,,,,,14.37,93.48%
601398,工商银行,2013-06-30,1383.47亿,12.33%,1380.03亿,12.45%,2986.07亿,12.48%,0.4000,3.35,0.37,1.22,0.41,46.37%,11.63%,11.81%,,,,,,14.98,93.72%
601398,工商银行,2013-09-30,2055.33亿,10.74%,2050.78亿,10.85%,4419.17亿,10.07%,0.5900,3.51,0.35,1.41,0.20,46.56%,17.25%,16.69%,,,,,,14.21,93.41%
601398,工商银行,2013-12-31,2626.49亿,10.11%,2615.37亿,10.08%,5896.37亿,9.81%,0.7500,3.63,0.31,1.46,-0.0055,44.60%,21.92%,20.61%,,,,,,13.84,93.24%
601398,工商银行,2014-03-31,733.02亿,6.63%,730.83亿,6.43%,1626.33亿,10.07%,0.2100,3.87,0.33,1.66,0.71,45.17%,5.57%,5.40%,,,,,,13.52,93.09%
601398,工商银行,2014-06-30,1481.00亿,7.05%,1476.76亿,7.01%,3284.25亿,9.99%,0.4200,3.86,0.37,1.61,1.19,45.18%,10.89%,10.93%,,,,,,13.98,93.30%
601398,工商银行,2014-09-30,2204.64亿,7.26%,2199.56亿,7.25%,4885.89亿,10.56%,0.6300,4.06,0.38,1.82,0.22,45.20%,16.14%,15.44%,,,,,,13.11,92.89%
601398,工商银行,2014-12-31,2758.11亿,5.01%,2743.75亿,4.91%,6588.92亿,11.75%,0.7800,4.33,0.41,1.84,0.57,41.93%,19.96%,18.02%,,,,,,12.46,92.54%
601398,工商银行,2015-03-31,743.24亿,1.39%,738.58亿,1.06%,1811.64亿,11.39%,0.2100,4.42,0.43,2.03,1.45,41.10%,4.84%,4.61%,,,,,,12.27,92.42%
601398,工商银行,2015-06-30,1490.21亿,0.62%,1481.76亿,0.34%,3562.42亿,8.47%,0.4200,4.40,0.43,1.98,3.04,41.95%,9.43%,9.30%,,,,,,12.98,92.80%
601398,工商银行,2015-09-30,2217.61亿,0.59%,2206.92亿,0.33%,5246.28亿,7.38%,0.6200,4.62,0.43,2.19,2.11,42.37%,13.95%,13.20%,,,,,,12.15,92.35%
601398,工商银行,2015-12-31,2771.31亿,0.48%,2744.67亿,0.03%,6976.47亿,5.88%,0.7700,4.80,0.43,2.19,3.18,39.81%,17.10%,15.49%,,,,,,11.41,91.89%
601398,工商银行,2016-03-31,747.64亿,0.59%,744.66亿,0.82%,1938.89亿,7.02%,0.2100,5.00,0.43,2.40,0.56,38.63%,4.28%,4.01%,,,,,,11.28,91.81%
601398,工商银行,2016-06-30,1502.17亿,0.80%,1494.95亿,0.89%,3576.70亿,0.40%,0.4200,4.99,0.43,2.38,0.84,42.12%,8.42%,8.09%,,,,,,11.66,92.06%
601398,工商银行,2016-09-30,2227.92亿,0.46%,2218.02亿,0.50%,5177.74亿,-1.31%,0.6300,5.21,0.43,2.58,0.80,43.16%,12.40%,11.47%,,,,,,11.17,91.74%
601398,工商银行,2016-12-31,2782.49亿,0.40%,2759.88亿,0.55%,6758.91亿,-3.12%,0.7700,5.29,0.43,2.64,0.67,41.29%,15.24%,14.13%,,,,,,11.25,91.79%
601398,工商银行,2017-03-31,757.86亿,1.37%,754.97亿,1.38%,1895.25亿,-2.25%,0.2100,5.46,0.43,2.85,0.31,40.11%,3.95%,3.73%,,,,,,11.25,91.79%
601398,工商银行,2017-06-30,1529.95亿,1.85%,1521.53亿,1.78%,3621.51亿,1.25%,0.4300,5.42,0.43,2.83,0.97,42.44%,7.85%,7.58%,,,,,,11.64,92.04%
601398,工商银行,2017-09-30,2279.99亿,2.34%,2265.38亿,2.14%,5357.73亿,3.48%,0.6400,5.62,0.43,3.04,2.01,42.76%,11.65%,10.91%,,,,,,11.33,91.84%
601398,工商银行,2017-12-31,2860.49亿,2.80%,2839.63亿,2.89%,7265.02亿,7.49%,0.7900,5.73,0.43,3.08,2.16,39.57%,14.35%,13.45%,,,,,,11.26,91.79%
601398,工商银行,2018-03-31,788.02亿,3.98%,777.95亿,3.04%,1971.98亿,4.05%,0.2200,5.85,0.43,3.15,0.17,40.10%,3.85%,3.63%,,,,,,11.19,91.75%
601398,工商银行,2018-06-30,1604.42亿,4.87%,1589.23亿,4.45%,3874.51亿,6.99%,0.4500,5.87,0.43,3.13,0.52,41.47%,7.67%,7.36%,,,,,,11.53,91.97%
601398,工商银行,2018-09-30,2396.27亿,5.10%,2380.24亿,5.07%,5770.55亿,7.71%,0.6700,6.12,0.43,3.35,2.48,41.61%,11.36%,10.57%,,,,,,11.43,91.91%
601398,工商银行,2018-12-31,2976.76亿,4.06%,2955.39亿,4.08%,7737.89亿,6.51%,0.8200,6.30,0.43,3.39,2.03,38.61%,13.79%,12.78%,,,,,,10.88,91.53%
601398,工商银行,2019-03-31,820.05亿,4.06%,815.35亿,4.81%,2355.01亿,19.42%,0.2300,6.53,0.43,3.61,2.93,35.11%,3.59%,3.40%,,,,,,11.11,91.69%
601398,工商银行,2019-06-30,1679.31亿,4.67%,1671.33亿,5.17%,4429.15亿,14.32%,0.4700,6.53,0.43,3.60,2.82,38.09%,7.21%,6.96%,,,,,,11.42,91.90%
601398,工商银行,2019-09-30,2517.12亿,5.04%,2505.08亿,5.24%,6469.42亿,12.11%,0.7100,6.79,0.43,3.84,3.86,39.06%,10.73%,9.48%,,,,,,10.45,91.22%
601398,工商银行,2019-12-31,3122.24亿,4.89%,3105.02亿,5.06%,8554.28亿,10.52%,0.8600,6.93,0.42,3.84,1.95,36.64%,13.05%,11.67%,,,,,,10.25,91.06%
601398,工商银行,2020-03-31,844.94亿,3.04%,841.09亿,3.16%,2269.79亿,-3.62%,0.2400,7.18,0.42,4.08,5.47,37.45%,3.36%,3.06%,,,,,,10.61,91.34%
601398,工商银行,2020-06-30,1487.90亿,-11.40%,1481.64亿,-11.35%,4484.56亿,1.25%,0.4200,7.08,0.42,3.99,5.26,33.40%,5.85%,5.45%,,,,,,11.12,91.70%
601398,工商银行,2020-09-30,2286.75亿,-9.15%,2276.69亿,-9.12%,6656.93亿,2.90%,0.6400,7.24,0.42,4.20,5.67,34.58%,8.74%,8.15%,,,,,,10.92,91.57%
601398,工商银行,2020-12-31,3159.06亿,1.18%,3140.97亿,1.16%,8826.65亿,3.18%,0.8600,7.48,0.42,4.24,4.37,35.99%,11.95%,10.92%,,,,,,10.52,91.27%
601398,工商银行,2021-03-31,857.30亿,1.46%,852.52亿,1.36%,2341.91亿,3.18%,0.2400,7.72,0.42,4.48,1.72,36.85%,3.16%,2.88%,,,,,,10.54,91.29%
601398,工商银行,2021-06-30,1634.73亿,9.87%,1626.38亿,9.77%,4677.93亿,4.31%,0.4600,7.67,0.42,4.43,1.06,35.17%,5.95%,5.40%,,,,,,10.59,91.33%
601398,工商银行,2021-09-30,2518.21亿,10.12%,2503.89亿,9.98%,7120.93亿,6.97%,0.6900,7.90,0.42,4.66,2.71,35.58%,8.86%,8.00%,,,,,,10.25,91.06%
601398,工商银行,2021-12-31,3483.38亿,10.27%,3458.99亿,10.12%,9427.62亿,6.81%,0.9500,8.15,0.42,4.55,1.01,37.15%,12.15%,10.69%,,,,,,9.79,90.69%
601398,工商银行,2022-03-31,901.45亿,5.15%,893.77亿,4.84%,2301.06亿,6.52%,0.2500,8.37,0.42,4.80,3.39,36.53%,3.06%,2.72%,,,,,,10.17,91.00%
601398,工商银行,2022-06-30,1716.70亿,5.01%,1695.84亿,4.27%,4582.59亿,4.16%,0.4700,8.30,0.42,4.71,3.96,35.42%,5.63%,5.17%,,,,,,10.68,91.40%
601398,工商银行,2022-09-30,2665.66亿,5.86%,2637.65亿,5.34%,6752.21亿,-0.10%,0.7200,8.57,0.42,4.95,5.17,37.46%,8.47%,7.80%,,,,,,10.59,91.33%
601398,工商银行,2022-12-31,3611.32亿,3.67%,3579.09亿,3.47%,8757.34亿,-2.63%,0.9700,8.81,0.42,4.96,3.94,39.33%,11.43%,10.31%,,,,,,10.33,91.13%
601398,工商银行,2023-03-31,901.64亿,0.02%,892.66亿,-0.12%,2275.96亿,-1.09%,0.2500,9.05,0.42,5.22,3.10,39.88%,2.81%,2.52%,,,,,,10.73,91.43%
601398,工商银行,2023-06-30,1737.44亿,1.21%,1723.36亿,1.62%,4474.94亿,-2.35%,0.4800,9.04,0.42,5.14,3.64,39.04%,5.26%,4.86%,,,,,,11.21,91.76%
601398,工商银行,2023-09-30,2686.73亿,0.79%,2668.73亿,1.18%,6512.68亿,-3.55%,0.7200,9.26,0.42,5.39,5.36,41.45%,7.92%,7.35%,,,,,,11.16,91.74%
601398,工商银行,2023-12-31,3639.93亿,0.79%,3614.11亿,0.98%,8430.70亿,-3.73%,0.9800,9.55,0.42,5.36,3.98,43.31%,10.66%,9.69%,,,,,,10.89,91.55%
601398,工商银行,2024-03-31,876.53亿,-2.78%,870.84亿,-2.44%,2198.43亿,-3.41%,0.2400,9.83,0.42,5.61,3.84,40.06%,2.52%,2.27%,,,,,,11.33,91.86%
601398,工商银行,2024-06-30,1704.67亿,-1.89%,1692.15亿,-1.81%,4204.99亿,-6.03%,0.4700,9.79,0.42,5.52,0.08,40.74%,4.77%,4.44%,,,,,,11.25,91.80%
601398,工商银行,2024-09-30,2690.25亿,0.13%,2676.17亿,0.28%,6264.22亿,-3.82%,0.7200,10.04,0.42,5.78,3.02,43.18%,7.33%,6.90%,,,,,,11.39,91.89%
601398,工商银行,2024-12-31,3658.63亿,0.51%,3642.77亿,0.79%,8218.03亿,-2.52%,0.9800,10.23,0.42,5.65,1.63,44.65%,9.88%,9.22%,,,,,,11.29,91.83%
601398,工商银行,2025-03-31,841.56亿,-3.99%,838.68亿,-3.69%,2127.74亿,-3.22%,0.2300,10.41,0.42,5.88,2.64,39.81%,2.27%,2.09%,,,,,,11.77,92.12%
601398,工商银行,2025-06-30,1681.03亿,-1.39%,1677.16亿,-0.89%,4270.92亿,1.57%,0.4600,10.52,0.41,5.95,2.21,39.52%,4.41%,4.09%,,,,,,11.71,92.09%
601398,工商银行,2025-09-30,2699.08亿,0.33%,2694.04亿,0.67%,6400.28亿,2.17%,0.7300,10.73,0.41,6.22,4.35,42.48%,6.98%,6.48%,,,,,,11.66,92.06%
601398,工商银行,2025-12-31,3685.62亿,0.74%,3681.26亿,1.06%,8382.70亿,2.00%,1.0000,10.83,0.40,6.12,5.30,44.23%,9.45%,8.68%,,,,,,11.59,92.01%
601398,工商银行,2026-03-31,869.41亿,3.31%,867.95亿,3.49%,2303.70亿,8.27%,0.2400,11.06,0.40,6.36,3.97,38.21%,2.21%,2.01%,,,,,,11.88,92.19%
601528,瑞丰银行,2003-12-31,1257.49万,False,False,False,6.33亿,False,False,False,0.02,-0.13,False,1.99%,False,False,0.02,0.02,0.98,0.98,0.01,38.72,97.48%
601528,瑞丰银行,2004-12-31,5416.21万,330.72%,False,False,8.05亿,27.19%,False,False,0.26,0.11,False,6.73%,False,False,0.0079,0.0079,1.06,1.06,0.01,23.20,95.87%
601528,瑞丰银行,2005-12-31,5802.55万,7.13%,False,False,8.31亿,3.18%,False,False,0.51,0.28,False,6.99%,False,False,0.14,0.14,1.14,1.14,0.01,18.66,94.91%
601528,瑞丰银行,2006-12-31,6179.55万,6.50%,False,False,10.14亿,22.15%,False,False,0.51,0.16,False,6.09%,False,False,0.11,0.11,1.16,1.16,0.01,14.21,93.43%
601528,瑞丰银行,2010-12-31,7.17亿,False,False,False,14.46亿,False,False,False,0.51,1.46,False,49.56%,False,False,False,False,False,False,False,10.87,91.58%
601528,瑞丰银行,2011-12-31,7.97亿,11.15%,False,False,17.10亿,18.19%,False,False,0.39,0.98,False,46.61%,False,False,False,False,False,False,False,10.84,91.55%
601528,瑞丰银行,2012-12-31,9.56亿,20.03%,False,False,20.45亿,19.62%,False,False,0.33,1.09,False,46.77%,False,False,False,False,False,False,False,9.79,90.73%
601528,瑞丰银行,2013-06-30,4.66亿,False,False,False,9.32亿,False,False,False,False,False,False,50.03%,False,False,False,False,False,False,False,False,False
601528,瑞丰银行,2013-12-31,7.99亿,-16.48%,7.71亿,False,20.77亿,1.59%,0.7335,5.37,0.28,1.05,2.45,39.73%,14.46%,13.67%,False,False,False,False,False,10.09,90.74%
601528,瑞丰银行,2014-06-30,4.78亿,2.44%,False,False,10.68亿,14.61%,False,False,0.27,0.51,False,44.72%,False,False,False,False,False,False,False,9.30,90.30%
601528,瑞丰银行,2014-09-30,7.02亿,False,False,False,16.11亿,False,False,False,False,False,False,43.58%,False,False,False,False,False,False,False,False,False
601528,瑞丰银行,2014-12-31,7.48亿,-6.31%,7.39亿,-4.23%,23.43亿,12.77%,0.5500,5.53,0.25,1.14,5.24,32.79%,12.03%,11.29%,False,False,False,False,False,10.26,90.90%
601528,瑞丰银行,2015-09-30,6.80亿,-3.09%,False,False,16.46亿,2.17%,False,False,0.24,0.85,False,41.34%,False,False,False,False,False,False,False,10.88,91.58%
601528,瑞丰银行,2015-12-31,7.34亿,-1.91%,7.42亿,0.44%,23.36亿,-0.28%,0.5400,5.62,0.24,1.19,8.46,32.07%,10.59%,10.10%,False,False,False,False,False,11.09,91.53%
601528,瑞丰银行,2016-06-30,3.71亿,False,3.71亿,False,12.35亿,False,0.2700,5.48,0.22,1.27,3.30,30.30%,5.02%,4.99%,False,False,False,False,False,12.96,92.67%
601528,瑞丰银行,2016-09-30,5.85亿,-14.01%,False,False,17.62亿,7.09%,False,False,0.22,0.58,False,33.19%,False,False,False,False,False,False,False,12.97,92.84%
601528,瑞丰银行,2016-12-31,7.90亿,7.64%,7.32亿,-1.38%,25.69亿,6.36%,0.5800,5.70,0.22,1.36,4.79,32.13%,10.57%,10.20%,False,False,False,False,False,13.12,92.75%
601528,瑞丰银行,2017-06-30,3.72亿,0.09%,3.72亿,0.27%,10.56亿,-14.48%,0.2700,5.87,0.22,1.53,-2.03,35.46%,4.70%,4.66%,False,False,False,False,False,12.30,92.32%
601528,瑞丰银行,2017-12-31,8.03亿,1.57%,False,False,22.18亿,-13.67%,0.5900,False,0.22,1.60,False,36.76%,False,False,False,False,False,False,False,11.77,92.00%
601528,瑞丰银行,2018-06-30,4.59亿,23.60%,False,False,12.70亿,20.23%,0.3400,False,0.22,1.82,False,36.72%,False,False,False,False,False,False,False,10.57,91.18%
601528,瑞丰银行,2018-09-30,False,False,False,False,19.21亿,False,False,False,False,False,False,39.04%,False,False,False,False,False,False,False,False,90.78%
601528,瑞丰银行,2018-12-31,9.64亿,20.09%,8.93亿,False,26.41亿,19.06%,0.7100,6.92,0.22,1.91,-3.10,37.03%,10.89%,10.25%,False,False,False,False,False,10.14,90.85%
601528,瑞丰银行,2019-09-30,False,False,False,False,False,False,False,False,False,False,False,47.88%,False,False,False,False,False,False,False,False,90.64%
601528,瑞丰银行,2019-12-31,10.38亿,7.71%,10.34亿,15.82%,28.60亿,8.32%,0.7600,7.53,0.22,2.23,3.97,36.86%,10.62%,10.15%,False,False,False,False,False,9.72,90.49%
601528,瑞丰银行,2020-03-31,2.34亿,False,2.36亿,False,7.80亿,False,0.1700,False,False,False,False,30.23%,2.25%,False,False,False,False,False,False,False,False
601528,瑞丰银行,2020-06-30,4.61亿,False,4.57亿,False,15.04亿,False,0.3400,False,False,False,False,30.83%,4.44%,False,False,False,False,False,False,False,False
601528,瑞丰银行,2020-09-30,7.84亿,False,False,False,22.67亿,False,0.5800,False,False,False,1.17,34.93%,False,False,False,False,False,False,False,False,91.26%
601528,瑞丰银行,2020-12-31,11.05亿,6.40%,11.02亿,6.57%,30.09亿,5.19%,0.8100,8.12,0.22,2.60,9.17,37.21%,10.43%,10.02%,False,False,False,False,False,10.72,91.31%
601528,瑞丰银行,2021-03-31,2.51亿,7.19%,2.48亿,5.10%,7.51亿,-3.75%,0.1800,8.32,0.22,2.79,-3.59,33.88%,2.22%,2.22%,False,False,False,False,False,10.74,91.33%
601528,瑞丰银行,2021-06-30,5.19亿,12.75%,5.13亿,12.16%,15.42亿,2.53%,0.3800,8.47,0.88,2.68,-4.46,34.23%,4.59%,4.06%,False,False,False,False,False,9.64,90.45%
601528,瑞丰银行,2021-09-30,8.87亿,13.19%,8.69亿,False,24.45亿,7.86%,0.6300,8.74,0.88,2.93,-3.34,36.62%,7.45%,6.73%,False,False,False,False,False,9.42,90.26%
601528,瑞丰银行,2021-12-31,12.71亿,15.08%,12.50亿,13.42%,33.10亿,10.02%,0.8900,8.99,0.88,2.85,-0.12,39.12%,10.33%,9.36%,False,False,False,False,False,9.07,89.91%
601528,瑞丰银行,2022-03-31,2.99亿,18.80%,2.86亿,15.37%,8.46亿,12.63%,0.2000,9.20,0.88,3.05,1.06,35.72%,2.17%,2.15%,False,False,False,False,False,9.30,90.14%
601528,瑞丰银行,2022-06-30,6.25亿,20.42%,5.89亿,14.83%,17.49亿,13.43%,0.3200,9.31,0.88,3.15,1.90,36.25%,4.51%,4.45%,False,False,False,False,False,9.80,90.59%
601528,瑞丰银行,2022-09-30,10.77亿,21.31%,10.32亿,18.68%,27.05亿,10.65%,0.5500,9.64,0.88,3.45,1.97,40.37%,7.68%,7.40%,False,False,False,False,False,9.87,90.66%
601528,瑞丰银行,2022-12-31,15.28亿,20.20%,13.69亿,9.57%,35.25亿,6.49%,0.7800,9.88,0.88,3.35,2.09,44.01%,10.80%,10.24%,False,False,False,False,False,9.68,90.49%
601528,瑞丰银行,2023-03-31,3.47亿,16.16%,3.38亿,18.29%,9.14亿,8.10%,0.1800,10.14,0.88,3.58,8.70,38.34%,2.30%,2.27%,False,False,False,False,False,10.85,91.43%
601528,瑞丰银行,2023-06-30,7.30亿,16.80%,6.74亿,14.47%,18.92亿,8.19%,0.3700,7.93,0.68,2.60,10.17,39.09%,4.77%,4.69%,False,False,False,False,False,11.18,91.66%
601528,瑞丰银行,2023-09-30,12.58亿,16.88%,11.46亿,11.02%,28.97亿,7.09%,0.6400,8.18,0.68,2.87,8.92,43.95%,8.11%,7.84%,False,False,False,False,False,10.97,91.52%
601528,瑞丰银行,2023-12-31,17.27亿,13.04%,14.76亿,7.77%,38.04亿,7.90%,0.8800,8.47,0.69,2.75,13.42,45.97%,10.97%,10.39%,False,False,False,False,False,10.83,91.43%
601528,瑞丰银行,2024-03-31,3.98亿,14.69%,3.94亿,16.57%,10.55亿,15.32%,0.2000,8.74,0.69,2.96,-2.09,38.06%,2.36%,2.32%,False,False,False,False,False,11.03,91.58%
601528,瑞丰银行,2024-06-30,8.43亿,15.37%,7.69亿,14.00%,21.74亿,14.86%,0.4300,8.87,0.69,3.00,0.68,39.32%,4.92%,4.84%,False,False,False,False,False,11.08,91.61%
601528,瑞丰银行,2024-09-30,14.42亿,14.57%,12.84亿,12.10%,33.22亿,14.67%,0.7300,9.11,0.69,3.31,-1.76,43.98%,8.35%,8.06%,False,False,False,False,False,10.80,91.42%
601528,瑞丰银行,2024-12-31,19.22亿,11.27%,17.04亿,15.48%,43.85亿,15.29%,0.9800,9.67,0.69,3.15,-0.31,44.33%,10.83%,10.13%,False,False,False,False,False,10.61,91.28%
601528,瑞丰银行,2025-03-31,4.24亿,6.69%,4.28亿,8.76%,11.09亿,5.12%,0.2200,9.61,0.69,3.36,2.60,38.70%,2.24%,2.25%,False,False,False,False,False,11.15,91.66%
601528,瑞丰银行,2025-06-30,8.90亿,5.59%,8.56亿,11.38%,22.59亿,3.91%,0.4500,9.76,0.69,3.40,2.85,39.83%,4.65%,4.65%,False,False,False,False,False,11.00,91.56%
601528,瑞丰银行,2025-09-30,15.26亿,5.85%,14.49亿,12.87%,33.56亿,1.03%,0.7800,9.84,0.69,3.72,1.58,45.92%,7.98%,7.90%,False,False,False,False,False,10.91,91.50%
601528,瑞丰银行,2025-12-31,19.66亿,2.30%,18.77亿,10.18%,44.08亿,0.53%,1.0000,10.03,0.69,3.55,2.32,45.08%,10.20%,9.98%,False,False,False,False,False,11.25,91.73%
601528,瑞丰银行,2026-03-31,4.22亿,-0.50%,4.20亿,-1.92%,10.68亿,-3.68%,0.2200,10.29,0.69,3.76,2.84,40.13%,2.12%,2.09%,False,False,False,False,False,11.53,91.91%
601577,长沙银行,2004-12-31,1.48亿,False,False,False,8.38亿,False,False,False,0.09,0.47,False,17.61%,False,False,28.49,28.49,0.56,0.56,0.09,39.76,97.55%
601577,长沙银行,2005-12-31,1.82亿,23.34%,False,False,8.59亿,2.56%,False,False,0.27,0.53,False,21.18%,False,False,32.37,32.37,0.65,0.64,0.06,30.16,96.79%
601577,长沙银行,2006-12-31,1.81亿,-0.54%,False,False,10.92亿,27.06%,False,False,0.24,0.39,False,16.58%,False,False,62.02,62.02,0.61,0.61,0.12,27.67,96.51%
601577,长沙银行,2008-12-31,5.86亿,False,False,False,18.96亿,False,False,False,0.04,0.79,False,30.92%,False,False,68.03,68.03,0.71,0.71,0.11,28.06,96.56%
601577,长沙银行,2009-12-31,7.79亿,32.99%,False,False,17.31亿,-8.67%,0.6600,False,0.04,0.55,False,45.06%,False,False,False,False,False,False,False,25.85,96.24%
601577,长沙银行,2010-12-31,8.66亿,11.16%,False,False,22.70亿,31.12%,0.6153,False,0.48,0.53,False,38.29%,False,False,False,False,False,False,False,17.79,94.51%
601577,长沙银行,2011-06-30,7.72亿,False,False,False,14.60亿,False,False,False,0.46,0.96,False,52.88%,False,False,False,False,False,False,False,17.17,94.50%
601577,长沙银行,2011-12-31,14.07亿,62.42%,False,False,32.77亿,44.38%,0.7048,False,0.50,0.96,False,43.33%,False,False,False,False,False,False,False,20.77,95.28%
601577,长沙银行,2012-12-31,19.13亿,35.96%,False,False,42.08亿,28.40%,0.9082,False,0.46,1.32,False,46.23%,False,False,False,False,False,False,False,21.11,95.37%
601577,长沙银行,2013-12-31,21.75亿,13.70%,21.71亿,False,51.47亿,22.30%,0.9600,4.05,0.41,1.73,6.75,42.73%,26.07%,23.18%,False,False,False,False,False,20.04,95.15%
601577,长沙银行,2014-06-30,14.45亿,False,False,False,30.83亿,False,False,False,0.37,2.51,False,47.40%,False,False,False,False,False,False,False,17.36,94.45%
601577,长沙银行,2014-12-31,23.92亿,9.98%,24.15亿,11.20%,64.27亿,24.87%,1.0600,4.99,0.81,1.82,-4.44,37.23%,22.81%,18.32%,False,False,False,False,False,15.58,93.88%
601577,长沙银行,2015-12-31,27.32亿,14.21%,27.64亿,14.47%,83.37亿,29.72%,0.9800,5.71,1.16,1.88,10.86,33.20%,18.73%,15.53%,False,False,False,False,False,15.21,93.76%
601577,长沙银行,2016-06-30,22.59亿,False,False,False,49.77亿,False,False,False,1.21,2.57,False,46.28%,False,False,False,False,False,False,False,17.67,94.58%
601577,长沙银行,2016-09-30,26.07亿,False,26.20亿,False,76.39亿,False,0.8500,6.39,1.17,2.63,2.35,34.76%,13.97%,13.08%,False,False,False,False,False,17.67,94.58%
601577,长沙银行,2016-12-31,31.90亿,16.77%,32.04亿,15.91%,100.40亿,20.44%,1.0400,6.48,1.17,2.32,8.16,32.39%,17.00%,16.00%,False,False,False,False,False,18.21,94.69%
601577,长沙银行,2017-03-31,10.73亿,False,False,False,28.48亿,False,0.3500,False,1.08,2.67,False,38.49%,False,False,False,False,False,False,False,18.21,94.66%
601577,长沙银行,2017-06-30,21.64亿,-4.21%,21.64亿,False,59.08亿,22.97%,False,0.73,1.07,3.23,3.73,54.42%,False,144.74%,False,False,False,False,False,183.28,94.70%
601577,长沙银行,2017-09-30,33.85亿,29.81%,33.99亿,29.74%,89.40亿,17.03%,1.1000,7.42,1.17,3.27,3.71,38.66%,15.84%,14.82%,False,False,False,False,False,18.56,94.73%
601577,长沙银行,2017-12-31,39.31亿,23.22%,39.24亿,22.50%,121.28亿,20.79%,1.2800,7.56,1.17,3.04,9.17,32.86%,18.25%,16.88%,False,False,False,False,False,19.18,94.90%
601577,长沙银行,2018-03-31,12.33亿,14.90%,12.29亿,False,32.39亿,13.74%,0.4000,7.99,1.17,3.44,-8.07,38.94%,5.15%,5.01%,False,False,False,False,False,17.97,94.58%
601577,长沙银行,2018-06-30,23.85亿,10.21%,23.81亿,10.03%,64.54亿,9.24%,0.7700,False,False,False,-9.67,37.77%,9.70%,9.21%,False,False,False,False,False,17.81,94.54%
601577,长沙银行,2018-09-30,37.29亿,10.18%,37.13亿,9.23%,101.65亿,13.71%,1.2100,8.74,1.72,3.82,-10.95,37.32%,14.75%,12.46%,False,False,False,False,False,16.28,94.07%
601577,长沙银行,2018-12-31,44.79亿,13.94%,44.64亿,13.74%,139.41亿,14.95%,1.4200,9.06,1.72,3.76,-11.18,32.84%,16.91%,14.45%,False,False,False,False,False,15.97,93.97%
601577,长沙银行,2019-03-31,13.69亿,11.02%,13.76亿,11.90%,42.03亿,29.74%,0.4000,9.32,1.69,4.02,3.58,33.20%,4.37%,4.29%,False,False,False,False,False,16.89,94.23%
601577,长沙银行,2019-06-30,26.72亿,12.02%,26.74亿,12.32%,81.58亿,26.40%,0.7800,9.40,1.72,4.12,0.36,33.16%,8.43%,8.31%,False,False,False,False,False,16.94,94.25%
601577,长沙银行,2019-09-30,41.48亿,11.23%,41.45亿,11.64%,124.02亿,22.00%,1.2100,9.84,1.72,4.55,-4.16,34.16%,12.88%,12.32%,False,False,False,False,False,16.54,94.12%
601577,长沙银行,2019-12-31,50.80亿,13.43%,50.84亿,13.91%,170.17亿,22.07%,1.4800,10.12,1.72,4.47,-7.54,30.90%,15.61%,14.67%,False,False,False,False,False,13.79,93.05%
601577,长沙银行,2020-03-31,15.33亿,12.01%,15.36亿,11.64%,47.53亿,13.08%,0.4500,10.63,1.72,4.91,-3.54,32.92%,4.33%,3.62%,False,False,False,False,False,13.60,92.97%
601577,长沙银行,2020-06-30,28.72亿,7.51%,28.79亿,7.66%,88.28亿,8.22%,0.8400,10.63,1.72,4.98,4.26,33.54%,7.97%,7.89%,False,False,False,False,False,14.32,93.29%
601577,长沙银行,2020-09-30,42.48亿,2.42%,42.53亿,2.59%,131.11亿,5.72%,1.2400,10.97,1.72,5.39,7.38,33.79%,11.67%,9.76%,False,False,False,False,False,14.69,93.44%
601577,长沙银行,2020-12-31,53.38亿,5.08%,53.32亿,4.88%,180.22亿,5.91%,1.4700,11.21,1.72,5.46,6.11,30.85%,13.76%,13.09%,False,False,False,False,False,14.85,93.51%
601577,长沙银行,2021-03-31,16.11亿,5.07%,16.10亿,4.86%,48.10亿,1.20%,0.4700,11.39,2.78,5.05,-2.84,34.20%,4.12%,3.11%,False,False,False,False,False,13.17,92.76%
601577,长沙银行,2021-06-30,34.81亿,21.18%,31.82亿,10.54%,103.58亿,17.33%,0.9400,11.54,2.78,5.19,2.05,34.65%,8.09%,7.50%,False,False,False,False,False,13.46,92.90%
601577,长沙银行,2021-09-30,50.40亿,18.64%,47.24亿,11.08%,156.91亿,19.68%,1.3200,11.21,2.78,5.58,4.30,33.43%,11.35%,9.32%,False,False,False,False,False,13.52,92.93%
601577,长沙银行,2021-12-31,63.04亿,18.09%,60.10亿,12.71%,208.68亿,15.79%,1.5500,12.19,2.78,5.53,0.90,31.48%,13.26%,12.21%,False,False,False,False,False,13.44,92.89%
601577,长沙银行,2022-03-31,18.21亿,13.05%,18.21亿,13.07%,53.87亿,12.01%,0.4500,12.64,2.78,5.99,-1.31,35.00%,3.65%,3.21%,False,False,False,False,False,13.52,92.92%
601577,长沙银行,2022-06-30,35.82亿,2.91%,36.00亿,13.11%,112.59亿,8.71%,0.8900,12.73,2.78,6.08,-2.90,33.17%,7.05%,7.00%,False,False,False,False,False,14.01,93.15%
601577,长沙银行,2022-09-30,53.52亿,6.19%,53.47亿,13.20%,172.93亿,10.21%,1.3300,13.24,2.78,6.52,-5.53,32.34%,10.42%,9.04%,False,False,False,False,False,13.81,93.05%
601577,长沙银行,2022-12-31,68.11亿,8.04%,68.05亿,13.23%,228.68亿,9.58%,1.6100,13.49,2.78,6.43,4.90,31.24%,12.57%,11.97%,False,False,False,False,False,13.99,93.13%
601577,长沙银行,2023-03-31,19.79亿,8.68%,20.25亿,11.20%,60.81亿,12.88%,0.4900,13.96,2.78,6.92,-3.07,34.37%,3.59%,3.19%,False,False,False,False,False,14.33,93.28%
601577,长沙银行,2023-06-30,39.62亿,10.61%,40.05亿,11.27%,126.24亿,12.12%,0.9900,14.16,2.78,7.06,-3.29,33.32%,7.04%,6.96%,False,False,False,False,False,14.83,93.48%
601577,长沙银行,2023-09-30,58.45亿,9.21%,58.92亿,10.18%,187.51亿,8.44%,1.4500,14.62,2.78,7.53,2.42,32.64%,10.30%,9.02%,False,False,False,False,False,14.67,93.42%
601577,长沙银行,2023-12-31,74.63亿,9.57%,75.06亿,10.29%,248.03亿,8.46%,1.7800,14.95,2.78,7.52,10.53,31.66%,12.50%,11.88%,False,False,False,False,False,14.40,93.30%
601577,长沙银行,2024-03-31,20.93亿,5.75%,20.91亿,3.28%,65.61亿,7.89%,0.5200,15.49,2.78,8.03,-5.90,33.22%,3.42%,3.06%,False,False,False,False,False,14.51,93.35%
601577,长沙银行,2024-06-30,41.21亿,4.01%,41.34亿,3.20%,130.42亿,3.32%,1.0200,15.65,2.78,8.16,-12.69,32.45%,6.62%,6.55%,False,False,False,False,False,14.88,93.51%
601577,长沙银行,2024-09-30,61.87亿,5.85%,61.96亿,5.17%,194.71亿,3.83%,1.5400,16.18,2.78,8.67,-11.53,32.52%,9.84%,8.13%,False,False,False,False,False,13.74,93.03%
601577,长沙银行,2024-12-31,78.27亿,4.87%,78.30亿,4.32%,259.36亿,4.57%,1.8700,16.67,2.78,8.53,5.80,30.49%,11.81%,11.20%,False,False,False,False,False,13.67,92.99%
601577,长沙银行,2025-03-31,21.73亿,3.81%,21.70亿,3.75%,68.09亿,3.78%,0.5400,16.99,2.78,9.07,-13.13,32.14%,3.21%,2.74%,False,False,False,False,False,14.24,93.26%
601577,长沙银行,2025-06-30,43.29亿,5.05%,43.39亿,4.98%,132.49亿,1.59%,1.0800,17.15,2.78,9.19,-11.54,32.88%,6.31%,6.28%,False,False,False,False,False,14.57,93.40%
601577,长沙银行,2025-09-30,65.57亿,6.00%,65.63亿,5.91%,197.21亿,1.29%,1.6000,17.37,2.78,9.51,-4.86,33.56%,9.36%,8.11%,False,False,False,False,False,14.36,93.31%
601577,长沙银行,2025-12-31,81.08亿,3.59%,80.56亿,2.89%,254.71亿,-1.79%,1.9300,17.66,2.78,9.85,9.25,32.14%,11.24%,10.93%,False,False,False,False,False,14.82,93.51%
601577,长沙银行,2026-03-31,22.99亿,5.77%,23.01亿,6.06%,71.93亿,5.64%,0.5700,18.35,2.78,10.48,-5.37,32.27%,3.17%,2.78%,False,False,False,False,False,14.86,93.53%
601658,邮储银行,2011-12-31,230.80亿,False,False,False,1088.87亿,False,False,False,False,False,False,21.20%,False,False,,,,,,False,False
601658,邮储银行,2012-12-31,283.71亿,22.92%,False,False,1266.79亿,16.34%,False,False,0.11,0.55,False,22.40%,False,False,,,,,,41.68,97.66%
601658,邮储银行,2013-12-31,296.68亿,4.57%,False,False,1447.14亿,14.24%,False,False,0.07,0.52,False,20.50%,False,False,,,,,,38.52,97.47%
601658,邮储银行,2014-12-31,325.67亿,9.77%,False,False,1733.79亿,19.81%,False,False,0.06,0.79,False,18.78%,False,False,,,,,,32.52,97.02%
601658,邮储银行,2015-09-30,309.10亿,False,False,False,1391.88亿,False,False,False,0.12,1.34,False,22.21%,False,False,,,,,,29.82,96.76%
601658,邮储银行,2015-12-31,348.59亿,7.04%,False,False,1897.07亿,9.42%,False,False,0.54,0.86,False,18.37%,False,False,,,,,,25.98,96.29%
601658,邮储银行,2016-06-30,232.29亿,False,False,False,927.81亿,False,False,False,0.54,1.06,False,25.02%,False,False,,,,,,27.15,96.44%
601658,邮储银行,2016-12-31,398.01亿,14.18%,392.86亿,False,1888.09亿,-0.47%,0.5500,4.28,0.92,0.95,2.72,21.07%,13.44%,11.49%,,,,,,22.85,95.80%
601658,邮储银行,2017-12-31,476.83亿,19.80%,522.95亿,33.11%,2245.72亿,18.94%,0.5900,4.73,0.92,1.31,-4.93,21.24%,13.07%,11.06%,,,,,,19.91,95.21%
601658,邮储银行,2018-03-31,165.05亿,False,False,False,632.39亿,False,0.2000,False,False,False,False,26.12%,False,False,,,,,,19.58,95.13%
601658,邮储银行,2018-06-30,325.23亿,False,False,False,1251.24亿,False,False,False,False,False,False,26.32%,False,False,,,,,,False,False
601658,邮储银行,2018-09-30,467.10亿,False,481.43亿,False,1963.64亿,False,0.5500,False,False,False,0.94,23.79%,14.60%,False,,,,,,False,94.97%
601658,邮储银行,2018-12-31,523.11亿,9.71%,539.66亿,3.20%,2609.95亿,16.22%,0.6200,5.26,0.92,1.64,2.28,20.07%,12.31%,11.03%,,,,,,19.06,95.01%
601658,邮储银行,2019-03-31,185.20亿,12.21%,183.38亿,False,684.26亿,8.28%,0.2300,5.49,0.92,False,4.28,27.09%,4.25%,3.76%,,,,,,19.58,95.13%
601658,邮储银行,2019-06-30,373.81亿,14.94%,368.42亿,False,1416.06亿,13.17%,0.4300,5.49,0.92,1.88,1.40,26.43%,7.91%,7.58%,,,,,,19.41,95.09%
601658,邮储银行,2019-09-30,542.88亿,16.22%,531.53亿,10.41%,2103.65亿,7.13%,0.6400,5.71,0.92,2.09,1.07,25.83%,15.69%,10.63%,,,,,,18.80,94.94%
601658,邮储银行,2019-12-31,609.33亿,16.48%,597.19亿,10.66%,2768.09亿,6.06%,0.7200,5.75,1.13,1.83,0.31,22.05%,13.10%,11.20%,,,,,,17.78,94.67%
601658,邮储银行,2020-03-31,200.94亿,8.50%,200.50亿,9.34%,721.71亿,5.47%,0.2300,6.00,1.16,2.04,0.99,27.86%,3.94%,3.09%,,,,,,15.61,93.97%
601658,邮储银行,2020-06-30,336.58亿,-9.96%,332.56亿,-9.73%,1463.46亿,3.35%,0.3600,5.90,1.16,1.96,-0.13,23.01%,6.33%,5.25%,,,,,,16.11,94.15%
601658,邮储银行,2020-09-30,528.44亿,-2.66%,523.73亿,-1.47%,2162.63亿,2.80%,0.5800,6.09,1.16,2.18,0.27,24.46%,9.88%,8.04%,,,,,,15.94,94.09%
601658,邮储银行,2020-12-31,641.99亿,5.36%,633.82亿,6.13%,2862.02亿,3.39%,0.7100,6.25,1.16,2.08,1.86,22.47%,11.84%,9.56%,,,,,,15.90,94.07%
601658,邮储银行,2021-03-31,212.01亿,5.51%,211.50亿,5.49%,773.30亿,7.15%,0.2400,6.41,1.36,2.15,1.22,27.58%,3.70%,2.83%,,,,,,14.95,93.72%
601658,邮储银行,2021-06-30,410.10亿,21.84%,408.95亿,22.97%,1576.53亿,7.73%,0.4000,6.40,1.36,2.13,1.82,26.16%,6.65%,5.47%,,,,,,15.31,93.86%
601658,邮储银行,2021-09-30,645.07亿,22.07%,642.69亿,22.71%,2383.58亿,10.22%,0.6500,6.71,1.36,2.39,-0.54,27.20%,10.26%,8.29%,,,,,,14.71,93.63%
601658,邮储银行,2021-12-31,761.70亿,18.65%,755.28亿,19.16%,3187.62亿,11.38%,0.7800,6.89,1.36,2.15,1.19,24.01%,11.86%,9.59%,,,,,,14.85,93.68%
601658,邮储银行,2022-03-31,249.77亿,17.81%,249.25亿,17.85%,851.70亿,10.14%,0.2600,7.08,1.36,2.38,1.55,29.38%,3.71%,2.97%,,,,,,14.76,93.65%
601658,邮储银行,2022-06-30,471.14亿,14.88%,470.12亿,14.96%,1734.61亿,10.03%,0.4400,7.06,1.36,2.35,1.59,27.19%,6.68%,5.61%,,,,,,14.99,93.73%
601658,邮储银行,2022-09-30,738.49亿,14.48%,736.90亿,14.66%,2569.31亿,7.79%,0.7300,7.32,1.36,2.64,1.40,28.78%,10.43%,9.05%,,,,,,15.56,93.95%
601658,邮储银行,2022-12-31,852.24亿,11.89%,849.40亿,12.46%,3349.56亿,5.08%,0.8500,7.41,1.35,2.44,5.14,25.48%,11.89%,10.34%,,,,,,16.07,94.13%
601658,邮储银行,2023-03-31,262.80亿,5.22%,262.63亿,5.37%,881.63亿,3.51%,0.2700,7.56,1.64,2.48,0.24,29.81%,3.59%,2.95%,,,,,,15.51,93.93%
601658,邮储银行,2023-06-30,495.64亿,5.20%,495.02亿,5.30%,1769.76亿,2.03%,0.4600,7.55,1.64,2.46,0.84,28.05%,6.43%,5.58%,,,,,,16.01,94.11%
601658,邮储银行,2023-09-30,756.55亿,2.45%,755.97亿,2.59%,2601.22亿,1.24%,0.7300,7.80,1.64,2.72,-0.29,29.13%,9.68%,8.28%,,,,,,15.76,94.02%
601658,邮储银行,2023-12-31,862.70亿,1.23%,861.63亿,1.44%,3425.07亿,2.25%,0.8300,7.92,1.64,2.51,2.66,25.23%,10.85%,9.03%,,,,,,15.47,93.92%
601658,邮储银行,2024-03-31,259.26亿,-1.35%,258.08亿,-1.73%,894.30亿,1.44%,0.2500,8.14,1.64,2.73,2.27,29.02%,3.09%,2.57%,,,,,,15.22,93.82%
601658,邮储银行,2024-06-30,488.15亿,-1.51%,486.86亿,-1.65%,1767.89亿,-0.11%,0.4400,8.12,1.64,2.70,1.32,27.65%,5.72%,4.86%,,,,,,15.33,93.87%
601658,邮储银行,2024-09-30,758.18亿,0.22%,756.09亿,0.02%,2603.49亿,0.09%,0.7100,8.38,1.64,2.97,2.83,29.19%,8.84%,7.35%,,,,,,15.24,93.83%
601658,邮储银行,2024-12-31,864.79亿,0.24%,855.76亿,-0.68%,3487.75亿,1.83%,0.8100,8.37,1.64,2.66,4.01,24.86%,9.84%,8.40%,,,,,,15.59,93.96%
601658,邮储银行,2025-03-31,252.46亿,-2.62%,253.17亿,-1.90%,893.63亿,-0.07%,0.2400,8.51,1.64,2.85,0.76,28.38%,2.83%,2.54%,,,,,,16.79,94.37%
601658,邮储银行,2025-06-30,492.28亿,0.85%,493.33亿,1.33%,1794.46亿,1.50%,0.4300,8.23,2.26,2.46,1.53,27.54%,5.46%,4.32%,,,,,,14.97,93.73%
601658,邮储银行,2025-09-30,765.62亿,0.98%,767.72亿,1.54%,2650.80亿,1.82%,0.6600,8.44,2.26,2.68,2.91,28.97%,8.00%,6.58%,,,,,,14.99,93.73%
601658,邮储银行,2025-12-31,874.04亿,1.07%,879.71亿,2.80%,3557.28亿,1.99%,0.7300,8.41,2.26,2.38,3.43,24.63%,8.67%,7.53%,,,,,,15.10,93.78%
601658,邮储银行,2026-03-31,257.26亿,1.90%,256.80亿,1.43%,961.62亿,7.61%,0.2000,8.60,2.26,2.56,2.56,26.88%,2.43%,2.23%,,,,,,15.93,94.08%
601665,齐鲁银行,2004-12-31,5049.50万,False,False,False,9.97亿,False,False,False,0.02,0.06,False,5.06%,False,False,,,0.73,0.70,0.02,17.19,94.50%
601665,齐鲁银行,2005-12-31,6817.20万,35.01%,False,False,11.93亿,19.63%,False,False,0.02,0.07,False,5.72%,False,False,,,0.72,0.68,0.02,17.51,94.60%
601665,齐鲁银行,2006-12-31,1.43亿,109.38%,False,False,15.04亿,26.07%,False,False,0.05,0.10,False,9.49%,False,False,,,0.72,0.70,0.0064,16.53,94.29%
601665,齐鲁银行,2007-12-31,2.34亿,63.73%,False,False,13.52亿,-10.10%,False,False,0.04,0.12,False,17.29%,False,False,,,False,False,False,18.98,95.00%
601665,齐鲁银行,2008-12-31,3.51亿,50.25%,False,False,19.09亿,41.19%,0.2300,False,0.24,0.18,False,18.40%,False,False,,,False,False,False,17.55,94.61%
601665,齐鲁银行,2009-09-30,3.86亿,False,False,False,13.30亿,False,False,False,0.08,0.25,False,29.04%,False,False,,,False,False,False,20.93,95.44%
601665,齐鲁银行,2009-12-31,4.85亿,38.23%,False,False,18.40亿,-2.59%,False,False,0.09,0.20,False,26.32%,False,False,,,False,False,False,20.95,95.44%
601665,齐鲁银行,2010-12-31,3.33亿,-31.31%,False,False,23.02亿,25.08%,False,False,0.65,-0.23,False,14.48%,False,False,,,False,False,False,22.66,95.77%
601665,齐鲁银行,2011-12-31,7.89亿,136.81%,False,False,21.19亿,-7.93%,False,False,0.64,0.0034,False,37.17%,False,False,,,False,False,False,16.64,94.30%
601665,齐鲁银行,2012-12-31,8.61亿,9.12%,False,False,24.62亿,16.15%,False,False,0.66,0.17,False,34.95%,False,False,,,False,False,False,14.77,93.63%
601665,齐鲁银行,2013-12-31,10.09亿,17.13%,9.96亿,False,28.34亿,15.11%,0.4200,2.53,0.68,0.44,0.78,35.68%,17.98%,16.88%,,,False,False,False,14.72,93.62%
601665,齐鲁银行,2014-06-30,6.74亿,False,6.68亿,False,17.64亿,False,0.2800,False,False,False,False,38.36%,10.63%,False,,,False,False,False,False,False
601665,齐鲁银行,2014-12-31,10.90亿,8.03%,11.35亿,13.88%,35.31亿,24.62%,0.4600,3.05,0.69,0.60,7.58,31.01%,16.66%,15.15%,,,False,False,False,16.07,94.12%
601665,齐鲁银行,2015-06-30,5.22亿,-22.58%,5.20亿,-22.22%,17.90亿,1.46%,0.2200,3.28,0.94,0.68,0.77,29.37%,6.96%,5.61%,,,False,False,False,13.18,92.92%
601665,齐鲁银行,2015-09-30,7.58亿,False,False,False,28.79亿,False,0.3000,False,False,False,2.92,26.56%,False,False,,,False,False,False,False,False
601665,齐鲁银行,2015-12-31,11.87亿,8.89%,11.54亿,1.72%,42.32亿,19.84%,0.4600,3.51,0.94,0.61,6.88,28.27%,13.76%,11.92%,,,False,False,False,14.34,93.43%
601665,齐鲁银行,2016-03-31,4.97亿,False,4.93亿,False,12.70亿,False,0.1700,False,False,False,0.91,39.46%,4.88%,False,,,False,False,False,False,False
601665,齐鲁银行,2016-06-30,8.11亿,55.38%,8.06亿,55.08%,25.75亿,43.89%,0.2900,3.62,0.94,0.78,1.45,31.76%,7.92%,7.88%,,,False,False,False,15.83,94.01%
601665,齐鲁银行,2016-09-30,11.93亿,57.33%,False,False,38.17亿,32.57%,0.4200,3.82,0.94,0.91,1.79,31.50%,False,9.27%,,,False,False,False,13.48,93.05%
601665,齐鲁银行,2016-12-31,16.42亿,38.33%,16.20亿,40.33%,51.54亿,21.79%,0.5800,3.80,0.94,0.75,5.68,32.09%,15.92%,12.85%,,,False,False,False,15.20,93.78%
601665,齐鲁银行,2017-03-31,5.23亿,5.23%,5.22亿,5.90%,12.62亿,-0.60%,0.1800,3.89,0.94,0.93,-0.28,41.67%,4.79%,4.01%,,,False,False,False,15.10,93.74%
601665,齐鲁银行,2017-06-30,10.28亿,26.67%,10.23亿,26.97%,26.16亿,1.35%,0.3600,3.87,0.94,0.96,1.45,39.61%,9.32%,7.91%,,,False,False,False,15.56,93.92%
601665,齐鲁银行,2017-09-30,14.66亿,22.88%,14.60亿,False,39.78亿,4.06%,0.5200,3.95,0.94,1.08,2.78,37.13%,13.29%,11.08%,,,False,False,False,16.08,94.10%
601665,齐鲁银行,2017-12-31,20.15亿,22.71%,19.95亿,23.19%,54.26亿,5.27%,0.6600,3.95,1.54,0.73,1.30,37.34%,17.18%,11.03%,,,False,False,False,11.93,92.20%
601665,齐鲁银行,2018-03-31,5.58亿,6.60%,5.57亿,6.73%,14.01亿,11.04%,0.1400,4.14,1.54,0.87,-1.53,40.13%,3.35%,2.93%,,,False,False,False,11.79,92.11%
601665,齐鲁银行,2018-06-30,10.78亿,4.93%,10.18亿,-0.48%,30.02亿,14.78%,0.2600,4.15,1.53,0.84,-0.88,36.19%,6.38%,5.64%,,,False,False,False,12.15,92.33%
601665,齐鲁银行,2018-09-30,15.39亿,5.01%,14.76亿,1.08%,45.35亿,14.01%,0.3500,4.29,1.53,0.93,-0.24,34.21%,8.45%,7.82%,,,False,False,False,11.95,92.21%
601665,齐鲁银行,2018-12-31,21.52亿,6.83%,19.72亿,-1.18%,64.02亿,18.00%,0.5000,4.54,1.53,0.94,1.94,33.88%,11.78%,10.40%,,,False,False,False,11.83,92.14%
601665,齐鲁银行,2019-03-31,6.33亿,13.42%,6.26亿,12.30%,16.32亿,16.45%,0.1500,4.76,1.53,1.03,0.93,39.04%,3.33%,2.93%,,,False,False,False,11.68,92.05%
601665,齐鲁银行,2019-06-30,11.99亿,11.16%,11.27亿,10.65%,34.44亿,14.72%,0.2900,4.71,1.53,1.01,2.41,35.11%,6.21%,5.60%,,,False,False,False,12.21,92.37%
601665,齐鲁银行,2019-09-30,16.85亿,9.51%,16.07亿,8.91%,52.86亿,16.55%,0.3800,4.83,1.53,1.10,2.31,32.19%,8.17%,7.69%,,,False,False,False,12.10,92.30%
601665,齐鲁银行,2019-12-31,23.38亿,8.61%,22.20亿,12.58%,74.07亿,15.69%,0.5400,4.96,1.53,1.14,2.39,31.82%,11.43%,10.41%,,,False,False,False,12.68,92.63%
601665,齐鲁银行,2020-03-31,6.96亿,9.99%,6.97亿,11.42%,19.52亿,19.62%,0.1700,5.20,1.53,1.31,0.03,35.95%,3.33%,2.97%,,,False,False,False,12.39,92.47%
601665,齐鲁银行,2020-06-30,13.16亿,9.75%,12.90亿,14.49%,39.33亿,14.20%,0.3200,5.11,1.53,1.30,1.09,33.74%,6.31%,5.71%,,,False,False,False,13.25,92.92%
601665,齐鲁银行,2020-09-30,18.48亿,9.68%,18.22亿,13.33%,58.54亿,10.76%,0.4200,5.12,1.53,1.41,2.24,31.92%,8.42%,7.08%,,,False,False,False,11.99,92.24%
601665,齐鲁银行,2020-12-31,25.19亿,7.74%,25.17亿,13.42%,79.36亿,7.14%,0.5900,5.36,1.54,1.29,4.35,32.06%,11.43%,9.30%,,,False,False,False,12.29,92.42%
601665,齐鲁银行,2021-03-31,7.53亿,8.21%,7.51亿,7.68%,22.32亿,14.36%,0.1800,5.55,1.54,1.47,-0.29,33.98%,3.36%,2.48%,,,False,False,False,11.62,92.02%
601665,齐鲁银行,2021-06-30,14.72亿,11.93%,14.53亿,12.62%,46.02亿,17.00%,0.3600,5.70,1.81,1.48,0.61,32.38%,6.49%,4.38%,,,False,False,False,10.98,91.60%
601665,齐鲁银行,2021-09-30,21.07亿,14.00%,20.81亿,14.24%,71.71亿,22.49%,0.4400,5.64,1.81,1.39,2.96,29.77%,7.86%,6.73%,,,False,False,False,12.30,92.43%
601665,齐鲁银行,2021-12-31,30.36亿,20.52%,26.82亿,6.54%,101.67亿,28.11%,0.6400,5.86,1.81,1.36,6.23,30.22%,11.40%,9.38%,,,False,False,False,12.39,92.48%
601665,齐鲁银行,2022-03-31,9.04亿,20.05%,8.94亿,19.05%,26.34亿,18.00%,0.1700,6.00,1.81,1.53,0.52,34.55%,11.54%,2.74%,,,False,False,False,12.72,92.66%
601665,齐鲁银行,2022-06-30,17.38亿,18.01%,17.19亿,18.32%,54.80亿,19.08%,0.3500,5.99,1.81,1.52,3.10,32.09%,5.92%,5.27%,,,False,False,False,13.33,92.97%
601665,齐鲁银行,2022-09-30,25.27亿,19.93%,24.82亿,19.24%,84.05亿,17.21%,0.5000,6.16,1.81,1.67,4.36,30.44%,8.21%,7.49%,,,False,False,False,13.55,93.07%
601665,齐鲁银行,2022-12-31,35.87亿,18.17%,35.10亿,30.87%,110.64亿,8.82%,0.7300,6.34,1.81,1.63,6.07,32.82%,11.92%,10.16%,,,False,False,False,13.33,92.97%
601665,齐鲁银行,2023-03-31,10.15亿,12.33%,9.77亿,9.34%,28.64亿,8.72%,0.2000,6.56,1.81,1.83,2.49,35.67%,3.03%,2.80%,,,False,False,False,13.57,93.08%
601665,齐鲁银行,2023-06-30,20.07亿,15.49%,19.24亿,11.95%,60.76亿,10.88%,0.4100,6.69,1.81,1.86,4.38,33.36%,6.32%,5.44%,,,False,False,False,13.91,93.24%
601665,齐鲁银行,2023-09-30,29.37亿,16.22%,28.14亿,13.39%,90.97亿,8.24%,0.5900,6.81,1.81,2.03,5.06,32.63%,8.89%,7.84%,,,False,False,False,14.17,93.36%
601665,齐鲁银行,2023-12-31,42.34亿,18.02%,40.80亿,16.22%,119.52亿,8.03%,0.8700,7.09,1.89,1.92,6.15,35.72%,12.90%,10.19%,,,False,False,False,13.55,93.08%
601665,齐鲁银行,2024-03-31,11.78亿,15.98%,11.53亿,17.99%,30.22亿,5.53%,0.2200,7.33,1.96,2.09,-0.31,39.02%,3.06%,2.70%,,,False,False,False,13.34,92.99%
601665,齐鲁银行,2024-06-30,23.47亿,16.98%,22.91亿,19.09%,64.12亿,5.53%,0.4600,7.42,1.96,2.11,1.50,36.58%,6.33%,5.34%,,,False,False,False,13.72,93.17%
601665,齐鲁银行,2024-09-30,34.42亿,17.19%,33.65亿,19.60%,94.85亿,4.26%,0.6600,7.66,1.96,2.31,3.39,36.09%,8.97%,7.62%,,,False,False,False,13.79,93.21%
601665,齐鲁银行,2024-12-31,49.86亿,17.77%,48.92亿,19.91%,124.96亿,4.55%,0.9700,8.27,1.96,2.13,3.87,39.57%,12.52%,10.36%,,,False,False,False,13.33,92.99%
601665,齐鲁银行,2025-03-31,13.72亿,16.47%,13.34亿,15.72%,31.65亿,4.72%,0.2600,8.26,1.96,2.39,1.70,43.10%,3.13%,2.85%,,,False,False,False,13.90,93.26%
601665,齐鲁银行,2025-06-30,27.34亿,16.48%,26.83亿,17.11%,67.82亿,5.76%,0.5400,8.31,2.08,2.40,2.15,40.22%,6.40%,5.44%,,,False,False,False,13.93,93.29%
601665,齐鲁银行,2025-09-30,39.63亿,15.14%,38.95亿,15.75%,99.24亿,4.63%,0.7200,7.82,2.46,2.17,4.06,40.06%,8.80%,7.53%,,,False,False,False,13.80,93.22%
601665,齐鲁银行,2025-12-31,57.13亿,14.58%,56.43亿,15.36%,131.35亿,5.12%,1.0000,7.96,2.46,1.99,7.17,43.49%,12.17%,10.68%,,,False,False,False,14.03,93.33%
601665,齐鲁银行,2026-03-31,15.64亿,14.01%,15.63亿,17.17%,35.77亿,13.02%,0.2300,8.22,2.46,2.23,1.48,43.80%,2.90%,2.97%,,,False,False,False,14.98,93.73%
601818,光大银行,2005-12-31,25.41亿,False,False,False,119.04亿,False,False,False,0.35,-1.69,False,21.34%,False,False,,,,,,False,100.54%
601818,光大银行,2006-12-31,26.50亿,4.30%,False,False,137.93亿,15.87%,False,False,0.0031,-1.03,False,19.21%,False,False,,,,,,False,100.03%
601818,光大银行,2007-12-31,50.39亿,90.16%,56.34亿,False,200.44亿,45.32%,0.5100,0.88,-0.0050,-0.12,1.22,25.14%,128.55%,20.41%,,,,,,28.94,96.66%
601818,光大银行,2008-12-31,73.16亿,45.19%,58.82亿,4.40%,247.01亿,23.23%,0.2600,1.18,0.04,0.08,0.92,29.62%,25.26%,22.01%,,,,,,24.63,96.10%
601818,光大银行,2009-09-30,58.71亿,False,False,False,179.58亿,False,0.2000,False,False,False,False,32.69%,False,False,,,,,,False,False
601818,光大银行,2009-12-31,76.43亿,4.48%,76.71亿,30.40%,242.59亿,-1.79%,0.2600,1.44,0.19,0.05,0.82,31.51%,19.43%,15.89%,,,,,,23.90,95.98%
601818,光大银行,2010-03-31,38.33亿,False,False,False,85.05亿,False,0.1100,False,False,False,-1.76,45.06%,7.65%,False,,,,,,False,False
601818,光大银行,2010-06-30,68.34亿,False,68.47亿,False,173.15亿,False,0.2000,1.65,0.20,0.07,-0.31,39.47%,13.22%,12.37%,,,,,,24.80,96.12%
601818,光大银行,2010-09-30,100.58亿,71.34%,100.63亿,False,263.85亿,46.92%,0.2900,1.97,0.52,0.14,1.07,38.12%,18.17%,12.60%,,,,,,17.67,94.64%
601818,光大银行,2010-12-31,127.90亿,67.34%,126.96亿,65.51%,355.30亿,46.46%,0.3600,2.01,0.49,0.17,0.38,36.01%,20.99%,15.72%,,,,,,17.24,94.51%
601818,光大银行,2011-03-31,48.62亿,26.86%,48.54亿,False,111.53亿,31.13%,0.1200,2.13,0.49,0.25,0.32,43.64%,5.80%,5.64%,,,,,,18.53,94.88%
601818,光大银行,2011-06-30,92.10亿,34.76%,92.00亿,34.37%,229.30亿,32.43%,0.2300,2.14,0.49,0.27,0.18,40.22%,10.72%,10.63%,,,,,,18.18,94.78%
601818,光大银行,2011-09-30,141.33亿,40.51%,141.01亿,40.12%,338.65亿,28.35%,0.3500,2.25,0.47,0.39,0.55,41.78%,16.30%,15.56%,,,,,,17.39,94.55%
601818,光大银行,2011-12-31,180.68亿,41.26%,180.23亿,41.96%,460.72亿,29.67%,0.4500,2.38,0.50,0.42,1.15,39.25%,20.44%,18.83%,,,,,,17.05,94.45%
601818,光大银行,2012-03-31,68.60亿,41.08%,68.57亿,41.27%,150.95亿,35.34%,0.1700,2.55,0.51,0.59,-0.18,45.49%,6.89%,6.65%,,,,,,18.55,94.88%
601818,光大银行,2012-06-30,129.20亿,40.28%,128.95亿,40.16%,304.80亿,32.92%,0.3200,2.59,0.53,0.61,-0.29,42.44%,12.60%,12.36%,,,,,,19.02,95.00%
601818,光大银行,2012-09-30,190.33亿,34.67%,190.04亿,34.78%,443.78亿,31.05%,0.4700,2.72,0.51,0.76,2.47,42.94%,18.33%,17.32%,,,,,,19.18,95.04%
601818,光大银行,2012-12-31,235.91亿,30.57%,235.37亿,30.60%,599.16亿,30.05%,0.5800,2.82,0.50,0.47,6.73,39.42%,22.54%,20.66%,,,,,,18.96,94.98%
601818,光大银行,2013-03-31,79.64亿,16.09%,79.53亿,15.99%,167.82亿,11.18%,0.2000,3.03,0.51,0.66,1.78,47.52%,6.73%,6.51%,,,,,,18.72,94.92%
601818,光大银行,2013-06-30,149.17亿,15.46%,148.96亿,15.52%,337.82亿,10.83%,0.3700,3.14,0.50,0.78,1.87,44.22%,12.30%,11.76%,,,,,,18.48,94.86%
601818,光大银行,2013-09-30,216.64亿,13.82%,216.13亿,13.73%,487.68亿,9.89%,0.5400,3.27,0.47,0.94,0.38,44.50%,17.57%,16.40%,,,,,,17.72,94.65%
601818,光大银行,2013-12-31,267.15亿,13.24%,266.21亿,13.10%,653.06亿,9.00%,0.6600,3.30,0.62,0.84,-0.02,40.97%,21.48%,17.48%,,,,,,14.80,93.66%
601818,光大银行,2014-03-31,81.67亿,2.55%,81.59亿,2.59%,179.39亿,6.89%,0.1800,3.50,0.66,1.01,1.30,45.60%,5.16%,4.99%,,,,,,14.76,93.65%
601818,光大银行,2014-06-30,158.45亿,6.22%,158.10亿,6.14%,374.60亿,10.89%,0.3400,3.53,0.70,1.00,1.17,42.37%,9.70%,9.61%,,,,,,15.18,93.81%
601818,光大银行,2014-09-30,233.22亿,7.65%,232.85亿,7.74%,579.30亿,18.79%,0.5000,3.70,0.71,1.16,1.59,40.33%,14.16%,13.49%,,,,,,13.93,93.29%
601818,光大银行,2014-12-31,288.83亿,8.12%,287.95亿,8.17%,785.31亿,20.25%,0.6200,3.83,0.71,1.13,0.74,36.84%,17.36%,16.14%,,,,,,14.29,93.44%
601818,光大银行,2015-03-31,83.58亿,2.34%,83.57亿,2.43%,222.63亿,24.10%,0.1800,4.02,0.71,1.31,1.91,37.61%,4.56%,4.46%,,,,,,14.29,93.44%
601818,光大银行,2015-06-30,162.41亿,2.50%,162.31亿,2.66%,455.38亿,21.56%,0.3500,4.03,0.71,1.29,4.29,35.72%,8.65%,8.64%,,,,,,13.43,93.05%
601818,光大银行,2015-09-30,238.75亿,2.37%,238.41亿,2.39%,700.47亿,20.92%,0.5100,4.21,0.71,1.46,4.18,34.14%,12.62%,11.03%,,,,,,13.26,92.97%
601818,光大银行,2015-12-31,295.28亿,2.23%,294.47亿,2.26%,931.59亿,18.63%,0.6300,4.36,0.71,1.38,4.53,31.75%,15.50%,14.51%,,,,,,13.17,92.93%
601818,光大银行,2016-03-31,84.46亿,1.05%,84.28亿,0.85%,235.40亿,5.74%,0.1800,4.55,0.71,1.56,1.74,35.94%,4.06%,3.64%,,,,,,14.04,93.34%
601818,光大银行,2016-06-30,164.39亿,1.22%,163.73亿,0.87%,469.68亿,3.14%,0.3300,4.49,0.71,1.52,6.74,35.06%,7.28%,7.35%,,,,,,15.41,93.89%
601818,光大银行,2016-09-30,244.37亿,2.35%,243.66亿,2.20%,707.54亿,1.01%,0.5000,4.67,0.71,1.69,4.92,34.61%,11.00%,9.85%,,,,,,14.46,93.52%
601818,光大银行,2016-12-31,303.29亿,2.71%,301.55亿,2.40%,940.37亿,0.94%,0.6300,4.72,0.71,1.51,7.49,32.31%,13.80%,13.27%,,,,,,15.05,93.75%
601818,光大银行,2017-03-31,85.79亿,1.57%,85.78亿,1.78%,236.57亿,0.50%,0.1800,4.99,0.71,1.70,-3.50,36.35%,3.83%,3.26%,,,,,,14.68,93.61%
601818,光大银行,2017-06-30,169.39亿,3.04%,169.04亿,3.24%,463.34亿,-1.35%,0.3400,5.05,0.71,1.75,-5.14,36.63%,6.88%,6.74%,,,,,,14.19,93.40%
601818,光大银行,2017-09-30,254.33亿,4.08%,253.77亿,4.15%,687.91亿,-2.77%,0.5100,5.22,0.71,1.93,-4.38,37.04%,10.25%,9.29%,,,,,,13.73,93.19%
601818,光大银行,2017-12-31,315.45亿,4.01%,314.26亿,4.21%,918.50亿,-2.33%,0.6400,5.24,1.02,1.76,-2.72,34.42%,12.75%,10.95%,,,,,,12.41,92.53%
601818,光大银行,2018-03-31,90.51亿,5.50%,90.31亿,5.28%,253.44亿,7.13%,0.1700,5.26,1.02,1.75,-1.04,35.79%,3.34%,2.96%,,,,,,12.61,92.64%
601818,光大银行,2018-06-30,180.75亿,6.71%,180.30亿,6.66%,522.31亿,12.73%,0.3200,5.22,1.02,1.72,2.31,34.66%,6.18%,6.21%,,,,,,13.08,92.88%
601818,光大银行,2018-09-30,277.60亿,9.15%,277.26亿,9.26%,813.55亿,18.26%,0.5000,5.42,1.02,1.90,1.97,34.17%,9.50%,8.83%,,,,,,12.86,92.77%
601818,光大银行,2018-12-31,336.59亿,6.70%,336.83亿,7.18%,1102.44亿,20.03%,0.6100,5.55,1.02,1.91,0.37,30.59%,11.55%,11.05%,,,,,,12.55,92.60%
601818,光大银行,2019-03-31,97.33亿,7.54%,97.22亿,7.65%,338.43亿,33.53%,0.1900,5.65,1.02,2.10,-0.61,28.81%,3.28%,2.93%,,,,,,12.62,92.64%
601818,光大银行,2019-06-30,204.44亿,13.11%,203.88亿,13.08%,661.39亿,26.63%,0.3700,5.77,1.02,2.12,0.29,30.97%,6.45%,12.79%,,,,,,12.95,92.81%
601818,光大银行,2019-09-30,313.99亿,13.11%,313.50亿,13.07%,1002.21亿,23.19%,0.5700,5.99,1.02,2.32,-0.17,31.40%,9.86%,8.28%,,,,,,11.45,91.95%
601818,光大银行,2019-12-31,373.54亿,10.98%,373.96亿,11.02%,1328.12亿,20.47%,0.6800,6.10,1.02,2.30,1.24,28.19%,11.77%,11.22%,,,,,,11.29,91.84%
601818,光大银行,2020-03-31,108.31亿,11.28%,108.35亿,11.45%,373.05亿,10.23%,0.1900,6.33,1.02,2.48,4.31,29.15%,3.08%,2.73%,,,,,,12.17,92.39%
601818,光大银行,2020-06-30,183.63亿,-10.18%,183.56亿,-9.97%,721.14亿,9.03%,0.3100,6.20,1.02,2.39,3.57,25.54%,5.03%,5.08%,,,,,,12.80,92.74%
601818,光大银行,2020-09-30,296.13亿,-5.69%,295.49亿,-5.74%,1068.86亿,6.59%,0.5200,6.37,1.02,2.60,2.05,27.81%,8.32%,6.74%,,,,,,11.04,91.66%
601818,光大银行,2020-12-31,378.35亿,1.29%,356.57亿,-4.65%,1425.72亿,7.28%,0.6800,6.45,1.08,2.53,2.17,26.60%,10.71%,8.34%,,,,,,10.84,91.52%
601818,光大银行,2021-03-31,115.22亿,6.38%,114.68亿,5.84%,387.22亿,3.72%,0.1800,6.63,1.08,2.71,-1.34,29.88%,2.78%,2.49%,,,,,,11.05,91.68%
601818,光大银行,2021-06-30,224.45亿,22.23%,223.57亿,21.80%,770.92亿,6.83%,0.3700,6.62,1.08,2.68,-2.65,29.21%,5.53%,5.56%,,,,,,11.48,91.96%
601818,光大银行,2021-09-30,350.85亿,18.48%,348.70亿,18.01%,1167.78亿,9.25%,0.5600,6.83,1.08,2.88,-3.28,30.18%,8.37%,7.40%,,,,,,10.99,91.63%
601818,光大银行,2021-12-31,434.07亿,14.73%,430.76亿,20.81%,1527.51亿,7.14%,0.7100,6.99,1.08,2.89,-2.08,28.57%,10.64%,10.22%,,,,,,11.23,91.79%
601818,光大银行,2022-03-31,117.50亿,1.98%,117.42亿,2.39%,387.69亿,0.12%,0.1900,7.13,1.08,3.06,-4.03,30.53%,2.63%,2.40%,,,,,,11.74,92.12%
601818,光大银行,2022-06-30,232.99亿,3.80%,233.27亿,4.34%,784.54亿,1.77%,0.3800,7.14,1.08,3.05,-3.31,29.89%,5.38%,5.38%,,,,,,11.75,92.13%
601818,光大银行,2022-09-30,365.91亿,4.29%,366.06亿,4.98%,1172.78亿,0.43%,0.5900,7.35,1.08,3.26,-2.40,31.35%,8.18%,7.29%,,,,,,11.48,91.96%
601818,光大银行,2022-12-31,448.07亿,3.23%,447.72亿,3.94%,1516.32亿,-0.73%,0.7400,7.46,1.08,3.32,-1.04,29.70%,10.27%,9.92%,,,,,,11.40,91.91%
601818,光大银行,2023-03-31,123.78亿,5.34%,123.52亿,5.20%,381.58亿,-1.58%,0.1900,7.30,1.26,3.21,-0.28,32.64%,2.61%,2.31%,,,,,,11.48,91.96%
601818,光大银行,2023-06-30,240.72亿,3.32%,240.18亿,2.96%,765.20亿,-2.47%,0.3800,7.34,1.26,3.21,1.20,31.65%,5.07%,4.96%,,,,,,11.55,92.00%
601818,光大银行,2023-09-30,376.90亿,3.00%,375.78亿,2.66%,1122.30亿,-4.30%,0.5700,7.50,1.26,3.40,1.32,33.78%,7.67%,6.88%,,,,,,11.47,91.95%
601818,光大银行,2023-12-31,407.92亿,-8.96%,406.52亿,-9.20%,1456.85亿,-3.92%,0.6200,7.57,1.26,3.37,-0.06,28.20%,8.38%,8.04%,,,,,,11.26,91.81%
601818,光大银行,2024-03-31,124.26亿,0.39%,124.45亿,0.75%,344.87亿,-9.62%,0.1800,7.79,1.26,3.55,-2.68,36.23%,2.36%,2.20%,,,,,,11.20,91.77%
601818,光大银行,2024-06-30,244.87亿,1.72%,244.48亿,1.79%,698.08亿,-8.77%,0.3700,7.84,1.26,3.57,-2.49,35.25%,4.76%,4.73%,,,,,,10.95,91.60%
601818,光大银行,2024-09-30,384.14亿,1.92%,383.96亿,2.18%,1023.99亿,-8.76%,0.5700,8.04,1.26,3.76,-0.60,37.69%,7.25%,6.62%,,,,,,10.86,91.54%
601818,光大银行,2024-12-31,416.96亿,2.22%,418.86亿,3.04%,1354.15亿,-7.05%,0.6200,8.17,1.26,3.71,-3.47,30.95%,7.93%,7.64%,,,,,,10.84,91.52%
601818,光大银行,2025-03-31,124.64亿,0.31%,126.34亿,1.52%,330.86亿,-4.06%,0.1900,8.15,1.26,3.79,0.97,37.87%,2.28%,2.13%,,,,,,11.32,91.85%
601818,光大银行,2025-06-30,246.22亿,0.55%,249.76亿,2.16%,659.18亿,-5.57%,0.3800,8.29,1.26,3.89,3.59,37.53%,4.57%,4.54%,,,,,,11.17,91.75%
601818,光大银行,2025-09-30,370.18亿,-3.63%,373.29亿,-2.78%,942.70亿,-7.94%,0.5500,8.42,1.26,4.06,3.70,39.54%,6.62%,6.15%,,,,,,10.98,91.62%
601818,光大银行,2025-12-31,388.26亿,-6.88%,391.81亿,-6.46%,1263.11亿,-6.72%,0.5800,8.46,1.26,4.07,2.76,30.99%,7.00%,6.84%,,,,,,10.84,91.52%
601818,光大银行,2026-03-31,114.59亿,-8.06%,114.90亿,-9.05%,318.11亿,-3.85%,0.1700,8.54,1.26,4.13,-0.61,36.22%,2.00%,1.99%,,,,,,11.53,91.99%
601825,沪农商行,2004-12-31,False,False,False,False,False,False,False,False,0.29,-0.10,False,False,False,False,False,False,0.63,0.60,0.02,33.90,97.13%
601825,沪农商行,2005-12-31,3.28亿,False,False,False,35.49亿,False,False,False,False,0.11,False,9.23%,False,False,0.63,0.63,0.71,0.70,0.09,19.71,95.17%
601825,沪农商行,2006-12-31,3.98亿,21.64%,False,False,45.66亿,28.64%,False,False,0.0015,0.20,False,8.73%,False,False,0.51,0.51,0.61,0.59,0.07,19.99,95.24%
601825,沪农商行,2007-12-31,3.72亿,-6.60%,False,False,57.92亿,26.87%,False,False,0.33,0.17,False,6.43%,False,False,0.62,0.62,0.58,0.56,0.03,17.25,94.52%
601825,沪农商行,2008-12-31,7.41亿,99.06%,False,False,75.18亿,29.80%,False,False,0.33,0.88,False,9.85%,False,False,0.69,0.69,0.61,0.58,0.02,13.89,93.28%
601825,沪农商行,2009-06-30,4.12亿,False,False,False,24.10亿,False,False,False,0.37,0.87,False,17.09%,False,False,False,False,False,False,False,15.89,94.08%
601825,沪农商行,2009-12-31,19.71亿,166.09%,False,False,50.27亿,-33.13%,False,False,0.42,1.12,False,39.17%,False,False,False,False,False,False,False,15.30,93.84%
601825,沪农商行,2010-03-31,3.87亿,False,False,False,11.93亿,False,0.1000,False,False,False,False,32.44%,False,False,False,False,False,False,False,False,False
601825,沪农商行,2010-06-30,5.19亿,26.10%,False,False,28.01亿,16.21%,0.1400,False,False,False,False,18.54%,False,False,False,False,False,False,False,False,False
601825,沪农商行,2010-09-30,6.59亿,False,False,False,44.23亿,False,0.1800,False,False,False,False,14.90%,False,False,False,False,False,False,False,False,False
601825,沪农商行,2010-12-31,22.20亿,12.60%,False,False,63.77亿,26.85%,False,False,1.72,0.65,False,34.90%,False,False,False,False,False,False,False,9.88,90.79%
601825,沪农商行,2011-03-31,5.53亿,42.82%,False,False,21.10亿,76.90%,0.1100,False,1.64,0.80,False,26.19%,False,False,False,False,False,False,False,11.09,91.73%
601825,沪农商行,2011-06-30,16.28亿,213.52%,False,False,42.82亿,52.85%,0.3300,False,1.60,0.84,False,38.03%,False,False,False,False,False,False,False,10.94,91.63%
601825,沪农商行,2011-09-30,29.00亿,339.86%,False,False,65.53亿,48.16%,0.5800,False,1.52,1.10,False,44.24%,False,False,False,False,False,False,False,10.58,91.36%
601825,沪农商行,2011-12-31,31.87亿,43.58%,False,False,90.27亿,41.55%,False,False,1.51,1.11,False,35.47%,False,False,False,False,False,False,False,11.40,91.91%
601825,沪农商行,2012-03-31,9.24亿,67.15%,False,False,25.60亿,21.33%,0.1800,False,1.49,1.34,False,36.08%,False,False,False,False,False,False,False,11.48,91.99%
601825,沪农商行,2012-06-30,19.92亿,22.32%,False,False,52.40亿,22.38%,0.4000,False,1.53,1.23,False,38.12%,False,False,False,False,False,False,False,11.64,92.02%
601825,沪农商行,2012-09-30,30.31亿,4.54%,False,False,78.19亿,19.31%,0.6100,False,1.48,1.44,False,38.48%,False,False,False,False,False,False,False,11.81,91.97%
601825,沪农商行,2012-12-31,37.24亿,16.86%,False,False,108.71亿,20.42%,False,False,1.64,1.57,False,33.63%,False,False,False,False,False,False,False,11.56,91.82%
601825,沪农商行,2013-12-31,42.15亿,13.18%,False,False,111.88亿,2.92%,False,False,1.55,1.88,False,38.59%,False,False,False,False,False,False,False,12.17,92.16%
601825,沪农商行,2014-12-31,48.48亿,15.02%,False,False,141.51亿,26.48%,False,False,1.62,2.37,False,35.42%,False,False,False,False,False,False,False,12.12,92.14%
601825,沪农商行,2015-12-31,56.34亿,16.20%,False,False,152.85亿,8.01%,False,False,1.62,2.78,False,38.00%,False,False,False,False,False,False,False,12.98,92.62%
601825,沪农商行,2016-03-31,20.85亿,False,False,False,37.78亿,False,False,False,1.76,3.09,False,55.19%,False,False,False,False,False,False,False,13.56,93.13%
601825,沪农商行,2016-06-30,32.15亿,False,False,False,75.63亿,False,False,False,1.71,2.51,False,42.51%,False,False,False,False,False,False,False,14.12,93.39%
601825,沪农商行,2016-09-30,44.55亿,False,False,False,103.42亿,False,False,False,1.74,2.76,False,43.08%,False,False,False,False,False,False,False,14.12,93.38%
601825,沪农商行,2016-12-31,59.02亿,4.77%,57.58亿,False,156.97亿,2.70%,0.7400,9.24,1.62,3.14,6.75,38.08%,13.42%,12.77%,False,False,False,False,False,14.35,93.29%
601825,沪农商行,2017-03-31,16.59亿,-20.42%,False,False,37.05亿,-1.95%,False,False,1.73,3.41,False,44.79%,False,False,False,False,False,False,False,15.01,93.75%
601825,沪农商行,2017-06-30,33.55亿,4.35%,False,False,80.83亿,6.88%,False,False,0.69,1.76,False,41.50%,False,False,False,False,False,False,False,15.20,93.83%
601825,沪农商行,2017-09-30,49.58亿,11.29%,False,False,120.50亿,16.52%,False,False,0.74,1.96,False,41.15%,False,False,False,False,False,False,False,14.33,93.48%
601825,沪农商行,2017-12-31,67.69亿,14.68%,64.80亿,12.55%,179.21亿,14.17%,0.8500,6.46,0.64,2.21,-0.29,37.18%,13.83%,13.10%,False,False,False,False,False,14.49,93.39%
601825,沪农商行,2018-03-31,19.11亿,15.16%,False,False,45.88亿,23.84%,False,False,0.69,2.41,False,41.65%,False,False,False,False,False,False,False,13.69,93.19%
601825,沪农商行,2018-06-30,38.40亿,14.45%,False,False,93.06亿,15.12%,False,False,0.73,2.11,False,41.26%,False,False,False,False,False,False,False,13.63,93.16%
601825,沪农商行,2018-09-30,57.57亿,16.11%,False,False,141.62亿,17.52%,False,False,0.73,2.35,False,40.65%,False,False,False,False,False,False,False,13.01,92.86%
601825,沪农商行,2018-12-31,73.08亿,7.96%,72.13亿,11.30%,201.45亿,12.41%,0.9100,7.33,1.06,2.37,-0.66,35.37%,13.25%,11.48%,False,False,False,False,False,12.08,92.23%
601825,沪农商行,2019-06-30,47.31亿,23.22%,False,False,107.61亿,8.86%,False,False,1.22,2.33,False,42.21%,False,False,False,False,False,False,False,12.22,92.44%
601825,沪农商行,2019-09-30,67.49亿,17.23%,False,False,152.03亿,7.35%,False,False,1.23,2.61,False,44.39%,False,False,False,False,False,False,False,11.74,92.15%
601825,沪农商行,2019-12-31,88.46亿,21.04%,82.06亿,13.77%,212.71亿,5.59%,1.0200,8.20,1.03,2.87,0.82,42.02%,13.14%,12.43%,False,False,False,False,False,12.03,92.02%
601825,沪农商行,2020-03-31,24.11亿,False,24.09亿,False,57.71亿,False,0.2800,8.58,1.06,3.18,-1.72,42.74%,False,3.24%,False,False,False,False,False,11.67,92.11%
601825,沪农商行,2020-06-30,43.30亿,-8.49%,43.26亿,False,112.56亿,4.60%,0.5000,8.53,1.03,2.75,1.34,40.38%,5.92%,5.85%,False,False,False,False,False,12.38,92.23%
601825,沪农商行,2020-09-30,63.03亿,-6.61%,False,False,166.73亿,1.02%,0.7300,False,1.06,2.91,False,39.41%,False,False,False,False,False,False,False,12.17,92.41%
601825,沪农商行,2020-12-31,81.61亿,-7.74%,80.62亿,-1.76%,220.40亿,3.61%,0.9400,8.90,1.03,3.19,-1.59,38.20%,11.02%,10.57%,False,False,False,False,False,12.65,92.39%
601825,沪农商行,2021-03-31,24.12亿,0.03%,23.28亿,-3.33%,58.29亿,1.01%,0.2800,9.16,1.03,3.46,-0.20,42.85%,False,3.03%,False,False,False,False,False,12.50,92.31%
601825,沪农商行,2021-06-30,51.18亿,18.20%,50.03亿,15.66%,120.21亿,6.79%,0.5900,9.50,1.03,3.20,1.31,44.06%,6.41%,6.21%,False,False,False,False,False,12.30,92.20%
601825,沪农商行,2021-09-30,76.68亿,21.66%,75.41亿,False,181.52亿,8.87%,0.8700,10.70,1.71,3.14,1.38,43.72%,9.32%,8.16%,False,False,False,False,False,10.84,91.27%
601825,沪农商行,2021-12-31,96.98亿,18.84%,95.51亿,18.47%,241.64亿,9.64%,1.0800,9.72,1.71,3.09,-0.12,41.58%,11.39%,10.34%,False,False,False,False,False,11.32,91.60%
601825,沪农商行,2022-03-31,31.13亿,29.05%,31.01亿,33.17%,63.56亿,9.05%,0.3200,10.03,1.71,3.41,4.60,50.56%,3.27%,3.22%,False,False,False,False,False,11.18,91.50%
601825,沪农商行,2022-06-30,58.47亿,14.25%,58.26亿,16.45%,128.66亿,7.03%,0.6100,10.03,1.71,2.92,5.47,47.04%,6.05%,6.05%,False,False,False,False,False,11.38,91.64%
601825,沪农商行,2022-09-30,89.80亿,17.11%,89.60亿,18.81%,195.37亿,7.63%,0.9300,10.42,1.71,3.24,6.08,47.69%,9.20%,8.93%,False,False,False,False,False,11.21,91.53%
601825,沪农商行,2022-12-31,109.74亿,13.16%,109.51亿,14.65%,256.27亿,6.05%,1.1400,10.56,1.71,3.45,12.96,44.46%,11.22%,10.78%,False,False,False,False,False,11.55,91.75%
601825,沪农商行,2023-03-31,35.00亿,12.44%,34.95亿,12.71%,68.32亿,7.49%,0.3600,10.93,1.72,3.81,-0.17,52.71%,3.38%,3.32%,False,False,False,False,False,11.49,91.73%
601825,沪农商行,2023-06-30,69.28亿,18.47%,64.35亿,10.44%,138.86亿,7.93%,0.7200,11.09,1.72,3.22,2.20,51.50%,6.54%,6.48%,False,False,False,False,False,11.67,91.85%
601825,沪农商行,2023-09-30,104.01亿,15.82%,98.85亿,10.33%,204.15亿,4.49%,1.0800,11.40,1.72,3.58,2.49,52.43%,9.77%,9.46%,False,False,False,False,False,11.41,91.68%
601825,沪农商行,2023-12-31,121.42亿,10.64%,115.23亿,5.23%,264.14亿,3.07%,1.2600,11.66,1.72,3.76,4.06,47.28%,11.34%,10.80%,False,False,False,False,False,11.35,91.64%
601825,沪农商行,2024-03-31,35.52亿,1.48%,31.46亿,-9.99%,70.85亿,3.69%,0.3700,12.16,1.72,4.13,3.07,51.31%,3.09%,3.03%,False,False,False,False,False,11.26,91.59%
601825,沪农商行,2024-06-30,69.71亿,0.62%,65.55亿,1.87%,139.17亿,0.23%,0.7200,12.28,1.72,3.54,3.38,51.32%,5.95%,5.89%,False,False,False,False,False,11.25,91.59%
601825,沪农商行,2024-09-30,104.85亿,0.81%,100.47亿,1.63%,204.84亿,0.34%,1.0900,12.40,1.72,3.67,3.21,52.31%,8.90%,8.77%,False,False,False,False,False,11.32,91.63%
601825,沪农商行,2024-12-31,122.88亿,1.20%,118.40亿,2.75%,266.41亿,0.86%,1.2700,12.84,1.72,3.85,5.31,47.32%,10.35%,9.92%,False,False,False,False,False,10.98,91.40%
601825,沪农商行,2025-03-31,35.64亿,0.34%,35.41亿,12.58%,65.60亿,-7.41%,0.3700,12.95,1.72,4.22,1.84,55.49%,2.87%,2.85%,False,False,False,False,False,11.30,91.62%
601825,沪农商行,2025-06-30,70.13亿,0.60%,69.93亿,6.69%,134.44亿,-3.40%,0.7300,13.15,1.72,3.80,0.71,53.35%,5.56%,5.53%,False,False,False,False,False,11.18,91.54%
601825,沪农商行,2025-09-30,105.67亿,0.78%,105.17亿,4.68%,198.31亿,-3.18%,1.1000,13.06,1.72,3.93,2.25,54.53%,8.36%,8.39%,False,False,False,False,False,11.34,91.64%
601825,沪农商行,2025-12-31,123.13亿,0.20%,120.45亿,1.73%,258.70亿,-2.89%,1.2800,13.26,1.72,4.11,-1.18,48.90%,9.74%,9.63%,False,False,False,False,False,11.38,91.67%
601825,沪农商行,2026-03-31,35.90亿,0.73%,35.78亿,1.02%,66.41亿,1.23%,0.3700,13.65,1.71,4.48,0.76,55.25%,2.77%,2.73%,False,False,False,False,False,11.32,91.64%
601838,成都银行,2007-12-31,3.14亿,False,False,False,16.22亿,False,0.2500,False,0.25,-0.82,False,19.36%,False,False,,,,,,72.59,98.64%
601838,成都银行,2008-12-31,7.50亿,138.92%,False,False,24.52亿,51.19%,0.3600,False,1.24,-0.29,False,30.60%,False,False,,,,,,9.95,90.87%
601838,成都银行,2009-12-31,10.84亿,44.40%,False,False,23.71亿,-3.31%,0.3300,False,1.24,-0.05,False,45.70%,False,False,,,,,,12.51,92.60%
601838,成都银行,2010-06-30,7.55亿,False,False,False,16.81亿,False,0.2300,False,1.24,0.07,False,44.93%,False,False,,,,,,12.08,92.36%
601838,成都银行,2010-12-31,16.25亿,50.01%,False,False,36.54亿,54.12%,0.5000,False,1.24,0.20,False,44.48%,False,False,,,,,,15.79,94.04%
601838,成都银行,2011-12-31,24.04亿,47.91%,22.52亿,False,49.65亿,35.88%,0.7400,3.36,1.24,0.58,0.21,48.41%,24.31%,22.00%,,,,,,15.60,93.96%
601838,成都银行,2012-12-31,25.42亿,5.72%,24.90亿,10.58%,56.21亿,13.22%,0.7800,3.96,1.23,1.10,7.76,45.21%,21.44%,19.73%,,,,,,17.65,94.63%
601838,成都银行,2013-12-31,29.75亿,17.06%,29.50亿,18.49%,70.68亿,25.74%,0.9100,4.68,1.22,1.27,0.73,42.06%,21.08%,19.53%,,,,,,16.17,94.15%
601838,成都银行,2014-12-31,35.48亿,19.26%,35.26亿,19.52%,91.31亿,29.19%,1.0900,5.58,1.24,1.85,7.74,38.90%,21.32%,19.56%,,,,,,15.55,93.94%
601838,成都银行,2015-12-31,28.16亿,-20.63%,26.32亿,-25.36%,89.59亿,-1.89%,0.8700,6.22,1.24,2.27,2.56,31.49%,14.69%,13.93%,,,,,,14.90,93.69%
601838,成都银行,2016-09-30,22.06亿,False,21.97亿,False,63.80亿,False,0.6800,False,False,False,9.36,34.62%,10.63%,False,,,,,,False,False
601838,成都银行,2016-12-31,25.77亿,-8.48%,25.27亿,-3.98%,86.21亿,-3.89%,0.7900,6.74,1.24,2.55,4.11,30.00%,12.24%,11.76%,,,,,,15.47,93.91%
601838,成都银行,2017-03-31,8.56亿,False,8.54亿,False,20.79亿,False,0.2600,False,False,False,-3.97,41.26%,3.84%,False,,,,,,False,False
601838,成都银行,2017-06-30,16.52亿,False,16.51亿,False,41.19亿,False,0.5100,6.99,1.24,2.81,4.19,40.10%,7.40%,7.27%,,,,,,15.65,93.98%
601838,成都银行,2017-09-30,28.10亿,27.41%,27.91亿,27.03%,65.47亿,2.29%,0.8600,7.35,1.24,3.17,13.25,43.08%,12.34%,11.76%,,,,,,16.15,94.15%
601838,成都银行,2017-12-31,39.09亿,51.64%,38.52亿,52.44%,96.54亿,11.99%,1.2000,7.68,1.24,3.16,13.11,40.53%,16.83%,15.66%,,,,,,16.41,94.24%
601838,成都银行,2018-03-31,10.32亿,20.45%,10.32亿,20.81%,25.69亿,23.59%,0.3000,7.87,1.69,3.13,-6.87,40.14%,3.81%,3.63%,,,,,,14.97,93.72%
601838,成都银行,2018-06-30,21.23亿,28.49%,21.24亿,28.62%,54.33亿,31.89%,0.6000,7.90,1.69,3.15,0.67,39.09%,7.56%,7.44%,,,,,,15.60,93.96%
601838,成都银行,2018-09-30,33.96亿,20.85%,33.98亿,21.77%,84.18亿,28.59%,0.9500,8.28,1.70,3.51,0.74,40.37%,11.91%,11.36%,,,,,,15.18,93.81%
601838,成都银行,2018-12-31,46.49亿,18.95%,46.52亿,20.75%,115.90亿,20.05%,1.3000,8.64,1.70,3.50,-3.29,40.15%,16.04%,14.90%,,,,,,14.78,93.65%
601838,成都银行,2019-03-31,12.67亿,22.78%,12.68亿,22.87%,30.03亿,16.89%,0.3500,9.00,1.70,3.86,0.88,42.22%,3.98%,3.89%,,,,,,14.65,93.59%
601838,成都银行,2019-06-30,25.05亿,17.98%,25.14亿,18.39%,61.08亿,12.41%,0.6900,8.98,1.70,3.85,-3.75,41.05%,7.72%,7.73%,,,,,,15.47,93.92%
601838,成都银行,2019-09-30,40.07亿,18.01%,40.11亿,18.05%,93.02亿,10.50%,1.1100,9.40,1.70,4.27,-4.93,43.12%,12.23%,11.80%,,,,,,14.99,93.73%
601838,成都银行,2019-12-31,55.51亿,19.40%,55.49亿,19.30%,127.25亿,9.79%,1.5400,9.84,1.70,4.18,6.61,43.66%,16.63%,15.61%,,,,,,14.70,93.62%
601838,成都银行,2020-03-31,14.14亿,11.60%,14.22亿,12.13%,34.27亿,14.13%,0.3900,10.27,1.70,4.57,-0.46,41.25%,3.89%,3.81%,,,,,,14.44,93.51%
601838,成都银行,2020-06-30,27.53亿,9.91%,27.58亿,9.69%,68.14亿,11.57%,0.7600,10.19,1.70,4.52,5.10,40.43%,7.45%,7.48%,,,,,,15.69,94.00%
601838,成都银行,2020-09-30,42.00亿,4.81%,42.00亿,4.71%,104.24亿,12.06%,1.1600,10.55,1.70,4.92,7.59,40.32%,11.32%,11.02%,,,,,,15.76,94.02%
601838,成都银行,2020-12-31,60.25亿,8.53%,60.40亿,8.83%,146.00亿,14.73%,1.6700,11.08,1.70,4.91,-0.22,41.29%,15.94%,13.09%,,,,,,13.17,92.93%
601838,成都银行,2021-03-31,16.69亿,18.10%,16.76亿,17.92%,41.10亿,19.93%,0.4600,11.54,1.70,5.37,-0.45,40.64%,4.09%,3.50%,,,,,,13.97,93.31%
601838,成都银行,2021-06-30,33.89亿,23.11%,33.78亿,22.48%,85.41亿,25.34%,0.9400,11.54,1.70,5.38,5.92,39.70%,8.18%,7.11%,,,,,,14.43,93.51%
601838,成都银行,2021-09-30,51.31亿,22.15%,51.17亿,21.84%,131.35亿,26.01%,1.4200,12.05,1.70,5.87,7.56,39.07%,12.25%,10.36%,,,,,,14.07,93.35%
601838,成都银行,2021-12-31,78.31亿,29.98%,78.04亿,29.21%,178.90亿,22.54%,2.0900,12.72,1.70,5.82,-0.97,43.77%,17.60%,15.08%,,,,,,13.79,93.23%
601838,成都银行,2022-03-31,21.51亿,28.83%,21.47亿,28.10%,48.36亿,17.65%,0.6000,13.26,1.70,6.42,-0.20,44.46%,4.58%,3.94%,,,,,,14.34,93.47%
601838,成都银行,2022-06-30,44.57亿,31.52%,44.35亿,31.29%,99.95亿,17.02%,1.2300,13.44,1.70,6.43,1.88,44.60%,9.29%,8.17%,,,,,,15.39,93.89%
601838,成都银行,2022-09-30,67.52亿,31.60%,66.54亿,30.03%,152.46亿,16.07%,1.8700,14.06,1.93,6.92,-4.38,44.28%,13.88%,11.68%,,,,,,14.70,93.62%
601838,成都银行,2022-12-31,100.42亿,28.24%,99.70亿,27.75%,202.41亿,13.14%,2.6900,14.81,2.08,6.81,2.59,49.62%,19.48%,16.37%,,,,,,13.96,93.31%
601838,成都银行,2023-03-31,25.27亿,17.50%,25.08亿,16.78%,53.05亿,9.71%,0.6800,15.50,2.08,7.49,-5.51,47.61%,4.46%,3.95%,,,,,,14.41,93.50%
601838,成都银行,2023-06-30,55.76亿,25.10%,54.50亿,22.89%,111.10亿,11.16%,1.4900,16.32,2.31,8.13,-9.02,50.19%,9.54%,8.17%,,,,,,14.07,93.36%
601838,成都银行,2023-09-30,81.57亿,20.81%,80.47亿,20.93%,167.02亿,9.55%,2.1600,16.21,2.31,8.04,-10.67,48.84%,13.75%,12.03%,,,,,,14.67,93.61%
601838,成都银行,2023-12-31,116.71亿,16.22%,114.67亿,15.02%,217.02亿,7.22%,3.0100,17.10,2.31,7.96,-6.23,53.78%,18.78%,16.38%,,,,,,14.32,93.46%
601838,成都银行,2024-03-31,28.51亿,12.83%,28.25亿,12.65%,56.38亿,6.27%,0.7500,17.96,2.31,8.71,-0.26,50.57%,4.26%,3.83%,,,,,,14.82,93.67%
601838,成都银行,2024-06-30,61.67亿,10.60%,61.21亿,12.32%,115.85亿,4.28%,1.6200,17.87,2.31,8.68,-0.93,53.23%,9.02%,8.32%,,,,,,15.19,93.82%
601838,成都银行,2024-09-30,90.38亿,10.81%,89.65亿,11.41%,172.41亿,3.23%,2.3700,18.61,2.31,9.44,-5.23,52.43%,13.16%,11.74%,,,,,,14.87,93.69%
601838,成都银行,2024-12-31,128.58亿,10.17%,128.25亿,11.84%,229.82亿,5.90%,3.2800,19.15,3.16,8.55,-22.60,55.92%,17.81%,14.98%,,,,,,13.56,93.13%
601838,成都银行,2025-03-31,30.12亿,5.64%,29.93亿,5.94%,58.17亿,3.17%,0.7100,19.50,3.31,9.12,15.14,51.78%,3.70%,3.40%,,,,,,14.06,93.36%
601838,成都银行,2025-06-30,66.17亿,7.29%,65.94亿,7.72%,122.70亿,5.91%,1.5700,19.47,3.31,9.08,11.60,53.93%,7.94%,7.47%,,,,,,14.50,93.55%
601838,成都银行,2025-09-30,94.93亿,5.03%,94.65亿,5.57%,177.61亿,3.01%,2.2400,20.01,3.31,9.76,13.59,53.45%,11.40%,9.32%,,,,,,12.61,92.65%
601838,成都银行,2025-12-31,132.83亿,3.31%,132.38亿,3.23%,236.03亿,2.70%,3.0700,20.84,3.31,9.78,17.66,56.28%,15.39%,13.37%,,,,,,13.08,92.90%
601838,成都银行,2026-03-31,31.57亿,4.81%,31.46亿,5.12%,61.98亿,6.54%,0.7400,21.70,3.31,10.52,16.41,50.93%,3.50%,3.07%,,,,,,13.32,93.02%
601860,紫金银行,2010-12-31,4.09亿,False,False,False,15.65亿,False,False,False,0.0003,0.28,False,26.16%,False,False,,,,,,23.08,95.85%
601860,紫金银行,2011-12-31,4.27亿,4.40%,False,False,18.49亿,18.14%,0.2125,False,0.27,0.23,False,25.03%,False,False,,,,,,14.94,93.73%
601860,紫金银行,2012-12-31,5.02亿,17.49%,False,False,19.47亿,5.30%,False,False,0.25,0.25,False,25.79%,False,False,,,,,,11.03,91.69%
601860,紫金银行,2013-12-31,5.77亿,15.03%,5.62亿,False,21.54亿,10.68%,0.2600,1.86,False,0.34,1.41,26.80%,12.98%,12.48%,,,,,,12.08,92.35%
601860,紫金银行,2014-12-31,7.49亿,29.65%,6.88亿,22.53%,24.86亿,15.41%,0.3200,2.27,0.23,0.42,0.71,30.11%,14.93%,13.90%,,,,,,12.15,92.40%
601860,紫金银行,2015-06-30,4.61亿,False,False,False,13.07亿,False,False,False,0.23,0.47,False,35.30%,False,False,,,,,,14.92,93.72%
601860,紫金银行,2015-12-31,8.40亿,12.15%,8.03亿,16.70%,29.43亿,18.35%,0.3500,2.54,0.23,0.51,8.04,28.53%,14.77%,13.93%,,,,,,15.89,94.08%
601860,紫金银行,2016-03-31,2.41亿,False,False,False,8.15亿,False,False,False,0.23,0.65,False,29.62%,False,False,,,,,,17.44,94.58%
601860,紫金银行,2016-06-30,5.20亿,12.65%,5.21亿,False,16.56亿,26.66%,0.2200,2.47,False,0.55,0.44,31.39%,8.26%,8.10%,,,,,,17.63,94.63%
601860,紫金银行,2016-09-30,8.62亿,False,False,False,24.75亿,False,False,False,0.69,0.44,False,34.85%,False,False,,,,,,13.56,93.13%
601860,紫金银行,2016-12-31,10.33亿,23.04%,9.90亿,23.27%,34.42亿,16.96%,0.3800,2.83,0.67,0.49,-0.25,30.02%,14.22%,11.09%,,,,,,13.37,93.04%
601860,紫金银行,2017-03-31,2.36亿,-2.45%,False,False,8.41亿,3.13%,False,False,0.68,0.56,False,28.02%,False,False,,,,,,15.78,94.04%
601860,紫金银行,2017-06-30,5.68亿,9.36%,5.71亿,9.59%,17.68亿,6.78%,0.1700,False,0.67,0.41,0.14,32.15%,6.03%,6.04%,,,,,,16.06,94.14%
601860,紫金银行,2017-09-30,8.79亿,1.95%,9.39亿,False,25.91亿,4.68%,False,2.97,0.65,0.48,1.35,33.94%,False,8.98%,,,,,,16.07,94.14%
601860,紫金银行,2017-12-31,11.38亿,10.13%,10.60亿,7.03%,36.22亿,5.24%,0.3500,3.02,0.67,0.41,2.63,31.41%,11.88%,11.43%,,,,,,16.17,94.18%
601860,紫金银行,2018-03-31,2.53亿,7.33%,False,False,8.97亿,6.21%,0.0800,False,0.67,0.64,False,33.91%,False,False,,,,,,17.28,94.53%
601860,紫金银行,2018-06-30,6.04亿,6.24%,5.70亿,-0.14%,19.64亿,11.10%,0.1800,3.14,0.67,0.46,1.03,30.75%,5.92%,5.84%,,,,,,17.34,94.55%
601860,紫金银行,2018-09-30,9.87亿,12.31%,9.51亿,1.32%,29.32亿,13.17%,0.3000,3.26,0.67,0.57,1.90,33.68%,9.46%,9.19%,,,,,,16.72,94.36%
601860,紫金银行,2018-12-31,12.54亿,10.20%,11.91亿,12.42%,42.30亿,16.77%,0.3800,3.36,0.90,0.46,0.88,29.64%,11.93%,10.20%,,,,,,14.71,93.64%
601860,紫金银行,2019-03-31,2.92亿,15.34%,2.86亿,False,12.09亿,34.86%,0.0800,3.49,0.81,0.49,2.40,24.11%,2.30%,2.28%,,,,,,15.40,93.90%
601860,紫金银行,2019-06-30,7.15亿,18.41%,6.95亿,22.07%,24.05亿,22.45%,0.2000,3.54,0.81,0.47,2.22,29.73%,5.56%,5.52%,,,,,,14.78,93.66%
601860,紫金银行,2019-09-30,11.38亿,15.22%,11.15亿,17.31%,35.83亿,22.22%,0.3100,3.65,0.81,0.59,4.06,31.75%,8.76%,8.51%,,,,,,13.95,93.31%
601860,紫金银行,2019-12-31,14.17亿,13.03%,13.80亿,15.82%,46.75亿,10.54%,0.3900,3.76,0.81,0.62,2.74,30.31%,10.80%,10.31%,,,,,,13.64,93.17%
601860,紫金银行,2020-03-31,3.23亿,10.71%,3.23亿,12.73%,13.34亿,10.32%,0.0900,3.88,0.81,0.71,1.52,24.20%,2.31%,2.27%,,,,,,13.46,93.09%
601860,紫金银行,2020-06-30,7.29亿,1.95%,7.02亿,0.89%,24.66亿,2.53%,0.2000,3.77,0.81,0.51,1.34,29.56%,5.22%,5.28%,,,,,,14.30,93.47%
601860,紫金银行,2020-09-30,11.59亿,1.83%,11.20亿,0.42%,35.03亿,-2.23%,0.3200,3.99,0.81,0.63,2.91,33.07%,8.23%,7.94%,,,,,,13.90,93.29%
601860,紫金银行,2020-12-31,14.41亿,1.72%,13.65亿,-1.09%,44.77亿,-4.25%,0.3900,3.93,0.81,0.67,3.57,32.20%,10.14%,9.73%,,,,,,13.69,93.19%
601860,紫金银行,2021-03-31,3.30亿,2.18%,3.24亿,0.24%,10.39亿,-22.14%,0.0900,4.15,0.81,0.76,-0.10,31.75%,2.20%,2.17%,,,,,,14.03,93.35%
601860,紫金银行,2021-06-30,7.49亿,2.72%,7.35亿,4.81%,21.11亿,-14.40%,0.2000,4.06,0.81,0.55,-2.01,35.48%,4.93%,4.89%,,,,,,13.89,93.28%
601860,紫金银行,2021-09-30,11.89亿,2.62%,11.72亿,4.60%,33.08亿,-5.57%,0.3200,4.20,0.81,0.67,-5.15,35.94%,7.82%,7.52%,,,,,,12.78,92.74%
601860,紫金银行,2021-12-31,15.15亿,5.11%,14.79亿,8.35%,45.02亿,0.57%,0.4100,4.37,0.81,0.72,-6.32,33.66%,9.85%,9.47%,,,,,,11.92,92.26%
601860,紫金银行,2022-03-31,3.65亿,10.53%,3.54亿,9.45%,10.74亿,3.44%,0.1000,4.32,0.81,0.82,4.70,33.93%,2.26%,2.24%,,,,,,13.03,92.87%
601860,紫金银行,2022-06-30,8.24亿,10.07%,8.15亿,10.90%,21.68亿,2.71%,0.2300,4.37,0.81,0.62,4.00,38.02%,5.08%,5.01%,,,,,,12.84,92.77%
601860,紫金银行,2022-09-30,12.75亿,7.23%,12.57亿,7.30%,33.76亿,2.04%,0.3500,4.51,0.81,0.74,1.11,37.77%,7.74%,7.53%,,,,,,12.17,92.41%
601860,紫金银行,2022-12-31,16.00亿,5.61%,15.46亿,4.56%,45.07亿,0.10%,0.4400,4.67,0.81,0.79,1.79,35.51%,9.64%,9.36%,,,,,,12.14,92.39%
601860,紫金银行,2023-03-31,3.85亿,5.50%,3.80亿,7.25%,10.91亿,1.54%,0.1100,4.69,0.81,0.89,5.55,35.25%,2.24%,2.20%,,,,,,13.59,93.15%
601860,紫金银行,2023-06-30,8.71亿,5.70%,8.53亿,4.64%,22.03亿,1.62%,0.2400,4.76,0.81,0.68,3.01,39.55%,4.95%,4.91%,,,,,,12.98,92.84%
601860,紫金银行,2023-09-30,13.49亿,5.80%,13.26亿,5.44%,33.90亿,0.43%,0.3700,4.87,0.81,0.82,1.62,39.79%,7.54%,7.43%,,,,,,12.55,92.62%
601860,紫金银行,2023-12-31,16.19亿,1.16%,15.91亿,2.93%,44.20亿,-1.93%,0.4400,5.05,0.81,0.84,1.60,36.62%,9.10%,8.76%,,,,,,12.41,92.54%
601860,紫金银行,2024-03-31,4.05亿,5.40%,4.05亿,6.63%,11.98亿,9.84%,0.1100,5.09,0.81,0.96,3.42,33.83%,2.17%,2.14%,,,,,,12.79,92.75%
601860,紫金银行,2024-06-30,9.11亿,4.62%,9.03亿,5.86%,23.81亿,8.08%,0.2500,5.14,0.81,0.75,3.74,38.28%,4.80%,4.76%,,,,,,13.05,92.88%
601860,紫金银行,2024-09-30,13.51亿,0.16%,13.42亿,1.22%,34.61亿,2.09%,0.3700,5.27,0.81,0.87,2.37,39.04%,7.07%,6.89%,,,,,,12.82,92.76%
601860,紫金银行,2024-12-31,16.24亿,0.30%,16.20亿,1.80%,44.63亿,0.98%,0.4400,5.45,0.81,0.85,0.89,36.38%,8.42%,8.14%,,,,,,12.54,92.61%
601860,紫金银行,2025-03-31,4.22亿,4.04%,4.24亿,4.58%,11.41亿,-4.82%,0.1100,5.37,0.81,0.97,2.89,36.98%,2.11%,2.11%,,,,,,13.01,92.86%
601860,紫金银行,2025-06-30,9.12亿,0.12%,9.08亿,0.54%,23.93亿,0.49%,0.2500,5.57,0.81,0.81,0.35,38.14%,4.51%,4.48%,,,,,,12.35,92.51%
601860,紫金银行,2025-09-30,12.04亿,-10.90%,12.02亿,-10.43%,32.73亿,-5.42%,0.3300,5.49,0.81,0.89,6.48,36.78%,5.96%,5.89%,,,,,,13.00,92.86%
601860,紫金银行,2025-12-31,12.44亿,-23.35%,12.57亿,-22.39%,41.18亿,-7.72%,0.3400,5.55,0.81,0.81,5.05,30.22%,6.17%,6.13%,,,,,,13.30,93.01%
601860,紫金银行,2026-03-31,4.29亿,1.62%,4.24亿,0.09%,11.66亿,2.22%,0.1200,5.58,0.81,0.96,-1.33,36.76%,2.09%,2.06%,,,,,,13.20,92.96%
601916,浙商银行,2004-12-31,-4168.32万,False,False,False,1.24亿,False,False,False,False,-0.03,False,-33.63%,False,False,,,1.04,1.03,0.09,6.05,85.82%
601916,浙商银行,2005-12-31,6538.51万,256.86%,False,False,7.44亿,500.31%,False,False,False,0.02,False,8.79%,False,False,,,0.93,0.90,0.06,13.31,93.01%
601916,浙商银行,2006-12-31,2.80亿,328.25%,False,False,15.97亿,114.63%,False,False,False,0.12,False,17.53%,False,False,,,0.95,0.90,0.10,19.27,95.07%
601916,浙商银行,2007-12-31,3.70亿,32.14%,False,False,15.41亿,-3.52%,0.2500,False,False,0.16,False,24.01%,False,False,,,False,False,False,25.32,96.20%
601916,浙商银行,2008-12-31,5.91亿,59.62%,False,False,21.47亿,39.35%,0.2200,False,0.16,0.18,False,27.51%,False,False,,,False,False,False,18.48,94.87%
601916,浙商银行,2009-12-31,8.67亿,46.80%,False,False,33.12亿,54.25%,0.2300,False,0.33,0.09,False,26.18%,False,False,,,False,False,False,17.78,94.68%
601916,浙商银行,2010-06-30,8.17亿,False,False,False,24.21亿,False,False,False,False,False,False,33.74%,False,False,,,False,False,False,False,False
601916,浙商银行,2010-12-31,16.43亿,89.50%,False,False,54.12亿,63.42%,0.2600,False,0.49,0.10,False,30.35%,False,False,,,False,False,False,11.20,91.80%
601916,浙商银行,2011-06-30,13.38亿,63.77%,False,False,37.04亿,52.99%,False,False,0.49,0.23,False,36.12%,False,False,,,False,False,False,12.39,92.53%
601916,浙商银行,2011-12-31,28.50亿,73.46%,False,False,84.53亿,56.17%,False,False,0.49,0.30,False,33.72%,False,False,,,False,False,False,13.59,93.15%
601916,浙商银行,2012-06-30,18.83亿,40.75%,False,False,48.90亿,32.02%,False,False,0.50,0.29,False,38.51%,False,False,,,False,False,False,15.92,94.09%
601916,浙商银行,2012-12-31,40.26亿,41.26%,False,False,104.22亿,23.30%,False,False,0.49,0.47,False,38.63%,False,False,,,False,False,False,16.34,94.23%
601916,浙商银行,2013-06-30,24.21亿,28.58%,False,False,62.38亿,27.57%,False,False,0.56,0.21,False,38.81%,False,False,,,False,False,False,15.65,93.99%
601916,浙商银行,2013-12-31,49.01亿,21.75%,False,False,134.32亿,28.89%,False,False,0.56,0.39,False,36.49%,False,False,,,False,False,False,16.55,94.30%
601916,浙商银行,2014-06-30,29.32亿,21.11%,False,False,80.36亿,28.82%,False,False,False,False,False,36.49%,False,False,,,False,False,False,False,False
601916,浙商银行,2014-09-30,44.45亿,False,False,False,124.84亿,False,False,False,False,False,False,35.61%,False,False,,,False,False,False,False,False
601916,浙商银行,2014-12-31,50.96亿,3.96%,50.31亿,False,172.80亿,28.64%,0.4400,2.88,0.57,0.72,12.46,29.49%,16.72%,15.37%,,,False,False,False,19.21,95.05%
601916,浙商银行,2015-06-30,33.26亿,13.42%,False,False,105.27亿,31.00%,False,False,0.84,0.55,False,31.59%,False,False,,,False,False,False,18.65,94.91%
601916,浙商银行,2015-09-30,56.37亿,26.80%,False,False,175.24亿,40.37%,False,False,0.84,0.71,False,32.17%,False,False,,,False,False,False,20.09,95.26%
601916,浙商银行,2015-12-31,70.51亿,38.37%,69.90亿,38.93%,250.05亿,44.71%,0.5400,3.42,0.84,0.76,14.29,28.20%,17.03%,14.20%,,,False,False,False,19.78,95.19%
601916,浙商银行,2016-06-30,47.35亿,42.37%,False,False,159.52亿,51.53%,False,False,1.12,0.47,False,29.68%,False,False,,,False,False,False,17.72,94.66%
601916,浙商银行,2016-09-30,81.67亿,44.88%,False,False,250.45亿,42.92%,False,False,1.12,0.66,False,32.61%,False,False,,,False,False,False,17.88,94.70%
601916,浙商银行,2016-12-31,101.53亿,44.00%,100.69亿,44.04%,335.02亿,33.98%,0.5900,3.76,1.11,0.71,5.89,30.31%,16.54%,15.05%,,,False,False,False,19.08,95.02%
601916,浙商银行,2017-03-31,34.03亿,False,False,False,85.24亿,False,False,False,1.11,0.90,False,39.64%,False,False,,,False,False,False,15.59,93.88%
601916,浙商银行,2017-06-30,56.02亿,18.32%,55.97亿,False,179.49亿,12.33%,0.3100,3.86,1.11,0.63,-5.89,31.27%,8.08%,6.65%,,,False,False,False,16.21,94.10%
601916,浙商银行,2017-09-30,90.79亿,11.17%,False,False,265.27亿,5.91%,False,False,1.11,0.83,False,34.27%,False,False,,,False,False,False,15.94,94.00%
601916,浙商银行,2017-12-31,109.50亿,7.85%,108.58亿,7.83%,342.22亿,2.15%,0.5700,4.08,1.11,0.82,-5.15,32.06%,14.67%,12.42%,,,False,False,False,16.41,94.16%
601916,浙商银行,2018-03-31,34.90亿,2.53%,False,False,83.52亿,-2.01%,False,False,1.18,0.89,False,41.93%,False,False,,,False,False,False,15.67,93.91%
601916,浙商银行,2018-06-30,65.09亿,16.19%,False,False,185.96亿,3.61%,0.3400,False,1.18,0.82,False,35.00%,False,False,,,False,False,False,16.23,94.11%
601916,浙商银行,2018-09-30,98.58亿,8.58%,97.69亿,False,275.13亿,3.72%,0.5200,4.48,1.18,1.00,-6.93,35.97%,12.13%,9.97%,,,False,False,False,15.37,93.80%
601916,浙商银行,2018-12-31,114.90亿,4.94%,114.03亿,5.02%,389.43亿,13.80%,0.6100,4.59,1.18,1.03,-7.50,29.69%,14.04%,11.39%,,,False,False,False,15.31,93.78%
601916,浙商银行,2019-03-31,44.36亿,27.12%,False,False,116.18亿,39.10%,0.1900,False,1.18,1.22,False,38.42%,False,False,,,False,False,False,15.30,93.78%
601916,浙商银行,2019-06-30,75.28亿,15.65%,74.89亿,False,225.46亿,21.24%,0.3600,4.94,1.18,1.33,-0.22,33.82%,7.45%,7.01%,,,False,False,False,15.16,93.72%
601916,浙商银行,2019-09-30,112.39亿,14.01%,111.79亿,14.44%,344.03亿,25.04%,0.5500,5.21,1.18,1.53,0.79,33.16%,11.30%,9.99%,,,False,False,False,14.29,93.36%
601916,浙商银行,2019-12-31,129.24亿,12.48%,128.29亿,12.51%,463.64亿,19.06%,0.6400,5.23,1.51,1.36,-0.54,28.35%,12.92%,10.24%,,,False,False,False,13.25,92.89%
601916,浙商银行,2020-03-31,45.28亿,2.07%,45.27亿,False,134.64亿,15.89%,0.1700,5.46,1.51,1.53,1.60,34.23%,3.79%,3.46%,,,False,False,False,12.94,92.73%
601916,浙商银行,2020-06-30,67.75亿,-10.00%,67.66亿,-9.66%,251.44亿,11.52%,0.2700,5.27,1.51,1.32,5.43,27.49%,5.12%,5.33%,,,False,False,False,14.66,93.52%
601916,浙商银行,2020-09-30,101.44亿,-9.74%,102.37亿,-8.43%,352.39亿,2.43%,0.4300,5.33,1.51,1.48,5.26,29.37%,8.36%,7.90%,,,False,False,False,14.97,93.65%
601916,浙商银行,2020-12-31,123.09亿,-4.76%,123.34亿,-3.86%,477.03亿,2.89%,0.5300,5.43,1.51,1.52,2.33,26.33%,10.03%,9.43%,,,False,False,False,14.68,93.53%
601916,浙商银行,2021-03-31,45.76亿,1.06%,45.52亿,0.55%,130.02亿,-3.43%,0.1700,5.61,1.51,1.70,-3.30,35.82%,3.70%,3.41%,,,False,False,False,14.34,93.38%
601916,浙商银行,2021-06-30,68.51亿,1.12%,68.05亿,0.58%,259.03亿,3.02%,0.2800,5.55,1.51,1.52,-1.20,26.98%,5.06%,5.15%,,,False,False,False,15.18,93.73%
601916,浙商银行,2021-09-30,105.78亿,4.28%,105.01亿,2.58%,404.16亿,14.69%,0.4600,5.75,1.51,1.70,-1.42,26.75%,8.32%,7.71%,,,False,False,False,14.85,93.60%
601916,浙商银行,2021-12-31,126.48亿,2.75%,125.04亿,1.38%,544.71亿,14.19%,0.5500,5.84,1.51,1.73,-1.74,23.71%,9.83%,7.70%,,,False,False,False,12.91,92.70%
601916,浙商银行,2022-03-31,51.18亿,11.84%,51.01亿,12.06%,153.91亿,18.37%,0.2000,6.04,1.51,1.93,2.27,33.93%,15.55%,3.33%,,,False,False,False,15.15,93.70%
601916,浙商银行,2022-06-30,69.74亿,1.80%,69.35亿,1.91%,317.40亿,22.53%,0.2700,6.14,1.52,1.90,6.14,22.60%,4.82%,4.48%,,,False,False,False,15.19,93.72%
601916,浙商银行,2022-09-30,115.37亿,9.07%,114.73亿,9.26%,477.17亿,18.06%,0.4800,6.34,1.52,2.11,5.79,24.78%,8.42%,7.22%,,,False,False,False,14.89,93.60%
601916,浙商银行,2022-12-31,136.18亿,7.67%,135.35亿,8.25%,610.85亿,12.14%,0.5300,6.49,1.52,2.10,7.89,22.90%,9.01%,8.36%,,,False,False,False,15.07,93.67%
601916,浙商银行,2023-03-31,56.25亿,9.91%,53.40亿,4.69%,157.80亿,2.53%,0.2500,6.72,1.52,2.36,-1.79,36.36%,4.01%,3.35%,,,False,False,False,15.34,93.77%
601916,浙商银行,2023-06-30,77.43亿,11.03%,74.51亿,7.44%,332.27亿,4.68%,0.3400,5.80,1.42,1.71,0.12,23.97%,5.48%,4.39%,,,False,False,False,15.50,93.84%
601916,浙商银行,2023-09-30,127.53亿,10.54%,124.76亿,8.74%,496.90亿,4.13%,0.5300,5.77,1.40,1.81,-0.55,26.39%,8.73%,6.95%,,,False,False,False,15.09,93.68%
601916,浙商银行,2023-12-31,150.48亿,10.50%,147.38亿,8.89%,637.04亿,4.29%,0.5700,5.87,1.40,1.80,7.08,24.32%,9.45%,8.08%,,,False,False,False,15.86,93.97%
601916,浙商银行,2024-03-31,59.13亿,5.12%,59.35亿,11.14%,184.07亿,16.65%,0.2200,6.10,1.40,2.02,-3.28,32.74%,3.60%,3.07%,,,False,False,False,15.41,93.80%
601916,浙商银行,2024-06-30,79.99亿,3.31%,80.19亿,7.62%,352.79亿,6.18%,0.2900,6.04,1.40,1.74,-3.45,23.37%,4.83%,4.19%,,,False,False,False,16.00,94.01%
601916,浙商银行,2024-09-30,129.05亿,1.19%,129.28亿,3.62%,524.91亿,5.64%,0.4700,6.20,1.40,1.91,-3.09,25.38%,7.75%,6.60%,,,False,False,False,15.75,93.92%
601916,浙商银行,2024-12-31,151.86亿,0.92%,151.98亿,3.12%,676.50亿,6.19%,0.5200,6.33,1.40,1.91,-4.39,23.20%,8.49%,7.63%,,,False,False,False,15.70,93.90%
601916,浙商银行,2025-03-31,59.49亿,0.61%,60.11亿,1.28%,171.05亿,-7.07%,0.2200,6.44,1.40,2.12,-0.08,35.73%,3.39%,2.95%,,,False,False,False,16.04,94.02%
601916,浙商银行,2025-06-30,76.67亿,-4.15%,77.52亿,-3.33%,332.48亿,-5.76%,0.2800,6.38,1.40,1.95,-1.58,23.98%,4.34%,3.83%,,,False,False,False,15.69,93.89%
601916,浙商银行,2025-09-30,116.68亿,-9.59%,119.57亿,-7.51%,489.31亿,-6.78%,0.4200,6.46,1.40,2.08,-1.21,24.85%,6.62%,5.76%,,,False,False,False,15.72,93.90%
601916,浙商银行,2025-12-31,129.31亿,-14.85%,132.47亿,-12.84%,625.14亿,-7.59%,0.4400,6.48,1.40,2.04,-0.46,21.69%,6.80%,6.37%,,,False,False,False,16.14,94.04%
601916,浙商银行,2026-03-31,59.92亿,0.72%,59.68亿,-0.72%,171.90亿,0.50%,0.2200,6.68,1.40,2.26,3.69,35.89%,3.32%,2.87%,,,False,False,False,16.78,94.26%
601939,建设银行,2000-12-31,75.40亿,False,False,False,False,False,False,False,0.24,0.11,False,False,False,False,,,,,,21.04,95.46%
601939,建设银行,2001-12-31,51.67亿,-31.47%,False,False,False,False,False,False,0.25,0.02,False,False,False,False,,,,,,24.59,96.09%
601939,建设银行,2002-12-31,43.04亿,-16.70%,False,False,False,False,False,False,0.26,False,False,False,False,False,,,,,,27.75,96.52%
601939,建设银行,2003-12-31,223.87亿,420.14%,False,False,1139.85亿,False,False,False,0.0002,0.0001,False,False,False,False,,,,,,18.08,94.76%
601939,建设银行,2004-12-31,490.42亿,119.06%,492.67亿,False,1125.79亿,-1.23%,0.2600,1.01,-0.0014,0.0054,0.63,43.56%,22.99%,25.08%,,,,,,19.00,95.00%
601939,建设银行,2005-12-31,471.03亿,-3.95%,466.62亿,-5.29%,1272.68亿,13.05%,0.2400,1.28,0.18,0.02,1.52,37.01%,21.75%,16.38%,,,,,,14.95,93.73%
601939,建设银行,2006-06-30,232.23亿,False,False,False,702.68亿,False,0.1000,False,False,False,False,33.05%,False,False,,,,,,False,False
601939,建设银行,2006-12-31,463.22亿,-1.66%,458.04亿,-1.84%,1502.12亿,18.03%,0.2100,1.47,0.18,0.19,1.84,30.84%,15.00%,14.03%,,,,,,15.50,93.94%
601939,建设银行,2007-06-30,342.21亿,47.36%,340.86亿,False,993.12亿,41.33%,0.1500,1.45,0.17,0.08,1.02,34.49%,9.90%,10.51%,,,,,,17.79,94.68%
601939,建设银行,2007-09-30,570.27亿,False,562.97亿,False,1587.89亿,False,0.2500,1.67,0.37,0.10,1.24,35.96%,False,14.65%,,,,,,15.44,93.91%
601939,建设银行,2007-12-31,690.53亿,49.07%,689.92亿,50.62%,2194.59亿,46.10%,0.3000,1.81,0.46,0.14,1.30,31.51%,19.50%,16.40%,,,,,,14.67,93.60%
601939,建设银行,2008-03-31,321.18亿,False,320.26亿,False,649.10亿,False,0.1400,1.92,0.43,0.28,-0.06,49.50%,7.35%,7.19%,,,,,,14.38,93.48%
601939,建设银行,2008-06-30,586.67亿,71.44%,586.33亿,72.01%,1351.88亿,36.12%,0.2500,1.94,0.42,0.26,-0.11,43.42%,13.18%,12.92%,,,,,,14.54,93.55%
601939,建设银行,2008-09-30,842.34亿,47.71%,841.23亿,49.43%,1987.81亿,25.19%,0.3600,2.05,0.41,0.34,0.07,42.39%,18.68%,17.62%,,,,,,14.31,93.45%
601939,建设银行,2008-12-31,925.99亿,34.10%,958.25亿,38.89%,2675.07亿,21.89%,0.4000,1.99,0.39,0.26,0.77,34.63%,20.68%,19.87%,,,,,,15.21,93.81%
601939,建设银行,2009-03-31,262.56亿,-18.25%,261.45亿,-18.36%,654.58亿,0.84%,0.1100,2.11,0.39,0.37,-0.78,40.14%,5.48%,5.33%,,,,,,16.61,94.30%
601939,建设银行,2009-06-30,558.06亿,-4.88%,553.75亿,-5.56%,1308.62亿,-3.20%,0.2400,2.16,0.39,0.41,-0.21,42.67%,11.27%,11.06%,,,,,,17.04,94.44%
601939,建设银行,2009-09-30,861.19亿,2.24%,855.51亿,1.70%,1973.75亿,-0.71%,0.3700,2.30,0.39,0.54,0.66,43.65%,17.09%,16.14%,,,,,,16.52,94.26%
601939,建设银行,2009-12-31,1067.56亿,15.29%,1055.47亿,10.15%,2671.84亿,-0.12%,0.4500,2.38,0.39,0.58,1.81,39.99%,20.87%,19.22%,,,,,,16.32,94.19%
601939,建设银行,2010-03-31,351.64亿,33.93%,350.79亿,34.17%,752.76亿,15.00%,0.1500,2.55,0.39,0.73,0.64,46.75%,6.13%,5.94%,,,,,,16.09,94.12%
601939,建设银行,2010-06-30,707.41亿,26.76%,705.62亿,27.43%,1533.07亿,17.15%,0.3000,2.48,0.39,0.62,0.85,46.17%,12.00%,12.27%,,,,,,16.75,94.33%
601939,建设银行,2010-09-30,1104.99亿,28.31%,1097.74亿,28.31%,2347.98亿,18.96%,0.4700,2.67,0.39,0.79,1.05,47.12%,18.65%,17.81%,,,,,,16.04,94.10%
601939,建设银行,2010-12-31,1348.44亿,26.31%,1338.34亿,26.80%,3234.89亿,21.07%,0.5600,2.80,0.54,0.78,1.04,41.74%,22.61%,19.35%,,,,,,14.51,93.52%
601939,建设银行,2011-03-31,471.85亿,34.19%,469.71亿,33.90%,963.33亿,27.97%,0.1900,3.00,0.54,0.97,-0.74,49.03%,6.55%,6.33%,,,,,,14.18,93.38%
601939,建设银行,2011-06-30,928.25亿,31.22%,920.27亿,30.42%,1960.33亿,27.87%,0.3700,2.93,0.54,0.92,-0.27,47.42%,12.49%,12.65%,,,,,,15.02,93.72%
601939,建设银行,2011-09-30,1390.12亿,25.80%,1380.82亿,25.79%,2961.50亿,26.13%,0.5600,3.12,0.54,1.10,-0.29,47.01%,18.62%,17.97%,,,,,,14.21,93.38%
601939,建设银行,2011-12-31,1692.58亿,25.52%,1681.52亿,25.64%,3970.90亿,22.75%,0.6800,3.24,0.54,1.16,0.50,42.67%,22.51%,20.87%,,,,,,14.13,93.35%
601939,建设银行,2012-03-31,515.12亿,9.17%,514.63亿,9.56%,1096.82亿,13.86%,0.2100,3.48,0.54,1.36,0.99,47.05%,6.15%,5.97%,,,,,,14.37,93.45%
601939,建设银行,2012-06-30,1062.83亿,14.50%,1058.46亿,15.02%,2270.05亿,15.80%,0.4300,3.45,0.54,1.29,1.36,46.91%,12.28%,12.31%,,,,,,14.63,93.56%
601939,建设银行,2012-09-30,1581.91亿,13.80%,1576.08亿,14.14%,3412.76亿,15.24%,0.6300,3.67,0.54,1.50,0.90,46.45%,18.14%,17.41%,,,,,,13.62,93.10%
601939,建设银行,2012-12-31,1931.79亿,14.13%,1922.93亿,14.36%,4607.46亿,16.03%,0.7700,3.77,0.54,1.56,1.48,42.02%,21.98%,20.51%,,,,,,13.83,93.20%
601939,建设银行,2013-03-31,595.80亿,15.66%,593.91亿,15.41%,1255.84亿,14.50%,0.2400,4.04,0.54,1.80,-0.54,47.55%,6.13%,5.94%,,,,,,13.63,93.11%
601939,建设银行,2013-06-30,1197.11亿,12.63%,1192.09亿,12.62%,2514.01亿,10.75%,0.4800,3.97,0.54,1.49,0.31,47.72%,11.95%,12.06%,,,,,,13.97,93.27%
601939,建设银行,2013-09-30,1764.82亿,11.56%,1756.89亿,11.47%,3773.90亿,10.58%,0.7100,4.20,0.54,1.71,0.07,46.87%,17.54%,16.95%,,,,,,13.39,93.00%
601939,建设银行,2013-12-31,2146.57亿,11.12%,2132.13亿,10.88%,5086.08亿,10.39%,0.8600,4.26,0.54,1.78,0.18,42.30%,21.23%,20.14%,,,,,,13.40,93.01%
601939,建设银行,2014-03-31,657.80亿,10.41%,654.28亿,10.16%,1473.51亿,17.33%,0.2600,4.59,0.54,2.04,1.03,44.74%,5.97%,5.77%,,,,,,13.16,92.89%
601939,建设银行,2014-06-30,1306.62亿,9.15%,1299.58亿,9.02%,2870.97亿,14.20%,0.5200,4.59,0.54,1.94,0.36,45.62%,11.49%,11.48%,,,,,,13.40,93.01%
601939,建设银行,2014-09-30,1902.98亿,7.83%,1892.80亿,7.74%,4290.43亿,13.69%,0.7600,4.83,0.54,2.18,1.86,44.44%,16.61%,15.89%,,,,,,12.96,92.78%
601939,建设银行,2014-12-31,2278.30亿,6.14%,2263.74亿,6.17%,5704.70亿,12.16%,0.9100,4.97,0.54,2.23,1.27,40.01%,19.74%,18.34%,,,,,,12.47,92.52%
601939,建设银行,2015-03-31,670.05亿,1.86%,665.36亿,1.69%,1623.67亿,10.19%,0.2700,5.26,0.54,2.50,1.08,41.34%,5.26%,5.13%,,,,,,12.37,92.47%
601939,建设银行,2015-06-30,1318.95亿,0.94%,1308.80亿,0.71%,3110.42亿,8.34%,0.5300,5.25,0.54,2.40,1.28,42.52%,10.09%,10.13%,,,,,,12.99,92.80%
601939,建设银行,2015-09-30,1915.57亿,0.66%,1903.17亿,0.55%,4573.91亿,6.61%,0.7700,5.50,0.54,2.63,2.25,41.99%,14.59%,14.05%,,,,,,12.43,92.50%
601939,建设银行,2015-12-31,2281.45亿,0.14%,2262.13亿,-0.07%,6051.97亿,6.09%,0.9100,5.74,0.54,2.69,2.53,37.82%,17.27%,15.91%,,,,,,11.79,92.12%
601939,建设银行,2016-03-31,679.52亿,1.41%,675.01亿,1.45%,1879.44亿,15.75%,0.2700,6.04,0.54,2.96,1.44,36.13%,4.63%,4.53%,,,,,,11.76,92.11%
601939,建设银行,2016-06-30,1334.10亿,1.15%,1321.91亿,1.00%,3328.52亿,7.01%,0.5300,5.90,0.54,2.85,1.89,40.23%,8.90%,8.92%,,,,,,12.21,92.38%
601939,建设银行,2016-09-30,1938.35亿,1.19%,1923.59亿,1.07%,4725.72亿,3.32%,0.7800,6.21,0.54,3.09,4.08,41.19%,12.87%,12.43%,,,,,,12.14,92.33%
601939,建设银行,2016-12-31,2314.60亿,1.45%,2291.77亿,1.31%,6050.90亿,-0.02%,0.9200,6.28,0.54,3.15,3.53,38.41%,15.44%,14.68%,,,,,,12.29,92.42%
601939,建设银行,2017-03-31,700.12亿,3.03%,696.35亿,3.16%,1707.98亿,-9.12%,0.2800,6.52,0.54,3.43,1.05,41.12%,4.41%,4.28%,,,,,,12.24,92.39%
601939,建设银行,2017-06-30,1383.39亿,3.69%,1372.09亿,3.80%,3203.88亿,-3.74%,0.5500,6.50,0.54,3.29,-0.48,43.39%,8.55%,8.50%,,,,,,12.31,92.42%
601939,建设银行,2017-09-30,2012.42亿,3.82%,1996.30亿,3.78%,4719.94亿,-0.12%,0.8000,6.76,0.54,3.54,0.54,42.86%,12.39%,11.89%,,,,,,12.02,92.25%
601939,建设银行,2017-12-31,2422.64亿,4.67%,2409.95亿,5.16%,6216.59亿,2.74%,0.9600,6.86,0.54,3.55,0.32,39.19%,14.80%,13.61%,,,,,,11.42,91.88%
601939,建设银行,2018-03-31,738.15亿,5.43%,733.73亿,5.37%,1810.73亿,7.27%,0.3000,7.10,0.54,3.72,1.39,40.43%,4.26%,4.02%,,,,,,11.43,91.89%
601939,建设银行,2018-06-30,1470.27亿,6.28%,1462.96亿,6.62%,3407.64亿,6.09%,0.5900,7.14,0.54,3.73,1.10,43.38%,8.33%,7.95%,,,,,,11.33,91.82%
601939,建设银行,2018-09-30,2141.08亿,6.39%,2133.86亿,6.89%,5012.32亿,5.94%,0.8600,7.44,0.54,3.99,2.98,42.97%,12.06%,11.14%,,,,,,11.14,91.70%
601939,建设银行,2018-12-31,2546.55亿,5.11%,2548.38亿,5.74%,6588.91亿,5.99%,1.0000,7.65,0.54,3.96,2.46,38.80%,14.04%,12.88%,,,,,,10.74,91.42%
601939,建设银行,2019-03-31,769.16亿,4.20%,768.50亿,4.74%,1870.66亿,3.31%,0.3100,7.96,0.54,4.27,1.13,41.66%,3.98%,3.75%,,,,,,10.77,91.45%
601939,建设银行,2019-06-30,1541.90亿,4.87%,1541.09亿,5.34%,3614.71亿,6.08%,0.6200,7.97,0.54,4.27,0.46,43.08%,7.81%,7.50%,,,,,,10.85,91.50%
601939,建设银行,2019-09-30,2253.44亿,5.25%,2252.55亿,5.56%,5396.35亿,7.66%,0.9000,8.29,0.54,4.56,0.71,42.14%,11.35%,10.55%,,,,,,10.47,91.22%
601939,建设银行,2019-12-31,2667.33亿,4.74%,2630.33亿,3.22%,7056.29亿,7.09%,1.0500,8.39,0.54,4.47,2.33,38.15%,13.18%,12.04%,,,,,,10.47,91.21%
601939,建设银行,2020-03-31,808.55亿,5.12%,808.31亿,5.18%,2093.95亿,11.94%,0.3200,8.79,0.54,4.79,1.98,38.67%,3.77%,3.49%,,,,,,10.70,91.39%
601939,建设银行,2020-06-30,1376.26亿,-10.74%,1377.16亿,-10.64%,3891.09亿,7.65%,0.5500,8.65,0.54,4.70,0.25,35.71%,6.33%,6.03%,,,,,,11.11,91.68%
601939,建设银行,2020-09-30,2058.32亿,-8.66%,2059.82亿,-8.56%,5714.35亿,5.89%,0.8200,8.81,0.54,4.96,2.44,36.33%,9.40%,8.86%,,,,,,11.18,91.71%
601939,建设银行,2020-12-31,2710.50亿,1.62%,2663.23亿,1.25%,7558.58亿,7.12%,1.0600,9.06,0.54,4.96,2.32,36.19%,12.12%,11.46%,,,,,,10.89,91.51%
601939,建设银行,2021-03-31,831.15亿,2.80%,830.09亿,2.69%,2165.23亿,3.40%,0.3300,9.38,0.54,5.29,1.01,38.34%,3.61%,3.40%,,,,,,11.01,91.59%
601939,建设银行,2021-06-30,1533.00亿,11.39%,1530.50亿,11.13%,4163.32亿,7.00%,0.6100,9.35,0.54,5.25,0.69,37.02%,6.55%,6.29%,,,,,,11.23,91.75%
601939,建设银行,2021-09-30,2321.53亿,12.79%,2320.26亿,12.64%,6244.05亿,9.27%,0.9300,9.69,0.54,5.56,1.89,37.34%,9.86%,9.20%,,,,,,10.94,91.54%
601939,建设银行,2021-12-31,3025.13亿,11.61%,2981.56亿,11.95%,8242.46亿,9.05%,1.1900,9.95,0.54,5.58,1.75,36.87%,12.55%,11.69%,,,,,,10.68,91.36%
601939,建设银行,2022-03-31,885.13亿,6.49%,887.50亿,6.92%,2051.01亿,7.25%,0.3500,10.29,0.54,5.93,1.92,37.82%,3.51%,3.32%,,,,,,10.97,91.57%
601939,建设银行,2022-06-30,1618.99亿,5.61%,1615.07亿,5.53%,4026.12亿,4.72%,0.6500,10.24,0.54,5.85,3.26,37.10%,6.30%,6.08%,,,,,,11.66,92.04%
601939,建设银行,2022-09-30,2477.49亿,6.72%,2471.51亿,6.52%,5959.84亿,0.98%,0.9900,10.60,0.54,6.19,3.30,39.13%,9.58%,8.86%,,,,,,11.28,91.80%
601939,建设银行,2022-12-31,3247.27亿,7.34%,3237.03亿,8.57%,7837.60亿,-0.22%,1.2800,10.87,0.54,6.11,3.91,39.29%,12.27%,11.34%,,,,,,11.10,91.68%
601939,建设银行,2023-03-31,887.43亿,0.26%,888.44亿,0.11%,2070.76亿,0.96%,0.3500,11.21,0.54,6.47,1.48,43.05%,3.22%,3.02%,,,,,,11.55,91.98%
601939,建设银行,2023-06-30,1673.44亿,3.36%,1671.29亿,3.48%,4002.55亿,-0.59%,0.6700,11.18,0.54,6.40,3.26,41.80%,5.98%,5.70%,,,,,,12.03,92.27%
601939,建设银行,2023-09-30,2554.54亿,3.11%,2550.08亿,3.18%,5884.40亿,-1.27%,1.0200,11.50,0.54,6.75,1.91,43.41%,9.04%,8.30%,,,,,,11.30,91.82%
601939,建设银行,2023-12-31,3326.53亿,2.44%,3322.91亿,2.65%,7697.36亿,-1.79%,1.3100,11.80,0.54,6.70,2.57,43.19%,11.56%,10.56%,,,,,,11.16,91.72%
601939,建设银行,2024-03-31,868.17亿,-2.17%,868.88亿,-2.20%,2009.28亿,-2.97%,0.3500,12.17,0.54,7.04,0.84,43.25%,2.90%,2.68%,,,,,,11.25,91.79%
601939,建设银行,2024-06-30,1643.26亿,-1.80%,1643.34亿,-1.67%,3859.65亿,-3.57%,0.6600,12.14,0.54,6.95,1.16,42.76%,5.41%,5.08%,,,,,,11.45,91.92%
601939,建设银行,2024-09-30,2557.76亿,0.13%,2555.65亿,0.22%,5690.22亿,-3.30%,1.0100,12.48,0.54,7.30,3.82,45.18%,8.27%,7.70%,,,,,,11.32,91.83%
601939,建设银行,2024-12-31,3355.77亿,0.88%,3353.23亿,0.91%,7469.70亿,-2.54%,1.3100,12.65,0.54,7.13,1.35,44.83%,10.69%,10.10%,,,,,,11.21,91.76%
601939,建设银行,2025-03-31,833.51亿,-3.99%,832.73亿,-4.16%,1900.70亿,-5.40%,0.3300,12.92,0.54,7.46,2.88,44.06%,2.61%,2.46%,,,,,,11.62,92.03%
601939,建设银行,2025-06-30,1620.76亿,-1.37%,1615.98亿,-1.66%,3942.73亿,2.15%,0.6500,12.86,0.88,7.23,4.80,41.25%,5.04%,4.55%,,,,,,11.46,91.93%
601939,建设银行,2025-09-30,2573.60亿,0.62%,2567.28亿,0.46%,5737.02亿,0.82%,1.0000,13.12,0.88,7.58,6.95,45.05%,7.74%,7.08%,,,,,,11.48,91.94%
601939,建设银行,2025-12-31,3389.06亿,0.99%,3387.83亿,1.03%,7610.49亿,1.88%,1.3000,13.24,0.88,7.38,8.03,44.65%,10.04%,9.25%,,,,,,11.45,91.92%
601939,建设银行,2026-03-31,862.91亿,3.53%,861.61亿,3.47%,2112.56亿,11.15%,0.3300,13.56,0.88,7.71,2.27,41.10%,2.46%,2.30%,,,,,,11.57,92.00%
601963,重庆银行,1999-12-31,False,False,False,False,False,False,False,False,0.0030,0.13,False,False,False,False,False,False,0.61,0.61,0.06,21.62,95.58%
601963,重庆银行,2000-12-31,False,False,False,False,False,False,False,False,0.0030,0.12,False,False,False,False,False,False,0.93,0.91,0.07,16.18,94.18%
601963,重庆银行,2001-12-31,2222.22万,False,False,False,4.91亿,False,False,False,0.0030,0.14,False,4.53%,False,False,61.79,61.79,0.54,0.54,0.05,24.34,96.05%
601963,重庆银行,2002-12-31,2154.95万,-3.03%,False,False,5.19亿,5.85%,False,False,0.0028,0.13,False,4.15%,False,False,61.06,61.06,0.49,0.47,0.03,32.10,96.98%
601963,重庆银行,2003-12-31,4937.24万,129.11%,False,False,7.00亿,34.73%,False,False,0.0005,0.04,False,7.05%,False,False,False,False,0.57,0.55,0.02,13.30,93.00%
601963,重庆银行,2004-12-31,7817.79万,58.34%,False,False,6.16亿,45.32%,False,False,0.0005,0.06,False,7.69%,False,False,False,False,0.57,0.57,0.03,12.30,92.48%
601963,重庆银行,2005-12-31,1.53亿,96.20%,False,False,6.62亿,7.39%,0.1000,False,0.0076,-0.05,False,23.18%,False,False,False,False,False,False,False,18.50,94.87%
601963,重庆银行,2006-12-31,2.75亿,79.09%,False,False,9.39亿,41.99%,0.1500,False,0.0100,0.05,False,29.24%,False,False,False,False,False,False,False,13.98,93.32%
601963,重庆银行,2007-12-31,5.57亿,102.63%,False,False,15.51亿,65.06%,0.2800,False,0.0023,0.24,False,35.90%,False,False,False,False,False,False,False,15.98,94.11%
601963,重庆银行,2008-06-30,4.08亿,False,False,False,8.64亿,False,0.2000,False,-0.0008,0.30,False,47.22%,False,False,False,False,False,False,False,17.87,94.70%
601963,重庆银行,2008-12-31,6.55亿,17.68%,False,False,19.13亿,23.39%,0.3200,False,0.0060,0.39,False,34.24%,False,False,False,False,False,False,False,16.15,94.17%
601963,重庆银行,2009-12-31,8.76亿,33.71%,False,False,20.94亿,9.45%,0.4300,False,-0.0088,0.68,False,41.83%,False,False,False,False,False,False,False,19.04,95.01%
601963,重庆银行,2010-12-31,11.04亿,26.01%,False,False,27.57亿,31.67%,0.5500,False,-0.02,1.04,False,40.03%,False,False,False,False,False,False,False,20.54,95.36%
601963,重庆银行,2011-06-30,7.74亿,False,False,False,16.67亿,False,0.3800,False,-0.0082,1.25,False,46.41%,False,False,False,False,False,False,False,20.14,95.27%
601963,重庆银行,2011-12-31,14.89亿,34.91%,False,False,35.58亿,29.04%,0.7400,False,-0.0001,1.55,False,41.85%,False,False,False,False,False,False,False,18.74,94.93%
601963,重庆银行,2012-12-31,19.25亿,29.27%,False,False,46.41亿,30.33%,0.9500,False,-0.0100,2.25,False,41.53%,False,False,False,False,False,False,False,17.93,94.72%
601963,重庆银行,2013-12-31,23.29亿,21.01%,False,False,58.22亿,25.44%,1.1000,False,0.86,2.10,False,40.01%,False,False,False,False,False,False,False,14.34,93.48%
601963,重庆银行,2014-12-31,28.27亿,21.37%,False,False,74.69亿,28.29%,1.0500,False,0.90,2.57,False,37.85%,False,False,False,False,False,False,False,16.26,94.21%
601963,重庆银行,2015-06-30,18.38亿,False,False,False,42.47亿,False,0.6800,False,0.90,2.64,False,43.27%,False,False,False,False,False,False,False,15.45,93.92%
601963,重庆银行,2015-12-31,31.70亿,12.13%,31.47亿,False,85.49亿,14.46%,1.1700,6.81,1.50,2.61,5.35,37.08%,18.36%,14.89%,False,False,False,False,False,14.02,93.34%
601963,重庆银行,2016-12-31,35.02亿,10.48%,34.95亿,11.08%,95.83亿,12.09%,1.1200,7.61,1.50,3.15,-6.47,36.55%,15.53%,14.71%,False,False,False,False,False,14.67,93.62%
601963,重庆银行,2017-12-31,37.26亿,6.39%,36.85亿,5.43%,101.45亿,5.86%,1.1900,8.33,1.50,3.71,-2.22,37.10%,14.95%,12.04%,False,False,False,False,False,12.61,92.32%
601963,重庆银行,2018-03-31,11.14亿,False,False,False,19.49亿,False,False,False,False,False,False,57.65%,False,False,False,False,False,False,False,False,False
601963,重庆银行,2018-06-30,22.72亿,False,False,False,52.11亿,False,False,False,1.50,3.60,False,44.02%,False,False,False,False,False,False,False,12.88,92.47%
601963,重庆银行,2018-09-30,33.31亿,False,False,False,False,False,False,False,False,False,False,41.93%,False,False,False,False,False,False,False,False,False
601963,重庆银行,2018-12-31,37.70亿,1.18%,37.44亿,1.59%,108.40亿,6.85%,1.1100,9.00,1.50,3.85,-10.93,35.26%,12.77%,11.41%,False,False,False,False,False,12.58,92.31%
601963,重庆银行,2019-03-31,12.12亿,8.82%,False,False,23.74亿,21.78%,False,False,False,False,False,52.17%,False,False,False,False,False,False,False,12.20,92.11%
601963,重庆银行,2019-06-30,24.22亿,6.58%,False,False,48.55亿,-6.84%,False,False,False,False,False,51.77%,False,False,False,False,False,False,False,12.01,91.99%
601963,重庆银行,2019-09-30,37.22亿,11.75%,37.00亿,False,87.69亿,False,1.1900,11.75,False,False,-0.23,43.46%,16.60%,10.13%,False,False,False,False,False,11.73,91.82%
601963,重庆银行,2019-12-31,42.07亿,11.61%,41.97亿,12.11%,119.48亿,10.22%,1.2500,10.25,1.50,4.78,-0.87,36.17%,12.95%,11.39%,False,False,False,False,False,12.52,92.30%
601963,重庆银行,2020-03-31,13.77亿,13.67%,13.84亿,False,33.44亿,40.88%,0.4400,False,False,False,False,42.05%,4.22%,False,False,False,False,False,False,False,False
601963,重庆银行,2020-06-30,25.46亿,5.11%,25.51亿,False,65.38亿,34.68%,0.8100,10.82,1.50,5.12,3.43,40.07%,7.77%,6.57%,False,False,False,False,False,12.69,92.40%
601963,重庆银行,2020-09-30,38.91亿,4.52%,38.65亿,4.46%,98.87亿,12.75%,1.2400,11.23,1.50,5.56,7.84,40.52%,15.49%,9.72%,False,False,False,False,False,12.62,92.36%
601963,重庆银行,2020-12-31,44.24亿,5.14%,43.74亿,4.22%,130.48亿,9.21%,1.3200,11.28,1.50,5.47,10.30,34.99%,12.20%,11.01%,False,False,False,False,False,12.93,92.52%
601963,重庆银行,2021-03-31,14.34亿,4.11%,14.24亿,2.86%,36.56亿,9.33%,0.4100,11.56,2.31,5.33,-2.26,40.43%,3.86%,3.18%,False,False,False,False,False,11.96,91.99%
601963,重庆银行,2021-06-30,26.59亿,4.47%,26.14亿,2.48%,72.74亿,11.26%,0.7900,11.58,2.31,5.15,-6.06,37.86%,6.85%,5.89%,False,False,False,False,False,12.40,92.25%
601963,重庆银行,2021-09-30,40.69亿,4.58%,40.06亿,3.66%,111.88亿,13.16%,1.2000,12.06,2.31,5.55,-2.91,37.68%,10.28%,8.69%,False,False,False,False,False,12.05,92.05%
601963,重庆银行,2021-12-31,46.64亿,5.43%,45.96亿,5.08%,145.15亿,11.24%,1.2800,12.19,2.32,5.51,1.46,33.48%,10.99%,9.87%,False,False,False,False,False,12.05,92.04%
601963,重庆银行,2022-03-31,14.43亿,0.64%,14.18亿,-0.40%,31.84亿,-12.91%,0.4200,12.87,2.32,5.90,-7.29,46.78%,3.35%,2.91%,False,False,False,False,False,11.92,91.97%
601963,重庆银行,2022-06-30,27.85亿,4.71%,27.53亿,5.30%,67.67亿,-6.97%,0.8000,12.83,2.32,5.77,-1.22,42.81%,6.29%,5.63%,False,False,False,False,False,12.37,92.24%
601963,重庆银行,2022-09-30,42.41亿,4.23%,41.97亿,4.76%,106.57亿,-4.75%,1.2200,13.26,2.32,6.19,-3.34,41.63%,9.48%,8.32%,False,False,False,False,False,12.10,92.08%
601963,重庆银行,2022-12-31,48.68亿,4.38%,48.00亿,4.44%,134.65亿,-7.23%,1.3100,12.90,2.23,6.15,1.53,38.00%,10.20%,9.87%,False,False,False,False,False,12.83,92.48%
601963,重庆银行,2023-03-31,14.82亿,2.69%,14.50亿,2.22%,32.34亿,1.55%,0.4300,13.47,2.23,6.57,1.24,47.74%,3.25%,2.89%,False,False,False,False,False,12.78,92.45%
601963,重庆银行,2023-06-30,29.06亿,4.38%,28.26亿,2.67%,69.75亿,3.07%,0.8400,13.60,2.23,6.45,-1.96,43.76%,6.28%,5.62%,False,False,False,False,False,13.01,92.58%
601963,重庆银行,2023-09-30,42.70亿,0.68%,41.66亿,-0.73%,102.48亿,-3.84%,1.2300,14.02,2.23,6.85,-2.61,43.90%,9.18%,8.03%,False,False,False,False,False,12.89,92.51%
601963,重庆银行,2023-12-31,49.30亿,1.27%,48.55亿,1.14%,132.11亿,-1.89%,1.3600,14.37,2.23,6.84,1.28,39.58%,10.14%,8.66%,False,False,False,False,False,12.31,92.20%
601963,重庆银行,2024-03-31,15.42亿,4.04%,15.29亿,5.48%,34.01亿,5.17%,0.4400,14.94,2.23,7.28,-5.55,47.61%,3.04%,2.62%,False,False,False,False,False,12.21,92.14%
601963,重庆银行,2024-06-30,30.26亿,4.12%,29.99亿,6.13%,71.58亿,2.62%,0.8700,15.07,2.23,7.10,-10.91,44.85%,5.89%,5.10%,False,False,False,False,False,12.54,92.33%
601963,重庆银行,2024-09-30,44.28亿,3.70%,43.77亿,5.05%,106.34亿,3.78%,1.2700,15.37,2.23,7.50,-9.32,44.25%,8.57%,7.33%,False,False,False,False,False,12.60,92.36%
601963,重庆银行,2024-12-31,51.17亿,3.80%,50.41亿,3.84%,136.79亿,3.54%,1.3800,15.56,2.23,7.30,-5.97,40.36%,9.29%,8.38%,False,False,False,False,False,12.98,92.56%
601963,重庆银行,2025-03-31,16.24亿,5.33%,16.10亿,5.33%,35.81亿,5.30%,0.4700,15.74,2.23,7.77,11.91,47.66%,2.96%,2.63%,False,False,False,False,False,14.06,93.08%
601963,重庆银行,2025-06-30,31.90亿,5.39%,31.75亿,5.84%,76.59亿,7.00%,0.9200,16.04,2.23,7.80,11.54,44.31%,5.76%,5.09%,False,False,False,False,False,14.64,93.34%
601963,重庆银行,2025-09-30,48.79亿,10.19%,48.65亿,11.16%,117.40亿,10.40%,1.4000,16.15,2.23,8.29,15.65,44.26%,8.71%,7.73%,False,False,False,False,False,15.16,93.55%
601963,重庆银行,2025-12-31,56.54亿,10.49%,56.47亿,12.01%,151.13亿,10.48%,1.5300,16.11,2.23,8.10,14.23,40.39%,9.50%,8.98%,False,False,False,False,False,15.37,93.62%
601963,重庆银行,2026-03-31,17.93亿,10.40%,17.64亿,9.56%,39.96亿,11.57%,0.5200,16.39,2.54,8.25,11.19,47.51%,3.15%,2.70%,False,False,False,False,False,15.63,93.72%
601988,中国银行,2003-12-31,287.07亿,False,215.42亿,False,1386.94亿,False,0.1500,1.09,0.23,-0.14,-0.33,20.70%,False,14.10%,,,,,,18.41,94.23%
601988,中国银行,2004-12-31,209.32亿,-27.08%,203.10亿,-5.72%,1047.37亿,-24.48%,0.1100,1.10,False,0.09,-0.54,24.10%,10.00%,10.20%,,,,,,19.66,94.55%
601988,中国银行,2005-12-31,274.92亿,31.34%,261.74亿,28.87%,1160.28亿,10.78%,0.1500,1.12,0.02,0.06,0.07,28.09%,12.60%,11.80%,,,,,,19.16,94.46%
601988,中国银行,2006-03-31,98.98亿,False,False,False,334.55亿,False,0.0500,False,False,False,False,33.33%,False,False,,,,,,False,False
601988,中国银行,2006-06-30,193.47亿,False,183.14亿,False,683.70亿,False,0.0900,1.41,0.30,0.09,-0.46,32.35%,7.50%,5.32%,,,,,,13.53,92.61%
601988,中国银行,2006-09-30,322.94亿,False,317.10亿,False,1060.96亿,False,0.1400,1.49,0.30,0.14,-0.35,34.14%,False,8.34%,,,,,,12.85,92.28%
601988,中国银行,2006-12-31,426.24亿,55.04%,398.22亿,52.14%,1460.74亿,18.62%,0.1800,1.53,0.30,0.16,0.11,34.26%,13.11%,10.79%,,,,,,12.64,92.15%
601988,中国银行,2007-03-31,121.47亿,22.72%,119.72亿,False,425.60亿,28.14%,0.0500,1.57,0.30,0.19,-0.0030,31.29%,3.09%,3.05%,,,,,,12.98,92.34%
601988,中国银行,2007-06-30,298.87亿,54.48%,296.42亿,61.85%,899.26亿,29.84%,0.1200,1.58,0.30,0.21,-0.06,36.87%,7.50%,7.47%,,,,,,13.51,92.63%
601988,中国银行,2007-09-30,457.44亿,41.65%,455.15亿,43.54%,1411.27亿,29.62%,0.1800,1.66,0.30,0.28,-0.04,36.35%,11.28%,10.88%,,,,,,13.24,92.52%
601988,中国银行,2007-12-31,562.29亿,31.92%,559.09亿,40.40%,1941.95亿,23.68%,0.2200,1.67,0.30,0.26,0.20,34.33%,13.85%,13.24%,,,,,,13.04,92.41%
601988,中国银行,2008-03-31,216.22亿,78.00%,215.94亿,80.37%,578.63亿,29.32%,0.0900,1.75,0.30,0.34,0.02,41.78%,4.98%,4.87%,,,,,,13.22,92.53%
601988,中国银行,2008-06-30,420.37亿,40.65%,420.25亿,41.78%,1190.77亿,32.42%,0.1700,1.71,0.29,0.32,-0.10,37.37%,9.53%,9.66%,,,,,,13.84,92.85%
601988,中国银行,2008-09-30,592.00亿,29.42%,592.03亿,30.07%,1773.92亿,25.70%,0.2300,1.79,0.29,0.39,0.33,34.83%,13.38%,13.04%,,,,,,13.47,92.72%
601988,中国银行,2008-12-31,635.39亿,13.00%,652.55亿,16.72%,2282.88亿,17.56%,0.2500,1.84,0.33,0.31,1.67,28.50%,14.26%,13.57%,,,,,,13.80,92.90%
601988,中国银行,2009-03-31,185.09亿,-14.40%,184.43亿,-14.59%,505.33亿,-12.67%,0.0700,1.91,0.32,0.39,1.28,38.17%,3.88%,3.82%,,,,,,15.29,93.55%
601988,中国银行,2009-06-30,410.05亿,-2.45%,406.11亿,-3.36%,1078.56亿,-9.42%,0.1600,1.87,0.32,0.34,-0.07,40.08%,8.45%,8.64%,,,,,,16.24,93.87%
601988,中国银行,2009-09-30,620.56亿,4.82%,613.92亿,3.70%,1688.81亿,-4.80%,0.2400,1.95,0.32,0.43,-0.76,38.54%,12.78%,12.53%,,,,,,15.78,93.71%
601988,中国银行,2009-12-31,808.19亿,27.20%,790.50亿,21.14%,2321.98亿,1.71%,0.3100,2.03,0.32,0.40,-0.47,36.76%,16.48%,15.69%,,,,,,15.94,93.77%
601988,中国银行,2010-03-31,261.75亿,41.42%,258.95亿,40.41%,675.56亿,33.69%,0.1000,2.14,0.33,0.50,1.00,40.48%,4.95%,4.83%,,,,,,16.88,94.10%
601988,中国银行,2010-06-30,520.22亿,26.87%,515.04亿,26.82%,1330.10亿,23.32%,0.2000,2.11,0.35,0.46,0.64,40.88%,9.70%,9.70%,,,,,,17.00,94.14%
601988,中国银行,2010-09-30,792.44亿,27.70%,783.17亿,27.57%,2024.20亿,19.86%,0.3000,2.23,0.36,0.56,0.90,40.98%,14.63%,13.99%,,,,,,16.78,94.08%
601988,中国银行,2010-12-31,1044.18亿,29.20%,1033.74亿,30.77%,2768.17亿,19.22%,0.3900,2.31,0.43,0.53,1.11,39.63%,18.87%,16.21%,,,,,,15.19,93.54%
601988,中国银行,2011-03-31,334.39亿,27.75%,331.31亿,27.94%,835.67亿,23.70%,0.1200,2.43,0.43,0.65,0.75,41.89%,5.06%,4.93%,,,,,,15.53,93.67%
601988,中国银行,2011-06-30,665.56亿,27.94%,659.83亿,28.11%,1661.10亿,24.89%,0.2400,2.40,0.43,0.62,0.09,42.22%,9.94%,9.93%,,,,,,16.09,93.88%
601988,中国银行,2011-09-30,963.68亿,21.61%,955.43亿,22.00%,2452.79亿,21.17%,0.3300,2.49,0.42,0.73,0.61,41.29%,14.36%,13.88%,,,,,,15.57,93.71%
601988,中国银行,2011-12-31,1242.76亿,19.02%,1230.03亿,18.99%,3281.66亿,18.55%,0.4500,2.59,0.43,0.75,0.77,39.71%,18.27%,17.17%,,,,,,15.31,93.61%
601988,中国银行,2012-03-31,367.98亿,10.05%,365.65亿,10.36%,949.56亿,13.63%,0.1300,2.73,0.43,0.88,2.03,40.49%,4.95%,4.83%,,,,,,15.89,93.83%
601988,中国银行,2012-06-30,714.83亿,7.40%,707.58亿,7.24%,1796.27亿,8.14%,0.2600,2.71,0.44,0.85,1.90,41.75%,9.50%,9.47%,,,,,,15.91,93.83%
601988,中国银行,2012-09-30,1061.54亿,10.15%,1053.12亿,10.22%,2694.35亿,9.85%,0.3800,2.84,0.44,0.98,1.20,41.35%,14.00%,13.43%,,,,,,15.05,93.50%
601988,中国银行,2012-12-31,1396.56亿,12.38%,1385.67亿,12.65%,3660.91亿,11.56%,0.5000,2.95,0.44,0.87,0.95,39.75%,18.10%,16.91%,,,,,,14.33,93.21%
601988,中国银行,2013-03-31,398.34亿,8.25%,395.43亿,8.14%,1054.66亿,11.07%,0.1400,3.10,0.44,1.01,-0.27,39.46%,4.72%,4.61%,,,,,,14.28,93.19%
601988,中国银行,2013-06-30,807.21亿,12.92%,803.00亿,13.49%,2060.84亿,14.73%,0.2900,3.04,0.43,0.98,-0.91,40.84%,9.47%,9.50%,,,,,,14.55,93.31%
601988,中国银行,2013-09-30,1202.10亿,13.24%,1197.68亿,13.73%,3056.09亿,13.43%,0.4300,3.19,0.43,1.12,-0.16,41.01%,14.00%,13.52%,,,,,,14.28,93.21%
601988,中国银行,2013-12-31,1569.11亿,12.36%,1557.33亿,12.39%,4075.08亿,11.31%,0.5600,3.31,0.42,1.16,0.80,40.18%,18.04%,16.98%,,,,,,13.98,93.07%
601988,中国银行,2014-03-31,453.63亿,13.88%,451.96亿,14.30%,1200.38亿,13.82%,0.1600,3.48,0.43,1.32,1.39,39.32%,4.79%,4.66%,,,,,,14.49,93.30%
601988,中国银行,2014-06-30,897.24亿,11.15%,887.85亿,10.57%,2349.24亿,13.99%,0.3200,3.46,0.44,1.28,1.59,39.76%,9.29%,9.29%,,,,,,14.98,93.49%
601988,中国银行,2014-09-30,1311.33亿,9.09%,1302.79亿,8.78%,3463.34亿,13.33%,0.4700,3.60,0.44,1.43,1.48,39.50%,13.52%,13.04%,,,,,,14.30,93.22%
601988,中国银行,2014-12-31,1695.95亿,8.08%,1683.56亿,8.11%,4563.31亿,11.98%,0.6100,3.70,0.45,1.41,0.44,38.83%,17.28%,14.87%,,,,,,12.33,92.24%
601988,中国银行,2015-03-31,458.38亿,1.05%,456.55亿,1.02%,1214.40亿,1.17%,0.1600,3.83,0.48,1.54,1.36,39.34%,4.23%,3.73%,,,,,,12.01,92.06%
601988,中国银行,2015-06-30,907.46亿,1.14%,901.29亿,1.51%,2395.61亿,1.97%,0.3100,3.81,0.48,1.50,2.27,39.65%,8.16%,7.44%,,,,,,12.32,92.23%
601988,中国银行,2015-09-30,1315.45亿,0.31%,1309.93亿,0.55%,3567.73亿,3.01%,0.4300,3.94,0.48,1.62,1.82,38.64%,11.27%,10.45%,,,,,,12.20,92.15%
601988,中国银行,2015-12-31,1708.45亿,0.74%,1696.47亿,0.77%,4743.21亿,3.94%,0.5600,4.09,0.48,1.64,2.28,37.83%,14.53%,13.09%,,,,,,11.85,91.93%
601988,中国银行,2016-03-31,466.19亿,1.70%,463.47亿,1.52%,1228.19亿,1.14%,0.1500,4.24,0.48,1.79,-0.51,39.60%,3.69%,3.46%,,,,,,11.60,91.77%
601988,中国银行,2016-06-30,930.37亿,2.52%,740.65亿,-17.82%,2618.95亿,9.32%,0.3100,4.24,0.48,1.78,0.12,40.97%,7.39%,6.90%,,,,,,12.00,91.93%
601988,中国银行,2016-09-30,1348.13亿,2.48%,1153.07亿,-11.97%,3690.70亿,3.45%,0.4400,4.38,0.48,1.90,-0.18,41.06%,10.25%,9.70%,,,,,,11.80,91.80%
601988,中国银行,2016-12-31,1645.78亿,-3.67%,1438.41亿,-15.21%,4836.30亿,1.96%,0.5400,4.46,0.48,1.90,0.62,38.06%,12.58%,11.66%,,,,,,11.80,91.81%
601988,中国银行,2017-03-31,466.49亿,0.06%,450.64亿,-2.77%,1292.95亿,5.27%,0.1500,4.59,0.48,2.06,1.31,38.92%,3.44%,3.21%,,,,,,11.98,91.92%
601988,中国银行,2017-06-30,1036.90亿,11.45%,1017.17亿,37.33%,2482.36亿,-5.22%,0.3500,4.59,0.48,2.08,2.11,44.53%,7.60%,7.14%,,,,,,12.33,92.13%
601988,中国银行,2017-09-30,1455.06亿,7.93%,1434.85亿,24.44%,3640.72亿,-1.35%,0.4700,4.69,0.48,2.20,1.29,42.61%,10.26%,9.82%,,,,,,12.06,91.96%
601988,中国银行,2017-12-31,1724.07亿,4.76%,1700.95亿,18.25%,4832.78亿,-0.07%,0.5600,4.74,0.48,2.20,1.38,38.28%,12.24%,11.52%,,,,,,11.96,91.90%
601988,中国银行,2018-03-31,490.01亿,5.04%,486.69亿,8.00%,1260.15亿,-2.54%,0.1600,4.77,0.48,2.22,1.30,41.41%,3.48%,3.26%,,,,,,12.35,92.14%
601988,中国银行,2018-06-30,1090.88亿,5.21%,1082.71亿,6.44%,2514.47亿,1.29%,0.3700,4.85,0.48,2.24,1.22,45.96%,7.65%,7.14%,,,,,,12.24,92.06%
601988,中国银行,2018-09-30,1532.74亿,5.34%,1522.70亿,6.12%,3761.41亿,3.32%,0.5000,5.02,0.48,2.37,1.94,43.27%,10.28%,9.71%,,,,,,12.19,91.93%
601988,中国银行,2018-12-31,1800.86亿,4.45%,1788.49亿,5.15%,5041.07亿,4.31%,0.5900,5.14,0.48,2.33,2.25,38.17%,12.06%,11.16%,,,,,,12.12,91.89%
601988,中国银行,2019-03-31,509.65亿,4.01%,507.97亿,4.37%,1410.34亿,11.92%,0.1700,5.31,0.48,2.50,-0.80,38.85%,3.26%,2.99%,,,,,,11.62,91.59%
601988,中国银行,2019-06-30,1140.48亿,4.55%,1134.59亿,4.79%,2767.33亿,10.06%,0.3800,5.36,0.48,2.53,-0.31,43.88%,7.28%,6.37%,,,,,,11.37,91.43%
601988,中国银行,2019-09-30,1595.79亿,4.11%,1587.05亿,4.23%,4163.33亿,10.69%,0.5200,5.53,0.48,2.66,-1.90,41.13%,9.75%,8.55%,,,,,,11.05,91.21%
601988,中国银行,2019-12-31,1874.05亿,4.06%,1864.26亿,4.24%,5491.82亿,8.94%,0.6100,5.61,0.46,2.64,-1.65,36.76%,11.45%,10.12%,,,,,,11.23,91.32%
601988,中国银行,2020-03-31,525.83亿,3.17%,527.44亿,3.83%,1481.06亿,5.01%,0.1700,5.81,0.46,2.81,1.48,38.03%,3.03%,2.73%,,,,,,11.38,91.43%
601988,中国银行,2020-06-30,1009.17亿,-11.51%,1004.38亿,-11.48%,2857.10亿,3.24%,0.3200,5.77,0.46,2.77,0.47,37.73%,5.55%,5.15%,,,,,,11.27,91.35%
601988,中国银行,2020-09-30,1457.11亿,-8.69%,1453.10亿,-8.44%,4289.56亿,3.03%,0.4600,5.84,0.46,2.91,0.17,36.36%,7.98%,7.36%,,,,,,11.42,91.48%
601988,中国银行,2020-12-31,1928.70亿,2.92%,1928.16亿,3.43%,5655.31亿,2.98%,0.6100,5.98,0.46,2.94,0.25,36.27%,10.61%,9.46%,,,,,,10.91,91.14%
601988,中国银行,2021-03-31,539.89亿,2.67%,534.36亿,1.31%,1578.55亿,6.58%,0.1800,6.15,0.46,3.11,1.97,36.30%,3.04%,2.62%,,,,,,11.48,91.54%
601988,中国银行,2021-06-30,1128.13亿,11.79%,1120.38亿,11.55%,3029.88亿,6.05%,0.3600,6.13,0.46,3.09,2.34,39.13%,5.99%,5.36%,,,,,,11.44,91.53%
601988,中国银行,2021-09-30,1635.23亿,12.22%,1626.28亿,11.92%,4560.74亿,6.32%,0.5300,6.32,0.46,3.27,1.52,37.79%,8.68%,7.57%,,,,,,11.08,91.28%
601988,中国银行,2021-12-31,2165.59亿,12.28%,2158.29亿,11.94%,6055.59亿,7.08%,0.7000,6.47,0.46,3.25,2.86,37.54%,11.28%,9.73%,,,,,,10.95,91.20%
601988,中国银行,2022-03-31,573.77亿,6.28%,577.01亿,7.98%,1486.12亿,2.07%,0.1900,6.62,0.46,3.44,-1.00,37.58%,3.02%,2.54%,,,,,,11.04,91.28%
601988,中国银行,2022-06-30,1191.65亿,5.63%,1197.05亿,6.84%,2931.77亿,3.39%,0.3700,6.61,0.46,3.40,-0.43,39.68%,5.81%,5.18%,,,,,,11.06,91.29%
601988,中国银行,2022-09-30,1721.80亿,5.29%,1728.00亿,6.25%,4396.19亿,2.58%,0.5500,6.84,0.46,3.58,-1.06,38.69%,8.39%,7.27%,,,,,,10.96,91.20%
601988,中国银行,2022-12-31,2265.22亿,4.60%,2273.12亿,5.32%,5853.67亿,2.06%,0.7200,6.99,0.46,3.56,-0.04,38.43%,10.81%,9.37%,,,,,,10.85,91.12%
601988,中国银行,2023-03-31,576.63亿,0.50%,575.75亿,-0.22%,1658.13亿,11.57%,0.1900,7.16,0.46,3.74,1.66,37.23%,2.79%,2.33%,,,,,,11.21,91.39%
601988,中国银行,2023-06-30,1200.95亿,0.78%,1198.73亿,0.14%,3192.07亿,8.88%,0.3700,7.19,0.46,3.68,2.16,40.00%,5.30%,4.77%,,,,,,11.30,91.44%
601988,中国银行,2023-09-30,1748.58亿,1.56%,1745.30亿,1.00%,4706.26亿,7.05%,0.5500,7.36,0.46,3.87,1.65,39.63%,7.78%,6.82%,,,,,,11.33,91.53%
601988,中国银行,2023-12-31,2319.04亿,2.38%,2309.28亿,1.59%,6228.89亿,6.41%,0.7400,7.58,0.46,3.84,2.77,39.55%,10.12%,8.82%,,,,,,11.29,91.50%
601988,中国银行,2024-03-31,559.89亿,-2.90%,557.43亿,-3.18%,1608.18亿,-3.01%,0.1800,7.79,0.46,4.02,0.0100,37.29%,2.47%,2.11%,,,,,,11.64,91.73%
601988,中国银行,2024-06-30,1186.01亿,-1.24%,1181.06亿,-1.47%,3170.76亿,-0.67%,0.3600,7.78,0.46,3.95,-0.23,39.91%,4.79%,4.48%,,,,,,11.75,91.80%
601988,中国银行,2024-09-30,1757.63亿,0.52%,1752.43亿,0.41%,4783.48亿,1.64%,0.5500,7.99,0.46,4.15,0.57,39.20%,7.16%,6.41%,,,,,,11.38,91.56%
601988,中国银行,2024-12-31,2378.41亿,2.56%,2367.89亿,2.54%,6300.90亿,1.16%,0.7500,8.18,0.46,4.03,1.87,40.11%,9.50%,8.45%,,,,,,11.40,91.58%
601988,中国银行,2025-03-31,543.64亿,-2.90%,546.15亿,-2.02%,1649.29亿,2.56%,0.1800,8.28,0.46,4.22,-0.14,35.56%,2.27%,1.92%,,,,,,11.68,91.75%
601988,中国银行,2025-06-30,1175.91亿,-0.85%,1176.15亿,-0.42%,3290.03亿,3.76%,0.3600,8.19,0.85,3.91,0.10,38.34%,4.56%,3.94%,,,,,,11.27,91.50%
601988,中国银行,2025-09-30,1776.60亿,1.08%,1774.25亿,1.25%,4912.04亿,2.69%,0.5500,8.30,0.85,4.09,0.16,38.60%,6.74%,5.74%,,,,,,11.09,91.38%
601988,中国银行,2025-12-31,2430.21亿,2.18%,2429.12亿,2.59%,6583.10亿,4.48%,0.7400,8.36,0.85,3.98,2.52,39.18%,8.94%,7.93%,,,,,,11.47,91.64%
601988,中国银行,2026-03-31,566.31亿,4.17%,566.03亿,3.64%,1788.46亿,8.44%,0.1800,8.48,0.85,4.15,0.61,34.08%,2.12%,1.82%,,,,,,11.71,91.80%
601997,贵阳银行,2006-12-31,2.06亿,False,False,False,9.72亿,False,0.2200,False,0.16,-0.37,False,21.20%,False,False,,,,,,32.29,97.00%
601997,贵阳银行,2007-12-31,1.78亿,-13.52%,False,False,11.00亿,13.17%,0.1600,False,0.15,-0.24,False,16.20%,False,False,,,,,,29.47,96.72%
601997,贵阳银行,2008-12-31,4.63亿,160.10%,False,False,15.72亿,42.98%,0.4000,False,0.21,0.15,False,29.46%,False,False,,,,,,22.98,95.83%
601997,贵阳银行,2009-06-30,1.63亿,False,False,False,7.21亿,False,0.1400,False,0.40,0.12,False,22.57%,False,False,,,,,,18.36,94.83%
601997,贵阳银行,2009-12-31,4.10亿,-11.58%,False,False,14.92亿,-5.15%,0.3200,False,0.45,0.24,False,27.46%,False,False,,,,,,17.60,94.62%
601997,贵阳银行,2010-12-31,8.21亿,100.45%,False,False,19.68亿,31.97%,0.5400,False,0.49,0.45,False,41.71%,False,False,,,,,,15.99,94.12%
601997,贵阳银行,2011-12-31,11.58亿,41.09%,11.33亿,False,27.01亿,37.22%,0.6700,2.94,0.68,0.91,4.06,42.79%,25.89%,21.89%,,,,,,14.50,93.49%
601997,贵阳银行,2012-09-30,12.80亿,False,False,False,25.07亿,False,0.7100,False,0.66,1.45,False,50.91%,False,False,,,,,,14.78,93.62%
601997,贵阳银行,2012-12-31,16.22亿,39.98%,16.20亿,42.99%,34.69亿,28.43%,0.9000,3.72,0.66,1.55,4.12,46.71%,27.45%,24.44%,,,,,,14.79,93.63%
601997,贵阳银行,2013-12-31,18.04亿,11.23%,17.97亿,10.93%,38.22亿,10.17%,1.0000,4.40,0.69,2.04,1.90,47.33%,24.91%,22.80%,,,,,,14.48,93.51%
601997,贵阳银行,2014-12-31,24.36亿,35.03%,24.22亿,34.83%,57.43亿,50.27%,1.3500,5.87,0.69,3.03,7.58,42.61%,26.44%,23.09%,,,,,,13.78,93.14%
601997,贵阳银行,2015-03-31,6.75亿,False,6.77亿,False,16.98亿,False,0.3800,False,False,False,False,40.17%,False,False,,,,,,False,False
601997,贵阳银行,2015-06-30,15.08亿,False,15.08亿,False,36.22亿,False,0.8400,False,False,False,False,41.58%,13.34%,False,,,,,,False,False
601997,贵阳银行,2015-09-30,24.51亿,False,24.52亿,False,56.05亿,False,1.3600,False,False,False,14.93,43.90%,20.84%,False,,,,,,False,False
601997,贵阳银行,2015-12-31,32.22亿,32.27%,32.08亿,32.41%,77.05亿,34.17%,1.7900,7.76,0.69,4.36,21.05,42.05%,26.37%,23.09%,,,,,,16.06,94.07%
601997,贵阳银行,2016-03-31,8.09亿,19.86%,8.07亿,19.18%,21.92亿,29.08%,0.4500,8.21,0.69,4.18,6.33,37.04%,5.63%,5.48%,,,,,,15.81,93.98%
601997,贵阳银行,2016-06-30,15.43亿,2.34%,15.43亿,2.27%,43.71亿,20.66%,0.8600,8.54,0.69,4.59,18.81,35.56%,10.53%,10.05%,,,,,,17.54,94.55%
601997,贵阳银行,2016-09-30,26.98亿,10.08%,26.97亿,9.99%,70.64亿,26.02%,1.4600,8.93,2.11,4.09,19.15,38.35%,17.24%,13.14%,,,,,,14.90,93.47%
601997,贵阳银行,2016-12-31,36.54亿,13.42%,36.27亿,13.08%,101.59亿,31.85%,1.8600,9.20,2.12,4.35,29.78,36.31%,21.67%,17.29%,,,,,,16.57,94.09%
601997,贵阳银行,2017-03-31,9.67亿,19.56%,9.63亿,19.29%,28.93亿,31.98%,0.4200,9.57,2.12,4.77,3.46,33.64%,4.48%,4.40%,,,,,,16.80,94.17%
601997,贵阳银行,2017-06-30,19.02亿,23.26%,19.03亿,23.35%,56.80亿,29.99%,0.8300,9.69,2.12,4.18,7.15,33.58%,8.69%,8.54%,,,,,,17.56,94.41%
601997,贵阳银行,2017-09-30,31.87亿,18.13%,31.63亿,17.28%,89.75亿,27.07%,1.3900,10.25,2.12,4.74,2.35,35.89%,14.24%,13.53%,,,,,,17.34,94.35%
601997,贵阳银行,2017-12-31,45.31亿,23.98%,44.62亿,23.02%,124.77亿,22.82%,1.9700,10.75,2.12,5.13,9.02,36.77%,19.76%,18.33%,,,,,,17.74,94.48%
601997,贵阳银行,2018-03-31,11.60亿,19.95%,11.60亿,20.45%,32.32亿,11.72%,0.5100,11.32,2.12,5.63,-9.91,36.34%,4.57%,4.46%,,,,,,16.65,94.14%
601997,贵阳银行,2018-06-30,22.78亿,19.79%,22.74亿,19.48%,60.42亿,6.36%,0.7100,11.87,2.12,5.69,-10.55,38.29%,8.76%,8.35%,,,,,,16.46,94.08%
601997,贵阳银行,2018-09-30,37.34亿,17.14%,37.28亿,17.86%,91.25亿,1.66%,1.1600,12.22,2.12,5.95,-16.75,41.60%,14.12%,13.29%,,,,,,16.48,94.09%
601997,贵阳银行,2018-12-31,51.37亿,13.39%,50.89亿,14.04%,126.45亿,1.35%,1.6000,12.98,2.12,6.34,-16.52,41.35%,18.88%,17.22%,,,,,,13.42,92.88%
601997,贵阳银行,2019-03-31,13.04亿,12.40%,13.01亿,12.19%,35.32亿,9.27%,0.4100,13.27,2.12,6.66,0.49,37.64%,4.37%,3.67%,,,,,,13.81,93.08%
601997,贵阳银行,2019-06-30,26.53亿,16.44%,26.45亿,16.31%,67.64亿,11.96%,0.8200,9.66,1.23,4.74,4.09,40.44%,8.66%,8.54%,,,,,,14.17,93.23%
601997,贵阳银行,2019-09-30,43.06亿,15.34%,42.91亿,15.08%,108.20亿,18.58%,1.3400,10.18,1.23,5.23,2.29,40.87%,13.81%,11.41%,,,,,,13.61,92.95%
601997,贵阳银行,2019-12-31,58.00亿,12.91%,57.78亿,13.55%,146.68亿,16.00%,1.7200,10.58,1.23,5.44,2.16,40.89%,17.41%,16.26%,,,,,,13.33,92.80%
601997,贵阳银行,2020-03-31,15.06亿,15.49%,15.07亿,15.84%,41.48亿,17.44%,0.4700,11.09,1.23,5.91,-1.65,37.79%,4.32%,3.70%,,,,,,12.85,92.56%
601997,贵阳银行,2020-06-30,28.30亿,6.68%,28.09亿,6.22%,80.27亿,18.67%,0.8800,11.04,1.23,5.89,-3.07,36.64%,8.06%,7.97%,,,,,,13.08,92.67%
601997,贵阳银行,2020-09-30,42.65亿,-0.96%,42.49亿,-0.98%,117.05亿,8.18%,1.3300,11.36,1.23,6.33,1.43,37.60%,12.07%,10.27%,,,,,,12.84,92.54%
601997,贵阳银行,2020-12-31,59.22亿,2.10%,59.12亿,2.31%,160.81亿,9.64%,1.7600,11.79,1.23,6.60,4.05,38.20%,15.75%,14.91%,,,,,,12.72,92.47%
601997,贵阳银行,2021-03-31,15.72亿,4.39%,15.71亿,4.24%,35.38亿,-14.70%,0.4900,12.26,1.23,7.08,-0.40,46.07%,4.06%,3.54%,,,,,,12.43,92.31%
601997,贵阳银行,2021-06-30,29.22亿,3.23%,29.20亿,3.94%,72.74亿,-9.43%,0.8700,13.19,2.19,6.18,-5.42,41.42%,7.16%,6.58%,,,,,,11.06,91.46%
601997,贵阳银行,2021-09-30,43.51亿,2.01%,43.48亿,2.35%,109.22亿,-6.69%,1.2600,12.57,2.19,6.57,-1.19,40.79%,10.29%,8.54%,,,,,,10.69,91.20%
601997,贵阳银行,2021-12-31,60.45亿,2.07%,59.94亿,1.38%,150.04亿,-6.70%,1.6500,12.95,2.19,6.80,-4.02,41.69%,13.34%,12.21%,,,,,,10.60,91.12%
601997,贵阳银行,2022-03-31,15.90亿,1.18%,15.86亿,0.95%,36.26亿,2.48%,0.4300,13.38,2.19,7.23,-2.11,45.17%,3.30%,2.95%,,,,,,10.53,91.05%
601997,贵阳银行,2022-06-30,29.37亿,0.52%,29.13亿,-0.23%,79.63亿,9.47%,0.8000,13.46,2.19,7.19,-1.53,37.79%,6.04%,5.97%,,,,,,10.58,91.09%
601997,贵阳银行,2022-09-30,43.89亿,0.88%,43.74亿,0.58%,120.68亿,10.50%,1.2000,13.83,2.19,7.58,-1.06,37.06%,8.95%,7.90%,,,,,,10.48,91.01%
601997,贵阳银行,2022-12-31,61.07亿,1.02%,60.35亿,0.69%,156.43亿,4.26%,1.6000,14.13,2.19,7.82,-1.24,39.93%,11.82%,11.30%,,,,,,10.36,90.92%
601997,贵阳银行,2023-03-31,16.07亿,1.07%,15.83亿,-0.23%,37.39亿,3.12%,0.4400,14.60,2.19,8.26,3.31,43.53%,3.06%,2.75%,,,,,,10.35,90.91%
601997,贵阳银行,2023-06-30,28.70亿,-2.29%,27.96亿,-4.04%,77.15亿,-3.12%,0.7800,14.70,2.19,8.21,-1.40,37.86%,5.41%,5.34%,,,,,,10.37,90.94%
601997,贵阳银行,2023-09-30,42.60亿,-2.93%,41.85亿,-4.31%,114.43亿,-5.18%,1.1700,15.05,2.19,8.60,-3.90,38.03%,7.98%,7.10%,,,,,,10.14,90.75%
601997,贵阳银行,2023-12-31,55.62亿,-8.92%,54.53亿,-9.65%,150.96亿,-3.50%,1.4500,15.46,2.19,8.73,-0.16,37.32%,9.81%,9.37%,,,,,,10.15,90.77%
601997,贵阳银行,2024-03-31,15.48亿,-3.65%,15.21亿,-3.88%,36.45亿,-2.51%,0.4200,15.98,2.19,9.15,5.21,42.91%,2.69%,2.44%,,,,,,10.38,90.96%
601997,贵阳银行,2024-06-30,26.66亿,-7.08%,26.37亿,-5.67%,74.06亿,-4.00%,0.7300,16.04,2.19,9.05,2.18,36.62%,4.60%,4.55%,,,,,,10.19,90.80%
601997,贵阳银行,2024-09-30,39.70亿,-6.81%,39.40亿,-5.85%,109.37亿,-4.42%,1.0900,16.40,2.19,9.41,3.10,37.06%,6.81%,6.11%,,,,,,10.05,90.68%
601997,贵阳银行,2024-12-31,51.64亿,-7.16%,50.80亿,-6.84%,149.31亿,-1.09%,1.3500,16.92,2.19,9.54,-0.72,35.59%,8.35%,7.98%,,,,,,9.52,90.22%
601997,贵阳银行,2025-03-31,14.43亿,-6.82%,14.38亿,-5.48%,30.29亿,-16.91%,0.3900,16.98,2.19,9.93,8.29,48.47%,2.33%,2.15%,,,,,,10.07,90.70%
601997,贵阳银行,2025-06-30,24.74亿,-7.20%,24.70亿,-6.33%,65.01亿,-12.22%,0.6800,17.05,2.19,9.90,5.22,38.90%,3.96%,3.97%,,,,,,9.98,90.62%
601997,贵阳银行,2025-09-30,39.15亿,-1.39%,39.06亿,-0.85%,94.35亿,-13.73%,1.0700,17.28,2.19,10.29,4.23,42.19%,6.26%,5.74%,,,,,,9.92,90.57%
601997,贵阳银行,2025-12-31,52.49亿,1.66%,52.74亿,3.82%,129.99亿,-12.94%,1.3700,17.59,2.19,10.46,2.59,41.08%,7.97%,7.81%,,,,,,9.69,90.37%
601997,贵阳银行,2026-03-31,14.77亿,2.37%,14.94亿,3.89%,34.71亿,14.60%,0.4000,18.05,2.19,10.86,3.81,43.23%,2.27%,2.08%,,,,,,9.77,90.45%
601998,中信银行,2002-12-31,14.16亿,False,False,False,97.48亿,False,False,False,0.0023,0.21,False,14.53%,False,False,,,0.74,0.74,0.0093,34.90,97.21%
601998,中信银行,2003-12-31,15.44亿,9.00%,False,False,114.51亿,17.47%,False,False,0.0011,0.11,False,13.48%,False,False,,,0.81,0.81,0.0082,23.92,95.99%
601998,中信银行,2004-12-31,24.50亿,58.70%,False,False,110.64亿,-3.38%,False,0.49,0.0004,-0.51,1.70,22.15%,False,28.12%,,,False,False,False,55.61,98.23%
601998,中信银行,2005-12-31,31.48亿,28.49%,False,False,135.40亿,22.38%,False,0.89,0.12,-0.23,-0.29,23.26%,False,13.27%,,,False,False,False,24.09,96.01%
601998,中信银行,2006-06-30,17.17亿,False,False,False,79.53亿,False,0.0600,False,False,False,False,21.59%,False,False,,,False,False,False,False,False
601998,中信银行,2006-12-31,37.26亿,18.36%,False,False,178.30亿,31.68%,0.1200,1.02,-0.0004,0.02,-0.24,20.90%,13.18%,11.71%,,,False,False,False,21.21,95.50%
601998,中信银行,2007-06-30,32.05亿,86.66%,31.88亿,False,118.79亿,49.37%,0.0900,2.33,0.94,0.08,0.98,26.98%,6.69%,4.06%,,,False,False,False,10.00,90.91%
601998,中信银行,2007-09-30,52.47亿,False,52.29亿,False,192.99亿,False,0.1500,2.08,0.94,0.13,1.59,27.19%,11.85%,8.63%,,,False,False,False,10.46,91.28%
601998,中信银行,2007-12-31,82.90亿,122.49%,85.75亿,False,278.38亿,56.13%,0.2300,2.16,0.94,0.10,0.76,29.78%,12.70%,9.85%,,,False,False,False,11.02,91.68%
601998,中信银行,2008-03-31,41.90亿,False,41.80亿,False,95.07亿,False,0.1100,2.20,0.94,0.15,0.34,44.07%,4.87%,4.87%,,,False,False,False,11.50,92.00%
601998,中信银行,2008-06-30,84.17亿,162.62%,83.67亿,162.45%,202.50亿,70.47%,0.2200,2.31,0.94,0.26,2.44,41.57%,9.54%,9.33%,,,False,False,False,11.39,91.93%
601998,中信银行,2008-09-30,124.51亿,137.30%,123.87亿,136.89%,309.78亿,60.52%,0.3200,2.42,0.94,0.36,1.23,40.19%,13.91%,13.19%,,,False,False,False,10.54,91.33%
601998,中信银行,2008-12-31,132.62亿,59.98%,131.87亿,53.78%,416.80亿,44.25%,0.4000,2.44,0.94,0.25,3.59,33.17%,14.84%,13.97%,,,False,False,False,11.46,91.97%
601998,中信银行,2009-03-31,33.50亿,-20.05%,32.15亿,-23.09%,88.53亿,-12.72%,0.0900,2.52,0.94,0.33,-1.89,38.91%,3.34%,3.29%,,,False,False,False,11.78,92.17%
601998,中信银行,2009-06-30,73.51亿,-12.66%,70.26亿,-16.03%,183.10亿,-15.54%,0.1900,2.54,0.94,0.34,-2.61,41.20%,7.13%,7.11%,,,False,False,False,13.15,92.93%
601998,中信银行,2009-09-30,116.48亿,-6.45%,113.50亿,-8.37%,289.16亿,-12.16%,0.3000,2.65,0.94,0.45,-2.06,41.87%,11.45%,11.02%,,,False,False,False,12.82,92.76%
601998,中信银行,2009-12-31,143.20亿,7.98%,139.11亿,5.49%,408.01亿,-2.11%,0.3700,2.63,0.80,0.45,-0.20,35.69%,12.71%,13.93%,,,False,False,False,16.23,93.97%
601998,中信银行,2010-03-31,43.12亿,28.72%,43.03亿,33.84%,121.82亿,37.60%,0.1100,2.75,0.81,0.56,-1.16,36.18%,4.10%,4.01%,,,False,False,False,15.26,93.62%
601998,中信银行,2010-06-30,106.85亿,45.35%,106.16亿,51.10%,255.05亿,39.30%,0.2700,2.82,0.80,0.64,0.30,42.50%,9.89%,9.72%,,,False,False,False,16.61,94.11%
601998,中信银行,2010-09-30,171.93亿,47.60%,170.97亿,50.63%,401.56亿,38.87%,0.4200,2.99,0.81,0.81,0.34,43.38%,15.53%,14.74%,,,False,False,False,15.66,93.79%
601998,中信银行,2010-12-31,215.09亿,50.20%,210.02亿,50.97%,557.65亿,36.68%,0.5300,3.08,0.79,0.78,0.96,39.06%,19.24%,17.90%,,,False,False,False,16.28,94.02%
601998,中信银行,2011-03-31,65.05亿,50.86%,64.79亿,50.57%,168.30亿,38.15%,0.1600,3.25,0.80,0.95,-1.39,39.15%,5.27%,5.13%,,,False,False,False,15.86,93.88%
601998,中信银行,2011-06-30,150.24亿,40.61%,147.71亿,39.14%,353.00亿,38.40%,0.3700,3.46,0.80,1.11,0.19,43.27%,11.77%,11.12%,,,False,False,False,15.58,93.78%
601998,中信银行,2011-09-30,242.26亿,40.91%,248.02亿,45.07%,554.56亿,38.10%,0.5700,3.62,1.04,1.12,-0.53,43.67%,17.61%,14.31%,,,False,False,False,12.39,92.37%
601998,中信银行,2011-12-31,308.19亿,43.28%,306.27亿,45.83%,769.48亿,37.99%,0.7100,3.73,1.06,1.08,6.41,40.08%,21.07%,17.66%,,,False,False,False,14.83,93.54%
601998,中信银行,2012-03-31,85.63亿,31.64%,85.51亿,31.98%,216.79亿,28.81%,0.1800,3.92,1.07,1.27,-2.71,40.01%,4.81%,4.67%,,,False,False,False,13.47,92.93%
601998,中信银行,2012-06-30,193.73亿,28.95%,192.72亿,30.47%,441.71亿,25.13%,0.4100,4.02,1.08,1.35,-1.61,44.34%,10.56%,10.31%,,,False,False,False,14.50,93.40%
601998,中信银行,2012-09-30,272.26亿,12.38%,271.38亿,9.42%,662.82亿,19.52%,0.5800,4.17,1.06,1.52,-2.31,41.56%,14.74%,13.97%,,,False,False,False,13.91,93.14%
601998,中信银行,2012-12-31,310.32亿,0.69%,308.73亿,0.80%,894.35亿,16.23%,0.6600,4.24,1.05,1.23,-1.18,35.09%,16.70%,15.64%,,,False,False,False,13.90,93.14%
601998,中信银行,2013-03-31,92.18亿,7.65%,91.56亿,7.08%,240.46亿,10.92%,0.2000,4.44,1.06,1.42,-1.38,38.81%,4.60%,4.43%,,,False,False,False,13.97,93.18%
601998,中信银行,2013-06-30,203.91亿,5.25%,202.49亿,5.07%,498.78亿,12.92%,0.4400,4.51,1.04,1.51,1.01,41.39%,9.79%,9.66%,,,False,False,False,15.26,93.72%
601998,中信银行,2013-09-30,308.60亿,13.35%,306.92亿,13.10%,765.72亿,15.52%,0.6600,4.70,1.01,1.74,-2.37,40.80%,14.40%,14.04%,,,False,False,False,14.45,93.39%
601998,中信银行,2013-12-31,391.75亿,26.24%,389.28亿,26.09%,1045.58亿,16.91%,0.8400,4.82,0.96,1.64,-2.91,37.99%,18.48%,17.36%,,,False,False,False,15.12,93.66%
601998,中信银行,2014-03-31,107.06亿,16.14%,106.88亿,16.73%,298.00亿,23.93%,0.2300,5.09,0.99,1.87,-0.28,36.68%,4.68%,4.50%,,,False,False,False,15.71,93.89%
601998,中信银行,2014-06-30,220.34亿,8.06%,219.97亿,8.63%,621.06亿,24.52%,0.4700,5.11,1.03,1.86,1.93,36.11%,9.32%,9.21%,,,False,False,False,16.99,94.28%
601998,中信银行,2014-09-30,322.80亿,4.60%,321.99亿,4.91%,925.68亿,20.89%,0.6900,5.35,1.04,2.08,0.13,35.49%,13.58%,12.91%,,,False,False,False,15.15,93.63%
601998,中信银行,2014-12-31,406.92亿,3.87%,404.99亿,4.04%,1247.16亿,19.28%,0.8700,5.55,1.05,2.04,0.73,33.24%,16.84%,15.67%,,,False,False,False,14.91,93.54%
601998,中信银行,2015-03-31,109.28亿,2.07%,109.36亿,2.32%,329.92亿,10.71%,0.2300,5.79,1.05,2.28,-0.67,33.64%,4.18%,4.04%,,,False,False,False,15.33,93.71%
601998,中信银行,2015-06-30,225.86亿,2.51%,224.42亿,2.02%,700.38亿,12.77%,0.4800,6.05,1.05,2.53,0.82,32.80%,8.32%,7.98%,,,False,False,False,15.09,93.62%
601998,中信银行,2015-09-30,329.26亿,2.00%,327.54亿,1.72%,1074.53亿,16.08%,0.7000,6.29,1.05,2.75,0.85,31.12%,11.92%,11.19%,,,False,False,False,14.81,93.64%
601998,中信银行,2015-12-31,411.58亿,1.15%,408.93亿,0.97%,1451.34亿,16.37%,0.8800,6.49,1.20,2.43,-0.43,28.76%,14.55%,12.95%,,,False,False,False,15.11,93.76%
601998,中信银行,2016-03-31,112.00亿,2.49%,111.50亿,1.96%,404.79亿,22.69%,0.2300,6.72,1.20,2.65,1.09,27.68%,3.49%,3.41%,,,False,False,False,15.66,93.97%
601998,中信银行,2016-06-30,236.00亿,4.49%,234.94亿,4.69%,782.05亿,11.66%,0.4800,6.74,1.20,2.70,1.01,30.28%,7.21%,7.15%,,,False,False,False,15.99,94.08%
601998,中信银行,2016-09-30,345.43亿,4.91%,344.11亿,5.06%,1153.36亿,7.34%,0.7100,6.99,1.20,2.92,-0.60,30.02%,10.43%,10.10%,,,False,False,False,15.18,93.73%
601998,中信银行,2016-12-31,416.29亿,1.14%,416.01亿,1.73%,1538.44亿,5.96%,0.8500,7.04,1.20,2.79,4.47,27.17%,12.58%,10.98%,,,False,False,False,14.63,93.52%
601998,中信银行,2017-03-31,113.89亿,1.69%,113.89亿,2.14%,377.82亿,-6.67%,0.2300,7.21,1.20,3.03,-3.24,30.16%,3.31%,2.94%,,,False,False,False,13.81,93.16%
601998,中信银行,2017-06-30,240.11亿,1.74%,238.54亿,1.53%,765.70亿,-2.08%,0.4900,7.20,1.20,3.07,-1.79,31.55%,6.88%,6.20%,,,False,False,False,13.57,93.05%
601998,中信银行,2017-09-30,347.38亿,0.56%,345.43亿,0.38%,1153.09亿,-0.03%,0.6800,7.38,1.20,3.26,-0.09,30.26%,9.49%,8.77%,,,False,False,False,12.97,92.75%
601998,中信银行,2017-12-31,425.66亿,2.25%,423.89亿,1.89%,1567.08亿,1.86%,0.8400,7.45,1.21,3.33,1.11,27.36%,11.67%,10.65%,,,False,False,False,13.18,92.74%
601998,中信银行,2018-03-31,121.66亿,6.82%,120.94亿,6.19%,396.38亿,4.91%,0.2500,7.60,1.21,3.39,-1.15,31.36%,3.38%,2.99%,,,False,False,False,12.80,92.54%
601998,中信银行,2018-06-30,257.21亿,7.12%,255.76亿,7.22%,810.52亿,5.85%,0.5300,7.68,1.21,3.40,0.25,32.29%,6.92%,6.26%,,,False,False,False,13.10,92.70%
601998,中信银行,2018-09-30,367.99亿,5.93%,366.25亿,6.03%,1213.84亿,5.27%,0.7200,7.95,1.21,3.60,3.62,30.87%,9.50%,8.68%,,,False,False,False,12.80,92.55%
601998,中信银行,2018-12-31,445.13亿,4.57%,443.77亿,4.69%,1648.54亿,5.20%,0.8800,8.21,1.21,3.67,2.09,27.53%,11.39%,10.19%,,,False,False,False,12.86,92.53%
601998,中信银行,2019-03-31,132.16亿,8.63%,132.57亿,9.62%,474.10亿,19.61%,0.2700,8.55,1.27,3.94,-0.17,28.27%,3.28%,2.92%,,,False,False,False,12.73,92.47%
601998,中信银行,2019-06-30,283.07亿,10.05%,282.90亿,10.61%,931.50亿,14.93%,0.5800,8.62,1.21,4.02,0.17,30.96%,6.81%,6.19%,,,False,False,False,12.97,92.62%
601998,中信银行,2019-09-30,407.52亿,10.74%,407.21亿,11.18%,1423.87亿,17.30%,0.8100,8.91,1.21,4.25,0.83,29.18%,9.41%,8.66%,,,False,False,False,12.69,92.48%
601998,中信银行,2019-12-31,480.15亿,7.87%,479.46亿,8.04%,1875.84亿,13.79%,0.9500,9.04,1.21,4.16,2.39,26.12%,11.07%,9.28%,,,False,False,False,12.02,92.11%
601998,中信银行,2020-03-31,144.53亿,9.36%,144.11亿,8.70%,515.09亿,8.65%,0.3000,9.44,1.21,4.45,-1.49,28.27%,3.22%,2.69%,,,False,False,False,12.07,92.15%
601998,中信银行,2020-06-30,255.41亿,-9.77%,255.60亿,-9.65%,1020.13亿,9.51%,0.5200,9.32,1.21,4.44,1.37,25.45%,5.64%,4.81%,,,False,False,False,12.31,92.28%
601998,中信银行,2020-09-30,369.18亿,-9.41%,368.82亿,-9.43%,1491.74亿,4.77%,0.7300,9.38,1.21,4.65,1.03,25.05%,7.90%,6.91%,,,False,False,False,12.68,92.50%
601998,中信银行,2020-12-31,489.80亿,2.01%,488.18亿,1.82%,1947.31亿,3.81%,0.9400,9.60,1.21,4.57,3.21,25.44%,10.11%,8.99%,,,False,False,False,12.76,92.54%
601998,中信银行,2021-03-31,156.41亿,8.22%,155.90亿,8.18%,519.14亿,0.79%,0.3200,9.91,1.21,4.89,-0.64,30.50%,3.32%,2.79%,,,False,False,False,12.87,92.61%
601998,中信银行,2021-06-30,290.31亿,13.66%,289.65亿,13.32%,1055.92亿,3.51%,0.5900,9.93,1.21,4.91,-3.85,27.92%,6.00%,4.83%,,,False,False,False,11.99,92.11%
601998,中信银行,2021-09-30,417.56亿,13.10%,416.41亿,12.90%,1551.98亿,4.04%,0.8300,10.19,1.21,5.14,-0.46,27.29%,8.33%,6.80%,,,False,False,False,11.83,91.97%
601998,中信银行,2021-12-31,556.41亿,13.60%,555.11亿,13.71%,2045.57亿,5.05%,1.0800,10.45,1.21,5.19,-1.54,27.56%,10.73%,8.88%,,,False,False,False,11.82,92.01%
601998,中信银行,2022-03-31,173.50亿,10.93%,173.10亿,11.03%,540.30亿,4.08%,0.3500,10.74,1.21,5.54,0.61,32.46%,3.39%,2.71%,,,False,False,False,11.83,92.02%
601998,中信银行,2022-06-30,325.24亿,12.03%,324.74亿,12.11%,1083.94亿,2.65%,0.6300,10.75,1.21,5.51,0.74,30.38%,5.86%,5.07%,,,False,False,False,11.88,92.01%
601998,中信银行,2022-09-30,471.03亿,12.81%,470.30亿,12.94%,1604.26亿,3.37%,0.9000,11.09,1.21,5.78,0.10,29.75%,8.33%,7.16%,,,False,False,False,12.08,92.13%
601998,中信银行,2022-12-31,621.03亿,11.61%,618.50亿,11.42%,2113.92亿,3.34%,1.1700,11.25,1.21,5.83,3.99,29.78%,10.80%,9.33%,,,False,False,False,11.81,91.98%
601998,中信银行,2023-03-31,191.44亿,10.34%,190.27亿,9.92%,513.63亿,-4.94%,0.3900,11.65,1.21,6.22,-0.26,37.86%,3.47%,2.79%,,,False,False,False,11.79,91.97%
601998,中信银行,2023-06-30,360.67亿,10.89%,359.04亿,10.56%,1061.74亿,-2.05%,0.7000,11.75,1.21,6.20,-2.51,34.57%,6.02%,5.22%,,,False,False,False,11.77,91.95%
601998,中信银行,2023-09-30,514.33亿,9.19%,511.21亿,8.70%,1562.28亿,-2.62%,0.9900,12.00,1.21,6.48,-0.09,33.45%,8.48%,7.32%,,,False,False,False,11.67,91.89%
601998,中信银行,2023-12-31,670.16亿,7.91%,665.24亿,7.56%,2058.96亿,-2.60%,1.2700,12.30,1.21,6.55,-0.02,33.06%,10.80%,9.34%,,,False,False,False,11.60,91.88%
601998,中信银行,2024-03-31,191.91亿,0.25%,191.04亿,0.40%,537.70亿,4.69%,0.3900,12.24,1.57,6.38,-6.25,36.06%,3.14%,2.50%,,,False,False,False,10.80,91.35%
601998,中信银行,2024-06-30,354.90亿,-1.60%,352.83亿,-1.73%,1090.19亿,2.68%,0.6600,12.22,1.58,6.30,-6.40,32.90%,5.31%,4.45%,,,False,False,False,10.39,91.04%
601998,中信银行,2024-09-30,518.26亿,0.76%,515.71亿,0.88%,1622.10亿,3.83%,0.9400,12.47,1.58,6.57,-4.16,32.38%,7.61%,6.38%,,,False,False,False,10.38,91.04%
601998,中信银行,2024-12-31,685.76亿,2.33%,680.62亿,2.31%,2136.46亿,3.76%,1.2200,12.58,1.64,6.32,-3.33,32.52%,9.79%,8.69%,,,False,False,False,11.06,91.53%
601998,中信银行,2025-03-31,195.09亿,1.66%,193.36亿,1.21%,519.31亿,-3.72%,0.3600,12.64,1.72,6.53,0.68,38.21%,2.86%,2.41%,,,False,False,False,11.17,91.61%
601998,中信银行,2025-06-30,364.78亿,2.78%,363.35亿,2.98%,1057.62亿,-2.99%,0.6200,12.75,1.72,6.62,0.51,35.05%,4.85%,4.48%,,,False,False,False,11.08,91.55%
601998,中信银行,2025-09-30,533.91亿,3.02%,529.56亿,2.69%,1565.98亿,-3.46%,0.8900,12.91,1.72,6.89,3.78,34.65%,7.05%,6.48%,,,False,False,False,11.00,91.49%
601998,中信银行,2025-12-31,706.18亿,2.98%,698.19亿,2.58%,2124.75亿,-0.55%,1.2000,13.01,1.72,6.74,7.96,33.65%,9.39%,8.52%,,,False,False,False,11.20,91.63%
601998,中信银行,2026-03-31,200.98亿,3.02%,200.17亿,3.52%,546.49亿,5.23%,0.3600,13.35,1.72,7.10,3.38,37.49%,2.78%,2.37%,,,False,False,False,11.06,91.54%
603323,苏农银行,1999-12-31,False,False,False,False,False,False,False,False,0.10,-0.02,False,False,False,False,False,False,1.34,1.34,False,26.96,96.42%
603323,苏农银行,2000-12-31,False,False,False,False,False,False,False,False,0.10,False,False,False,False,False,False,False,1.28,1.28,False,32.92,97.05%
603323,苏农银行,2004-12-31,1.58亿,False,False,False,5.36亿,False,False,False,False,False,False,29.48%,False,False,0.06,0.06,1.55,1.55,0.03,17.19,94.50%
603323,苏农银行,2005-12-31,2.60亿,64.74%,False,False,7.05亿,24.28%,False,False,False,0.27,False,29.69%,False,False,0.87,0.87,1.58,1.58,0.02,18.33,94.83%
603323,苏农银行,2006-12-31,2.06亿,-20.93%,False,False,6.97亿,30.26%,0.4800,False,-0.0028,1.36,False,23.04%,False,False,False,False,0.92,0.89,0.09,17.67,94.65%
603323,苏农银行,2007-12-31,3.35亿,62.66%,False,False,8.98亿,28.88%,0.6000,False,0.0001,0.65,False,37.26%,False,False,False,False,False,False,False,14.89,93.68%
603323,苏农银行,2008-12-31,3.69亿,10.39%,False,False,10.17亿,13.30%,0.6600,False,0.0001,0.68,False,36.33%,False,False,False,False,False,False,False,14.67,93.60%
603323,苏农银行,2009-12-31,3.65亿,-1.08%,False,False,9.90亿,-2.71%,0.4700,False,-0.0019,0.76,False,36.97%,False,False,False,False,False,False,False,15.43,93.74%
603323,苏农银行,2010-12-31,5.42亿,48.39%,False,False,12.19亿,23.15%,0.6900,False,1.34,0.83,False,44.64%,False,False,False,False,False,False,False,10.17,90.91%
603323,苏农银行,2011-12-31,7.62亿,40.41%,7.54亿,False,17.10亿,40.33%,0.7600,4.25,1.00,0.79,4.47,44.89%,19.55%,17.86%,False,False,False,False,False,11.65,91.97%
603323,苏农银行,2012-12-31,8.64亿,13.42%,8.15亿,8.13%,21.06亿,23.11%,0.8600,4.73,1.00,0.86,2.42,41.37%,19.65%,18.22%,False,False,False,False,False,11.04,91.57%
603323,苏农银行,2013-12-31,9.65亿,11.67%,9.45亿,15.89%,22.84亿,8.45%,0.9600,5.42,1.00,1.10,0.04,42.60%,19.01%,17.75%,False,False,False,False,False,10.48,91.16%
603323,苏农银行,2014-12-31,7.68亿,-20.40%,7.56亿,-20.01%,24.30亿,6.40%,0.7700,6.00,1.00,0.96,-3.46,31.97%,13.68%,12.77%,False,False,False,False,False,9.29,90.14%
603323,苏农银行,2015-06-30,3.83亿,False,3.83亿,False,11.96亿,False,0.3800,6.27,1.00,0.79,3.86,32.45%,6.25%,6.09%,False,False,False,False,False,9.59,90.43%
603323,苏农银行,2015-09-30,5.35亿,False,5.34亿,False,17.83亿,False,0.5300,False,False,False,2.48,30.56%,8.47%,False,False,False,False,False,False,False,False
603323,苏农银行,2015-12-31,6.04亿,-21.27%,6.03亿,-20.19%,23.68亿,-2.53%,0.6000,6.55,1.00,0.95,5.46,25.82%,9.74%,9.21%,False,False,False,False,False,9.87,90.68%
603323,苏农银行,2016-03-31,1.55亿,False,1.57亿,False,5.50亿,False,0.1500,False,False,False,1.30,29.31%,2.33%,False,False,False,False,False,False,False,False
603323,苏农银行,2016-06-30,3.92亿,2.29%,3.92亿,2.38%,11.45亿,-4.20%,0.3000,6.83,1.00,0.74,3.26,34.61%,5.84%,5.72%,False,False,False,False,False,10.37,91.09%
603323,苏农银行,2016-09-30,5.63亿,5.06%,5.61亿,5.14%,17.35亿,-2.66%,0.4300,7.02,1.00,0.91,1.86,33.00%,8.14%,8.00%,False,False,False,False,False,10.06,90.83%
603323,苏农银行,2016-12-31,6.50亿,7.58%,6.43亿,6.70%,23.06亿,-2.64%,0.4900,6.98,1.44,0.84,2.28,28.58%,9.48%,8.36%,False,False,False,False,False,9.45,90.31%
603323,苏农银行,2017-03-31,1.70亿,9.82%,1.69亿,7.92%,6.22亿,13.14%,0.1200,7.12,1.44,0.99,0.20,28.01%,2.17%,2.15%,False,False,False,False,False,9.40,90.27%
603323,苏农银行,2017-06-30,4.38亿,11.80%,4.36亿,11.28%,13.64亿,19.10%,0.3000,7.29,1.45,0.90,0.72,32.31%,5.48%,5.39%,False,False,False,False,False,9.41,90.28%
603323,苏农银行,2017-09-30,6.19亿,9.95%,6.16亿,9.70%,20.54亿,18.35%,0.4400,5.73,0.88,0.82,-0.33,30.43%,7.82%,7.46%,False,False,False,False,False,9.53,90.39%
603323,苏农银行,2017-12-31,7.31亿,12.43%,7.28亿,13.20%,27.26亿,18.22%,0.5000,5.78,0.88,0.85,-0.54,27.11%,9.06%,8.74%,False,False,False,False,False,10.37,91.11%
603323,苏农银行,2018-03-31,1.95亿,14.63%,1.94亿,14.84%,6.98亿,12.25%,0.1300,5.92,0.88,0.98,-2.38,28.38%,2.30%,2.28%,False,False,False,False,False,10.87,91.48%
603323,苏农银行,2018-06-30,5.05亿,15.41%,5.06亿,16.00%,15.19亿,11.38%,0.3200,6.02,0.88,0.78,-0.37,33.51%,5.85%,5.80%,False,False,False,False,False,10.95,91.54%
603323,苏农银行,2018-09-30,7.19亿,16.25%,7.19亿,16.71%,22.91亿,11.54%,0.4500,6.16,0.88,0.93,-0.50,31.64%,8.25%,7.80%,False,False,False,False,False,10.97,91.56%
603323,苏农银行,2018-12-31,8.02亿,9.72%,8.05亿,10.48%,31.50亿,15.54%,0.5000,6.30,0.88,0.93,1.83,25.72%,9.08%,8.52%,False,False,False,False,False,11.40,91.85%
603323,苏农银行,2019-03-31,2.19亿,12.01%,2.18亿,11.97%,8.74亿,25.17%,0.1200,6.73,1.40,0.96,-1.27,25.18%,2.25%,1.95%,False,False,False,False,False,9.70,90.57%
603323,苏农银行,2019-06-30,5.80亿,14.79%,5.77亿,14.05%,17.44亿,14.78%,0.3300,6.12,1.27,0.53,0.67,33.34%,5.56%,5.26%,False,False,False,False,False,9.98,90.81%
603323,苏农银行,2019-09-30,8.28亿,15.11%,8.17亿,13.70%,26.09亿,13.90%,0.4700,6.22,1.27,0.67,-0.26,31.82%,8.26%,7.29%,False,False,False,False,False,10.10,90.91%
603323,苏农银行,2019-12-31,9.13亿,13.84%,9.03亿,12.25%,35.21亿,11.79%,0.5100,6.38,1.27,0.67,2.10,25.99%,8.44%,7.93%,False,False,False,False,False,9.93,90.77%
603323,苏农银行,2020-03-31,2.43亿,10.96%,2.45亿,12.46%,9.27亿,6.04%,0.1300,6.58,1.27,0.80,3.00,26.30%,2.08%,2.04%,False,False,False,False,False,10.11,90.92%
603323,苏农银行,2020-06-30,5.93亿,2.23%,5.86亿,1.55%,19.24亿,10.36%,0.3300,6.49,1.27,0.56,3.32,30.67%,5.03%,5.07%,False,False,False,False,False,10.34,91.11%
603323,苏农银行,2020-09-30,8.83亿,6.72%,8.70亿,6.45%,28.02亿,7.40%,0.4900,6.66,1.27,0.72,5.05,31.58%,7.35%,7.36%,False,False,False,False,False,10.13,90.94%
603323,苏农银行,2020-12-31,9.51亿,4.19%,9.26亿,2.54%,37.53亿,6.59%,0.5300,6.67,1.27,0.71,4.08,25.55%,8.07%,7.92%,False,False,False,False,False,10.59,91.29%
603323,苏农银行,2021-03-31,2.54亿,4.78%,2.54亿,3.85%,9.19亿,-0.82%,0.1400,6.86,1.27,0.85,0.31,27.86%,2.08%,2.06%,False,False,False,False,False,10.54,91.26%
603323,苏农银行,2021-06-30,6.95亿,17.19%,6.80亿,15.98%,19.60亿,1.84%,0.3900,6.84,1.27,0.61,-2.00,35.51%,5.66%,5.57%,False,False,False,False,False,11.07,91.64%
603323,苏农银行,2021-09-30,10.38亿,17.51%,10.16亿,16.79%,28.62亿,2.15%,0.5800,7.23,1.27,0.80,-1.85,36.52%,8.00%,7.96%,False,False,False,False,False,10.76,91.42%
603323,苏农银行,2021-12-31,11.60亿,21.96%,11.27亿,21.68%,38.34亿,2.17%,0.6400,7.29,1.27,0.80,-0.99,30.29%,9.31%,8.83%,False,False,False,False,False,11.06,91.64%
603323,苏农银行,2022-03-31,3.08亿,21.36%,3.05亿,20.13%,9.78亿,6.35%,0.1700,7.50,1.27,0.97,0.44,31.81%,2.28%,2.28%,False,False,False,False,False,11.12,91.68%
603323,苏农银行,2022-06-30,8.40亿,20.89%,8.19亿,20.42%,20.85亿,6.37%,0.4700,7.59,1.27,0.72,1.73,40.48%,6.19%,6.14%,False,False,False,False,False,11.44,91.89%
603323,苏农银行,2022-09-30,12.52亿,20.65%,12.13亿,19.46%,30.54亿,6.72%,0.6900,7.98,1.27,0.95,1.37,41.13%,8.63%,8.70%,False,False,False,False,False,11.23,91.76%
603323,苏农银行,2022-12-31,15.02亿,29.42%,14.22亿,26.19%,40.37亿,5.30%,0.8300,7.88,1.27,1.01,3.55,37.37%,10.92%,10.58%,False,False,False,False,False,11.69,92.05%
603323,苏农银行,2023-03-31,3.58亿,15.96%,3.40亿,11.48%,9.91亿,1.38%,0.2000,8.15,1.27,1.20,4.24,36.20%,2.34%,2.43%,False,False,False,False,False,11.95,92.22%
603323,苏农银行,2023-06-30,9.68亿,15.29%,9.27亿,13.26%,20.96亿,0.53%,0.5400,8.38,1.27,0.89,4.48,46.48%,6.59%,6.41%,False,False,False,False,False,12.18,92.35%
603323,苏农银行,2023-09-30,14.50亿,15.81%,13.75亿,13.32%,30.70亿,0.52%,0.8000,8.47,1.27,1.16,2.89,47.39%,9.29%,9.40%,False,False,False,False,False,12.03,92.27%
603323,苏农银行,2023-12-31,17.43亿,16.04%,16.58亿,16.60%,40.46亿,0.21%,0.9700,8.75,1.28,1.23,3.27,43.14%,11.67%,11.04%,False,False,False,False,False,11.83,92.20%
603323,苏农银行,2024-03-31,4.14亿,15.83%,4.15亿,22.07%,10.96亿,10.56%,0.2300,8.94,1.28,1.46,-1.33,37.59%,2.59%,2.57%,False,False,False,False,False,12.13,92.38%
603323,苏农银行,2024-06-30,11.20亿,15.64%,11.13亿,20.04%,22.76亿,8.59%,0.5500,9.17,1.32,1.08,1.00,49.23%,6.85%,6.70%,False,False,False,False,False,12.02,92.31%
603323,苏农银行,2024-09-30,16.27亿,12.18%,16.04亿,16.63%,32.18亿,4.82%,0.9000,9.33,1.42,1.35,-0.09,50.52%,9.68%,9.50%,False,False,False,False,False,11.27,91.84%
603323,苏农银行,2024-12-31,19.45亿,11.62%,18.86亿,13.71%,41.74亿,3.17%,0.9700,9.83,1.42,1.42,1.70,46.61%,11.67%,10.78%,False,False,False,False,False,10.86,91.56%
603323,苏农银行,2025-03-31,4.40亿,6.19%,4.37亿,5.12%,11.32亿,3.29%,0.2400,10.01,1.42,1.66,0.86,38.86%,2.39%,2.40%,False,False,False,False,False,11.08,91.72%
603323,苏农银行,2025-06-30,11.78亿,5.23%,11.74亿,5.41%,22.80亿,0.21%,0.5800,9.19,1.20,1.43,1.29,51.67%,6.32%,6.35%,False,False,False,False,False,11.03,91.68%
603323,苏农银行,2025-09-30,17.08亿,5.01%,16.95亿,5.72%,32.21亿,0.08%,0.8500,9.26,1.20,1.60,3.50,53.03%,9.02%,9.14%,False,False,False,False,False,11.13,91.75%
603323,苏农银行,2025-12-31,20.43亿,5.05%,20.29亿,7.58%,42.13亿,0.92%,1.0100,9.35,1.20,1.67,3.68,48.51%,10.84%,10.82%,False,False,False,False,False,11.23,91.82%
603323,苏农银行,2026-03-31,4.62亿,5.05%,4.61亿,5.62%,11.46亿,1.22%,0.2300,9.59,1.20,1.90,-2.65,40.32%,2.41%,2.39%,False,False,False,False,False,11.38,91.92%
